date,ticker,open,high,low,close,volume,daily_return,log_return,year,month,quarter,day_of_week
2022-01-04,AAPL,179.25,177.87,173.3,175.52,131801448,-0.01708013664109298,-0.017227684682113064,2022,1,1,Tuesday
2022-01-05,AAPL,174.48,178.64,177.12,177.86,87929868,0.013331814038286316,0.013243727444573966,2022,1,1,Wednesday
2022-01-06,AAPL,177.03,182.91,177.53,180.81,94716101,0.016586078938490845,0.016450032191568327,2022,1,1,Thursday
2022-01-07,AAPL,180.95,178.37,171.52,174.98,80421994,-0.032243791825673385,-0.032775074484943975,2022,1,1,Friday
2022-01-10,AAPL,175.85,172.77,169.73,171.23,58797956,-0.021431020688078672,-0.021663999677238737,2022,1,1,Monday
2022-01-11,AAPL,172.31,174.46,170.17,171.68,69060651,0.0026280441511419284,0.002624596881508748,2022,1,1,Tuesday
2022-01-12,AAPL,171.09,171.77,170.03,170.83,55615042,-0.0049510717614165145,-0.00496336892342202,2022,1,1,Wednesday
2022-01-13,AAPL,171.65,171.82,170.33,170.86,54511606,0.0001756131826962104,0.00017559776450630724,2022,1,1,Thursday
2022-01-14,AAPL,170.18,170.97,166.06,168.48,90247086,-0.013929532950954115,-0.014027459337807338,2022,1,1,Friday
2022-01-17,AAPL,170.05,172.17,169.19,171.09,57115369,0.015491452991453158,0.01537268545089197,2022,1,1,Monday
2022-01-18,AAPL,170.1,175.26,172.05,173.45,88048943,0.01379390963820204,0.013699639579201466,2022,1,1,Tuesday
2022-01-19,AAPL,174.62,177.28,170.62,173.72,54134939,0.0015566445661574502,0.001555434250862465,2022,1,1,Wednesday
2022-01-20,AAPL,173.14,177.81,176.64,177.16,87439011,0.01980198019801982,0.019608471388376337,2022,1,1,Thursday
2022-01-21,AAPL,178.98,180.66,176.39,178.66,69090819,0.008466922555881773,0.008431279218695662,2022,1,1,Friday
2022-01-24,AAPL,179.2,177.35,174.62,176.15,121998810,-0.014049031680286483,-0.014148653486446285,2022,1,1,Monday
2022-01-25,AAPL,175.23,179.53,174.91,177.33,88159026,0.0066988362191313655,0.006676498717141113,2022,1,1,Tuesday
2022-01-26,AAPL,176.86,176.14,173.75,174.54,115903911,-0.01573337844696343,-0.015858461769222693,2022,1,1,Wednesday
2022-01-27,AAPL,175.24,179.85,174.95,177.25,63773173,0.015526526870631496,0.015407223677071735,2022,1,1,Thursday
2022-01-28,AAPL,178.2,178.99,174.39,177.18,81358851,-0.00039492242595196014,-0.0003950004283504937,2022,1,1,Friday
2022-01-31,AAPL,177.12,178.79,175.38,176.7,59602676,-0.0027091093802913413,-0.002712785658235701,2022,1,1,Monday
2022-02-01,AAPL,176.75,176.49,173.06,174.75,70664622,-0.011035653650254607,-0.011096998211731013,2022,2,1,Tuesday
2022-02-02,AAPL,175.43,179.96,176.81,178.5,73950456,0.02145922746781115,0.021232220105774118,2022,2,1,Wednesday
2022-02-03,AAPL,178.62,180.27,175.98,178.11,64345639,-0.0021848739495797798,-0.0021872642689999733,2022,2,1,Thursday
2022-02-04,AAPL,176.94,180.34,174.25,176.9,55555125,-0.006793554544944125,-0.006816735784954139,2022,2,1,Friday
2022-02-07,AAPL,176.17,177.79,172.28,175.92,52351020,-0.005539853024307595,-0.005555254919233925,2022,2,1,Monday
2022-02-08,AAPL,176.13,178.91,175.55,177.6,39650446,0.009549795361528002,0.00950448431156398,2022,2,1,Tuesday
2022-02-09,AAPL,178.7,180.75,176.25,178.79,58272057,0.006700450450450424,0.006678102205659011,2022,2,1,Wednesday
2022-02-10,AAPL,180.26,181.12,179.14,180.13,96570644,0.007494826332568927,0.007466879671738307,2022,2,1,Thursday
2022-02-11,AAPL,180.85,183.29,179.45,181.54,49524974,0.007827680008882565,0.0077972026630142325,2022,2,1,Friday
2022-02-14,AAPL,181.8,190.24,186.21,188.36,53068831,0.03756747824170992,0.036879010276872744,2022,2,1,Monday
2022-02-15,AAPL,189.08,189.26,185.66,187.14,136906225,-0.00647695901465295,-0.0064980255275870966,2022,2,1,Tuesday
2022-02-16,AAPL,186.51,186.51,184.73,185.6,66093989,-0.008229133269210154,-0.00826317949566663,2022,2,1,Wednesday
2022-02-17,AAPL,185.46,185.28,179.29,183.14,88088363,-0.013254310344827602,-0.013342932672514133,2022,2,1,Thursday
2022-02-18,AAPL,182.37,186.45,183.18,185.15,97001047,0.010975210221688458,0.010915419680035742,2022,2,1,Friday
2022-02-21,AAPL,183.97,191.09,185.45,188.82,97590921,0.019821766135565744,0.019627872944748794,2022,2,1,Monday
2022-02-22,AAPL,189.14,189.68,187.46,188.54,50669916,-0.0014828937612541004,-0.0014839943363662204,2022,2,1,Tuesday
2022-02-23,AAPL,188.72,189.91,182.79,185.95,74642401,-0.013737138007849814,-0.013832365596925246,2022,2,1,Wednesday
2022-02-24,AAPL,186.6,184.78,182.26,183.44,49232720,-0.013498252218338225,-0.01359018182143001,2022,2,1,Thursday
2022-02-25,AAPL,183.95,187.02,184.7,185.57,166654364,0.011611426079372045,0.011544530806598518,2022,2,1,Friday
2022-02-28,AAPL,185.8,191.98,185.76,188.01,49578836,0.013148677049092061,0.013062983548446398,2022,2,1,Monday
2022-03-01,AAPL,188.55,192.65,186.76,189.84,58420950,0.009733524812510108,0.009686459222814458,2022,3,1,Tuesday
2022-03-02,AAPL,189.8,189.0,186.94,187.79,58547967,-0.010798567214496457,-0.010857294907393199,2022,3,1,Wednesday
2022-03-03,AAPL,188.19,191.21,186.02,188.62,51061382,0.004419830661909652,0.004410091895623862,2022,3,1,Thursday
2022-03-04,AAPL,187.92,191.13,187.28,189.08,120037573,0.0024387657724525003,0.002435796809296806,2022,3,1,Friday
2022-03-07,AAPL,189.44,193.34,187.64,189.87,165465217,0.004178125661095766,0.004169421530288001,2022,3,1,Monday
2022-03-08,AAPL,190.52,194.9,190.67,192.79,69359415,0.015378943487649455,0.015261886156053794,2022,3,1,Tuesday
2022-03-09,AAPL,192.13,195.04,192.19,193.61,53833701,0.004253332641734664,0.004244312789696576,2022,3,1,Wednesday
2022-03-10,AAPL,193.66,198.57,192.4,195.95,40892594,0.012086152574763531,0.012013698244566395,2022,3,1,Thursday
2022-03-11,AAPL,195.33,198.29,193.12,196.26,74350769,0.0015820362337330973,0.0015807861327070787,2022,3,1,Friday
2022-03-14,AAPL,195.74,199.42,195.48,197.32,72756409,0.005400998675226809,0.005386465587190027,2022,3,1,Monday
2022-03-15,AAPL,196.19,201.77,196.89,199.54,65801181,0.011250760186499065,0.011187941119823566,2022,3,1,Tuesday
2022-03-16,AAPL,200.83,195.65,193.54,194.74,85493402,-0.024055327252681113,-0.024349381934750877,2022,3,1,Wednesday
2022-03-17,AAPL,195.8,197.56,190.09,193.78,90069228,-0.004929649789462864,-0.004941840593752081,2022,3,1,Thursday
2022-03-18,AAPL,194.31,196.22,188.6,192.32,88142216,-0.0075343172670038205,-0.007562843610015309,2022,3,1,Friday
2022-03-21,AAPL,194.25,193.74,187.1,190.32,72761660,-0.010399334442595665,-0.010453785352140513,2022,3,1,Monday
2022-03-22,AAPL,190.14,190.37,188.4,189.52,57485922,-0.0042034468263975056,-0.0042123061441720734,2022,3,1,Tuesday
2022-03-23,AAPL,192.45,195.58,193.35,194.49,97687788,0.02622414520894889,0.025886188004483935,2022,3,1,Wednesday
2022-03-24,AAPL,194.26,193.85,188.68,191.73,80300894,-0.014190960974857392,-0.014292615524713967,2022,3,1,Thursday
2022-03-25,AAPL,191.98,195.63,193.79,195.0,104431765,0.017055233922703916,0.016911426233446818,2022,3,1,Friday
2022-03-28,AAPL,194.61,193.89,186.19,189.59,101397587,-0.027743589743589703,-0.028135712749799768,2022,3,1,Monday
2022-03-29,AAPL,189.95,190.17,186.66,188.6,52221694,-0.005221794398438839,-0.005235475614589977,2022,3,1,Tuesday
2022-03-30,AAPL,189.4,191.19,186.79,189.2,52026852,0.0031813361611876534,0.003176286418420737,2022,3,1,Wednesday
2022-03-31,AAPL,189.09,194.99,187.6,191.19,63775201,0.010517970401691334,0.010463041376534546,2022,3,1,Thursday
2022-04-01,AAPL,192.92,195.25,191.09,193.6,58273474,0.012605261781473809,0.01252647684816408,2022,4,2,Friday
2022-04-04,AAPL,193.84,197.34,195.13,196.32,100343787,0.014049586776859524,0.013951806120124685,2022,4,2,Monday
2022-04-05,AAPL,196.59,196.96,193.46,195.25,88891767,-0.005450285248573716,-0.005465192242805919,2022,4,2,Tuesday
2022-04-06,AAPL,194.34,196.32,191.47,193.8,111250212,-0.007426376440460847,-0.007454089263129388,2022,4,2,Wednesday
2022-04-07,AAPL,194.22,199.03,194.91,196.74,90104731,0.015170278637770984,0.015056360627946113,2022,4,2,Thursday
2022-04-08,AAPL,196.61,197.99,193.72,196.19,85167636,-0.0027955677543967106,-0.002799482651874489,2022,4,2,Friday
2022-04-11,AAPL,195.58,196.21,190.08,192.07,114657058,-0.021000050970997552,-0.021223688515976905,2022,4,2,Monday
2022-04-12,AAPL,191.3,190.95,186.71,188.48,92106437,-0.018691102202322063,-0.018867988453538695,2022,4,2,Tuesday
2022-04-13,AAPL,191.05,187.25,184.3,185.64,81651233,-0.015067911714770843,-0.015182586090246867,2022,4,2,Wednesday
2022-04-14,AAPL,185.39,188.63,185.49,187.3,124731389,0.00894203835380325,0.008902295077067954,2022,4,2,Thursday
2022-04-15,AAPL,185.91,188.96,185.88,187.84,82812655,0.0028830752802988524,0.0028789271896886653,2022,4,2,Friday
2022-04-18,AAPL,187.17,191.61,188.82,190.15,73019348,0.012297700170357695,0.012222697734536981,2022,4,2,Monday
2022-04-19,AAPL,190.1,189.87,187.52,188.86,62220196,-0.006784117801735379,-0.006807234539345442,2022,4,2,Tuesday
2022-04-20,AAPL,189.38,192.15,186.42,189.45,98783864,0.0031240072011011755,0.00311913762968651,2022,4,2,Wednesday
2022-04-21,AAPL,189.99,193.55,189.76,191.56,115947997,0.011137503299023521,0.01107593800979884,2022,4,2,Thursday
2022-04-22,AAPL,192.23,192.85,187.42,190.64,78795068,-0.004802672791814677,-0.004814242683922034,2022,4,2,Friday
2022-04-25,AAPL,190.02,193.95,190.68,192.22,118439386,0.008287872429710408,0.008253716604651571,2022,4,2,Monday
2022-04-26,AAPL,192.55,191.57,189.44,190.15,44301658,-0.010768910623244143,-0.010827315020869576,2022,4,2,Tuesday
2022-04-27,AAPL,189.3,192.17,186.92,189.07,78680128,-0.0056797265316855805,-0.0056959175144312224,2022,4,2,Wednesday
2022-04-28,AAPL,188.47,190.7,184.95,187.93,79043486,-0.006029512878827914,-0.006047763791328004,2022,4,2,Thursday
2022-04-29,AAPL,187.05,186.1,182.36,184.23,64323711,-0.019688181769808022,-0.019884576059092045,2022,4,2,Friday
2022-05-02,AAPL,183.11,187.14,184.39,185.84,163560826,0.008739076154806513,0.00870111145273618,2022,5,2,Monday
2022-05-03,AAPL,186.85,185.91,183.63,184.45,78427046,-0.007479552303056525,-0.007507664419469197,2022,5,2,Tuesday
2022-05-04,AAPL,185.1,187.1,182.41,184.57,70789267,0.0006505828137706171,0.0006503712765151931,2022,5,2,Wednesday
2022-05-05,AAPL,185.49,188.45,184.69,186.17,80625523,0.008668797746112622,0.00863143946460576,2022,5,2,Thursday
2022-05-06,AAPL,186.21,188.85,185.99,187.67,43867885,0.008057152065316542,0.008024866519375522,2022,5,2,Friday
2022-05-09,AAPL,188.42,190.53,188.74,189.89,63692464,0.011829274790856381,0.011759855834144278,2022,5,2,Monday
2022-05-10,AAPL,188.19,191.22,187.54,189.66,107447099,-0.001211227552793681,-0.0012119616817440188,2022,5,2,Tuesday
2022-05-11,AAPL,190.5,191.5,185.05,188.39,66243876,-0.006696193187809785,-0.006718713278298382,2022,5,2,Wednesday
2022-05-12,AAPL,188.56,190.59,186.15,188.22,62387447,-0.000902383353681091,-0.0009027907466411138,2022,5,2,Thursday
2022-05-13,AAPL,188.82,185.04,181.12,182.97,118496606,-0.0278928912974179,-0.028289286454167117,2022,5,2,Friday
2022-05-16,AAPL,183.33,179.53,177.3,178.61,119594033,-0.02382904301251565,-0.024117547060082394,2022,5,2,Monday
2022-05-17,AAPL,177.71,176.32,173.17,174.71,93421711,-0.021835283578746978,-0.022077201430039006,2022,5,2,Tuesday
2022-05-18,AAPL,173.38,173.68,170.45,171.85,69790048,-0.01636998454581884,-0.016505453190510336,2022,5,2,Wednesday
2022-05-19,AAPL,171.23,175.03,170.93,173.1,74454285,0.007273785277858602,0.007247458886320683,2022,5,2,Thursday
2022-05-20,AAPL,173.6,173.66,168.85,170.53,62851930,-0.014846909300982092,-0.014958227857340673,2022,5,2,Friday
2022-05-23,AAPL,171.13,172.57,167.61,169.52,59358462,-0.005922711546355375,-0.00594032036477916,2022,5,2,Monday
2022-05-24,AAPL,168.33,176.35,171.18,173.38,58480986,0.022770174610665217,0.02251480348045052,2022,5,2,Tuesday
2022-05-25,AAPL,172.51,174.58,169.81,172.41,66460667,-0.005594647594878266,-0.005610356252734449,2022,5,2,Wednesday
2022-05-26,AAPL,171.77,178.21,170.78,174.67,58651335,0.013108288382344346,0.013023118252541578,2022,5,2,Thursday
2022-05-27,AAPL,174.35,173.21,171.1,171.99,50044624,-0.015343218640865519,-0.015462143851900324,2022,5,2,Friday
2022-05-30,AAPL,170.8,172.68,170.66,171.47,85442824,-0.003023431594860182,-0.0030280113976411016,2022,5,2,Monday
2022-05-31,AAPL,170.23,170.63,167.86,168.8,85833151,-0.0155712369510701,-0.015693742028903168,2022,5,2,Tuesday
2022-06-01,AAPL,168.09,170.54,166.25,167.9,133254983,-0.005331753554502439,-0.005346018078361673,2022,6,2,Wednesday
2022-06-02,AAPL,167.98,171.22,169.22,170.4,65465620,0.014889815366289527,0.01478005031172029,2022,6,2,Thursday
2022-06-03,AAPL,169.37,168.3,163.28,165.54,87431603,-0.02852112676056351,-0.02893575693796577,2022,6,2,Friday
2022-06-06,AAPL,165.44,168.82,164.38,166.84,87868414,0.007853086867222414,0.00782241187149477,2022,6,2,Monday
2022-06-07,AAPL,167.74,170.19,165.27,167.59,74134081,0.004495324862143324,0.004485251068037509,2022,6,2,Tuesday
2022-06-08,AAPL,166.48,166.69,165.25,165.98,100015653,-0.009606778447401432,-0.009653221226480171,2022,6,2,Wednesday
2022-06-09,AAPL,165.81,163.15,160.7,162.02,100946976,-0.023858296180262584,-0.02414751476795663,2022,6,2,Thursday
2022-06-10,AAPL,162.87,163.62,160.9,162.29,88256730,0.0016664609307490696,0.0016650739254451784,2022,6,2,Friday
2022-06-13,AAPL,161.95,162.92,158.67,160.91,74094012,-0.008503296567872298,-0.008539655856731743,2022,6,2,Monday
2022-06-14,AAPL,160.44,163.95,160.41,161.62,71863436,0.004412404449692486,0.004402698334242877,2022,6,2,Tuesday
2022-06-15,AAPL,162.58,163.75,158.8,161.75,53074705,0.0008043558965473707,0.0008040325757082813,2022,6,2,Wednesday
2022-06-16,AAPL,161.5,168.14,164.55,166.3,62818605,0.028129829984544052,0.027741452817872048,2022,6,2,Thursday
2022-06-17,AAPL,167.23,167.64,164.18,165.7,66381896,-0.0036079374624174987,-0.0036144617663649453,2022,6,2,Friday
2022-06-20,AAPL,166.06,164.2,161.31,162.91,57101769,-0.016837658418829116,-0.016981023354439174,2022,6,2,Monday
2022-06-21,AAPL,162.63,166.25,161.73,163.48,91286583,0.0034988644036584304,0.0034927576179985694,2022,6,2,Tuesday
2022-06-22,AAPL,163.88,166.18,161.26,164.17,114550410,0.004220699779789561,0.004211817610350263,2022,6,2,Wednesday
2022-06-23,AAPL,164.44,169.34,166.93,168.08,60922825,0.023816775293902914,0.023537580230318385,2022,6,2,Thursday
2022-06-24,AAPL,168.96,173.69,168.82,170.56,87100190,0.0147548786292242,0.014647084440734762,2022,6,2,Friday
2022-06-27,AAPL,170.09,172.94,170.54,171.68,58662066,0.0065666041275798115,0.006545137904908696,2022,6,2,Monday
2022-06-28,AAPL,171.72,177.8,172.33,176.09,73006609,0.025687325256290805,0.025362949090298355,2022,6,2,Tuesday
2022-06-29,AAPL,176.03,173.38,171.43,172.64,65035141,-0.019592253961042694,-0.01978672646286218,2022,6,2,Wednesday
2022-06-30,AAPL,173.26,172.37,169.78,170.85,95831872,-0.010368396663577362,-0.010422522948523666,2022,6,2,Thursday
2022-07-01,AAPL,169.95,170.91,166.62,168.25,65260710,-0.01521802750951129,-0.015335010036463675,2022,7,3,Friday
2022-07-04,AAPL,169.13,168.31,165.74,167.22,108367123,-0.006121842496285335,-0.006140657802925389,2022,7,3,Monday
2022-07-05,AAPL,167.61,164.42,161.32,163.42,74314820,-0.022724554479129355,-0.022986736765350527,2022,7,3,Tuesday
2022-07-06,AAPL,162.32,166.72,163.57,165.27,65834599,0.011320523803696192,0.011256926196173668,2022,7,3,Wednesday
2022-07-07,AAPL,166.29,166.29,163.37,164.72,54928649,-0.003327887698917009,-0.0033334374332009324,2022,7,3,Thursday
2022-07-08,AAPL,166.6,162.06,158.65,160.72,86313670,-0.024283632831471613,-0.02458334221285506,2022,7,3,Friday
2022-07-11,AAPL,161.54,160.23,155.81,158.04,104646934,-0.016674962667994064,-0.016815554963489028,2022,7,3,Monday
2022-07-12,AAPL,159.19,162.28,157.25,158.96,86836150,0.005821311060491219,0.005804432700371628,2022,7,3,Tuesday
2022-07-13,AAPL,159.03,162.2,160.38,161.31,156597079,0.014783593356819225,0.0146753812461349,2022,7,3,Wednesday
2022-07-14,AAPL,159.95,169.17,165.51,166.96,122849849,0.03502572686132299,0.03442628327924897,2022,7,3,Thursday
2022-07-15,AAPL,165.39,176.57,173.87,175.52,72949564,0.051269765213224794,0.049998733757974874,2022,7,3,Friday
2022-07-18,AAPL,175.75,178.53,175.91,176.84,72720142,0.007520510483135734,0.00749237243112225,2022,7,3,Monday
2022-07-19,AAPL,176.31,175.28,173.11,173.97,92105591,-0.01622935987333185,-0.016362498401583568,2022,7,3,Tuesday
2022-07-20,AAPL,173.16,171.42,165.02,167.85,62216539,-0.03517847904811178,-0.035812147130415015,2022,7,3,Wednesday
2022-07-21,AAPL,167.8,170.72,166.66,168.69,113512518,0.005004468275245699,0.004991987546176041,2022,7,3,Thursday
2022-07-22,AAPL,169.22,168.87,164.73,166.45,89166623,-0.013278795423558032,-0.013367746951186104,2022,7,3,Friday
2022-07-25,AAPL,165.22,167.55,163.47,165.35,86397981,-0.006608591168519085,-0.0066305245932321705,2022,7,3,Monday
2022-07-26,AAPL,164.98,165.09,162.18,163.72,98308720,-0.009857877230117884,-0.009906787803599488,2022,7,3,Tuesday
2022-07-27,AAPL,164.98,164.81,161.42,163.4,134138869,-0.001954556559980447,-0.0019564691982997366,2022,7,3,Wednesday
2022-07-28,AAPL,162.5,167.61,164.01,166.46,84209963,0.018727050183598548,0.018553857892046586,2022,7,3,Thursday
2022-07-29,AAPL,167.2,169.22,165.8,166.98,77332516,0.003123873603267935,0.003119004447905217,2022,7,3,Friday
2022-08-01,AAPL,166.57,167.76,165.29,166.61,125793606,-0.002215834231644398,-0.0022182928248769248,2022,8,3,Monday
2022-08-02,AAPL,167.07,164.83,162.5,163.77,106942548,-0.017045795570494016,-0.017192747479201496,2022,8,3,Tuesday
2022-08-03,AAPL,164.69,162.37,155.95,159.24,72655760,-0.02766074372595717,-0.028050506329659514,2022,8,3,Wednesday
2022-08-04,AAPL,159.85,159.69,156.19,158.0,80124571,-0.007786988193921207,-0.00781746510514973,2022,8,3,Thursday
2022-08-05,AAPL,158.74,160.47,155.09,157.93,84829292,-0.00044303797468348005,-0.0004431361450035098,2022,8,3,Friday
2022-08-08,AAPL,157.0,163.82,161.68,162.83,89172305,0.03102640410308366,0.030554814894165668,2022,8,3,Monday
2022-08-09,AAPL,163.75,165.32,161.13,163.26,53252602,0.0026407910090275877,0.0026373102470808136,2022,8,3,Tuesday
2022-08-10,AAPL,162.55,166.96,165.38,166.09,50364232,0.01733431336518443,0.017185788087697586,2022,8,3,Wednesday
2022-08-11,AAPL,166.31,166.37,163.07,164.76,61301825,-0.008007706665061232,-0.008039940543027582,2022,8,3,Thursday
2022-08-12,AAPL,164.97,162.48,160.74,161.54,59895723,-0.01954357853848021,-0.019737079553729737,2022,8,3,Friday
2022-08-15,AAPL,161.94,159.79,157.86,158.98,65948849,-0.015847468119351227,-0.015974381869183655,2022,8,3,Monday
2022-08-16,AAPL,159.26,159.77,154.85,157.11,96779948,-0.011762485847276238,-0.011832211185460425,2022,8,3,Tuesday
2022-08-17,AAPL,156.43,163.94,162.14,162.97,76046719,0.03729870791165424,0.03661993782839138,2022,8,3,Wednesday
2022-08-18,AAPL,161.85,163.44,158.84,160.78,84855093,-0.013438056083941774,-0.013529163888082577,2022,8,3,Thursday
2022-08-19,AAPL,161.5,165.36,161.49,163.16,55408644,0.01480283617365341,0.014694343549542905,2022,8,3,Friday
2022-08-22,AAPL,163.32,162.76,159.32,160.75,69653571,-0.014770777151262515,-0.014880951331628886,2022,8,3,Monday
2022-08-23,AAPL,161.69,164.95,161.82,163.39,95411959,0.016423017107309423,0.016289617925003316,2022,8,3,Tuesday
2022-08-24,AAPL,163.35,165.34,163.66,164.54,95632466,0.007038374441520334,0.007013720698052147,2022,8,3,Wednesday
2022-08-25,AAPL,163.36,166.31,161.35,164.18,64370437,-0.0021879178315302727,-0.002190314820664091,2022,8,3,Thursday
2022-08-26,AAPL,164.98,165.76,161.96,164.14,83975521,-0.00024363503471813708,-0.00024366471855465438,2022,8,3,Friday
2022-08-29,AAPL,163.83,163.94,159.33,162.39,154729896,-0.010661630315584203,-0.010718872724569322,2022,8,3,Monday
2022-08-30,AAPL,162.67,164.8,162.46,163.7,79578762,0.008066999199458191,0.008034634900093098,2022,8,3,Tuesday
2022-08-31,AAPL,163.16,163.92,161.65,162.51,64979416,-0.007269395235186327,-0.007295946039172038,2022,8,3,Wednesday
2022-09-01,AAPL,163.88,160.91,157.1,159.23,75936534,-0.020183373330871945,-0.020389840469582487,2022,9,3,Thursday
2022-09-02,AAPL,158.52,156.83,154.49,155.88,82243122,-0.021038748979463673,-0.021263217397826228,2022,9,3,Friday
2022-09-05,AAPL,155.61,157.37,155.64,156.41,76452995,0.003400051321529318,0.0033942842156416244,2022,9,3,Monday
2022-09-06,AAPL,156.49,162.21,159.19,160.74,79251015,0.027683651940413112,0.027307388098422297,2022,9,3,Tuesday
2022-09-07,AAPL,159.84,164.08,158.09,161.25,51883073,0.003172825681224234,0.0031678028913093965,2022,9,3,Wednesday
2022-09-08,AAPL,161.52,163.16,159.37,160.99,59933612,-0.0016124031007751505,-0.0016137044216788712,2022,9,3,Thursday
2022-09-09,AAPL,162.32,164.78,159.27,161.85,76495052,0.005341946704764178,0.005327729118050309,2022,9,3,Friday
2022-09-12,AAPL,161.45,168.21,164.09,165.56,76130292,0.022922459067037382,0.0226636865082783,2022,9,3,Monday
2022-09-13,AAPL,165.9,167.43,165.32,166.26,67502852,0.0042280744141096616,0.004219161222410365,2022,9,3,Tuesday
2022-09-14,AAPL,163.92,168.27,162.6,165.17,75862505,-0.006555996631781524,-0.0065775815699430735,2022,9,3,Wednesday
2022-09-15,AAPL,165.14,169.97,167.35,168.39,81477840,0.01949506568989534,0.01930747108921876,2022,9,3,Thursday
2022-09-16,AAPL,168.12,171.54,167.39,169.69,104464852,0.007720173406972064,0.007690525362517242,2022,9,3,Friday
2022-09-19,AAPL,168.99,174.99,173.41,174.26,77654004,0.02693146325652651,0.02657519381840595,2022,9,3,Monday
2022-09-20,AAPL,175.23,177.06,171.34,174.89,90175484,0.003615287501434583,0.003608768057959067,2022,9,3,Tuesday
2022-09-21,AAPL,174.6,173.02,170.0,171.36,68002641,-0.02018411572988721,-0.020390598161661097,2022,9,3,Wednesday
2022-09-22,AAPL,171.2,168.18,166.58,167.49,94978956,-0.02258403361344541,-0.022842958709059898,2022,9,3,Thursday
2022-09-23,AAPL,167.17,173.6,170.75,172.34,89545396,0.028956952653889756,0.028545621821241957,2022,9,3,Friday
2022-09-26,AAPL,170.66,178.38,176.89,177.55,103727963,0.030230938841824262,0.029782989577476104,2022,9,3,Monday
2022-09-27,AAPL,176.52,178.48,176.34,177.09,99093591,-0.00259081948746831,-0.002594181468389202,2022,9,3,Tuesday
2022-09-28,AAPL,177.96,177.89,173.58,176.02,95454273,-0.006042125472923376,-0.006060452975042023,2022,9,3,Wednesday
2022-09-29,AAPL,174.12,182.45,178.19,180.53,77672511,0.02562208839904545,0.025299344002900934,2022,9,3,Thursday
2022-09-30,AAPL,179.82,180.89,175.5,177.24,86099913,-0.01822411787514533,-0.018392222617277895,2022,9,3,Friday
2022-10-03,AAPL,176.88,175.6,173.12,174.64,110065903,-0.01466937485894848,-0.014778034089600453,2022,10,4,Monday
2022-10-04,AAPL,176.2,179.54,173.78,176.64,65785816,0.011452130096197832,0.011387050847041974,2022,10,4,Tuesday
2022-10-05,AAPL,177.34,177.05,173.3,175.54,66254560,-0.006227355072463747,-0.006246825924758923,2022,10,4,Wednesday
2022-10-06,AAPL,175.04,177.32,173.3,175.6,84475035,0.0003418024381907081,0.00034174403704472194,2022,10,4,Thursday
2022-10-07,AAPL,176.77,177.6,172.91,175.2,90614164,-0.002277904328018221,-0.0022805026987252177,2022,10,4,Friday
2022-10-10,AAPL,174.53,178.69,174.19,176.28,62476762,0.006164383561643838,0.0061454614714951845,2022,10,4,Monday
2022-10-11,AAPL,177.19,183.11,176.83,180.64,78225670,0.0247333787156796,0.02443246042756564,2022,10,4,Tuesday
2022-10-12,AAPL,179.38,182.64,179.91,181.0,77775541,0.0019929140832595227,0.001990930864473861,2022,10,4,Wednesday
2022-10-13,AAPL,181.99,184.06,181.47,183.07,41158999,0.011436464088397713,0.011371562097097495,2022,10,4,Thursday
2022-10-14,AAPL,182.69,179.26,175.46,176.88,74899591,-0.03381220298246568,-0.03439705681373242,2022,10,4,Friday
2022-10-17,AAPL,175.95,179.73,173.44,176.81,76312082,-0.00039574853007684485,-0.00039582685919281054,2022,10,4,Monday
2022-10-18,AAPL,176.61,175.28,173.82,174.37,76244002,-0.013800124427351346,-0.013896231360595594,2022,10,4,Tuesday
2022-10-19,AAPL,174.62,172.75,169.58,170.87,122339616,-0.020072260136491327,-0.020276444869220308,2022,10,4,Wednesday
2022-10-20,AAPL,170.44,170.28,166.83,168.41,55550201,-0.01439690993152698,-0.014501550992219165,2022,10,4,Thursday
2022-10-21,AAPL,168.89,170.21,165.32,167.53,62467090,-0.0052253429131285944,-0.0052390427625218635,2022,10,4,Friday
2022-10-24,AAPL,167.04,173.52,167.75,170.24,36538551,0.016176207246463292,0.016046766447838548,2022,10,4,Monday
2022-10-25,AAPL,170.78,168.62,165.17,166.52,69251972,-0.021851503759398483,-0.02209378382650486,2022,10,4,Tuesday
2022-10-26,AAPL,166.89,168.07,164.65,166.68,71046427,0.0009608455440788255,0.0009603842274780554,2022,10,4,Wednesday
2022-10-27,AAPL,166.63,166.67,164.15,165.39,68650847,-0.007739380849532185,-0.0077694852845509475,2022,10,4,Thursday
2022-10-28,AAPL,165.02,167.04,161.28,164.54,111534040,-0.00513936755547495,-0.0051526195289176725,2022,10,4,Friday
2022-10-31,AAPL,164.67,168.45,165.48,167.45,103566290,0.017685669138203464,0.017531097499429334,2022,10,4,Monday
2022-11-01,AAPL,167.92,170.86,166.47,169.07,81890554,0.009674529710361313,0.009628031108661454,2022,11,4,Tuesday
2022-11-02,AAPL,170.84,174.58,171.9,173.03,71581933,0.023422251138581762,0.02315215951968207,2022,11,4,Wednesday
2022-11-03,AAPL,173.86,175.01,171.01,172.66,108840502,-0.0021383575102583707,-0.0021406470611804325,2022,11,4,Thursday
2022-11-04,AAPL,173.52,172.51,167.65,170.7,79527213,-0.011351789644387877,-0.011416713006981737,2022,11,4,Friday
2022-11-07,AAPL,173.39,172.44,168.9,170.13,62586251,-0.0033391915641476366,-0.003344779106348607,2022,11,4,Monday
2022-11-08,AAPL,170.58,173.71,168.41,170.91,47806041,0.0045847293246341625,0.004574251466367621,2022,11,4,Tuesday
2022-11-09,AAPL,171.33,173.49,169.27,171.5,70079638,0.003452109297291006,0.0034461644455807466,2022,11,4,Wednesday
2022-11-10,AAPL,172.12,170.5,165.58,168.44,100325481,-0.017842565597667615,-0.01800366331226756,2022,11,4,Thursday
2022-11-11,AAPL,167.58,170.23,167.43,168.78,158378579,0.002018522916171994,0.002016488436093521,2022,11,4,Friday
2022-11-14,AAPL,168.4,171.27,167.69,169.51,81492397,0.004325157009124281,0.004315830400574421,2022,11,4,Monday
2022-11-15,AAPL,169.07,179.35,175.32,177.01,63587695,0.044245177275676895,0.04329430602267011,2022,11,4,Tuesday
2022-11-16,AAPL,177.59,183.89,181.54,182.83,56066420,0.032879498333427515,0.032350531187348444,2022,11,4,Wednesday
2022-11-17,AAPL,182.67,181.28,179.67,180.28,94406799,-0.013947382814636589,-0.014045561517966028,2022,11,4,Thursday
2022-11-18,AAPL,180.4,181.96,177.84,179.48,47117374,-0.004437541601952533,-0.0044474167146649445,2022,11,4,Friday
2022-11-21,AAPL,180.48,177.78,172.73,175.15,94361218,-0.024125250724314595,-0.02442103146428668,2022,11,4,Monday
2022-11-22,AAPL,175.92,174.92,171.74,173.47,102241750,-0.009591778475592339,-0.00963807587017825,2022,11,4,Tuesday
2022-11-23,AAPL,173.33,175.28,173.6,174.49,91186829,0.005879979247132239,0.005862759636821205,2022,11,4,Wednesday
2022-11-24,AAPL,173.89,179.66,176.86,178.18,74898070,0.0211473436873173,0.0209268418823591,2022,11,4,Thursday
2022-11-25,AAPL,179.21,177.66,174.5,176.06,94775300,-0.011898080592659177,-0.01196942925973772,2022,11,4,Friday
2022-11-28,AAPL,176.76,176.65,171.09,174.2,84209534,-0.010564580256730682,-0.010620781614357672,2022,11,4,Monday
2022-11-29,AAPL,172.77,170.52,165.48,168.02,63344588,-0.03547646383467262,-0.03612104448170116,2022,11,4,Tuesday
2022-11-30,AAPL,167.76,169.33,166.12,167.64,139372517,-0.00226163551958114,-0.0022641968798304663,2022,11,4,Wednesday
2022-12-01,AAPL,167.78,166.73,162.99,164.71,71989683,-0.01747792889525157,-0.01763247126228618,2022,12,4,Thursday
2022-12-02,AAPL,165.36,164.02,162.35,163.3,100962819,-0.008560500273207428,-0.008597351818164964,2022,12,4,Friday
2022-12-05,AAPL,164.06,161.93,160.01,160.96,38723333,-0.014329454990814505,-0.014433113065045097,2022,12,4,Monday
2022-12-06,AAPL,161.19,161.43,159.53,160.77,117327350,-0.0011804174950298396,-0.0011811147365058245,2022,12,4,Tuesday
2022-12-07,AAPL,161.25,156.85,154.56,156.11,124294749,-0.02898550724637683,-0.02941388520629334,2022,12,4,Wednesday
2022-12-08,AAPL,156.16,154.18,149.74,152.33,80719224,-0.02421369547114216,-0.024511666819965576,2022,12,4,Thursday
2022-12-09,AAPL,151.81,161.07,154.76,158.02,94600044,0.03735311494781057,0.036672387145977425,2022,12,4,Friday
2022-12-12,AAPL,157.81,155.92,153.22,154.67,94592783,-0.02119984812049125,-0.02142779224453896,2022,12,4,Monday
2022-12-13,AAPL,154.68,152.94,150.55,151.88,65969437,-0.018038404344733916,-0.018203079686446823,2022,12,4,Tuesday
2022-12-14,AAPL,151.85,158.95,153.98,156.77,94270030,0.032196470898077534,0.0316890277168382,2022,12,4,Wednesday
2022-12-15,AAPL,155.26,166.74,161.92,164.78,62767504,0.051093959303438075,0.04983148780700421,2022,12,4,Thursday
2022-12-16,AAPL,164.45,164.23,159.78,161.6,66646301,-0.01929845855079504,-0.019487104800449,2022,12,4,Friday
2022-12-19,AAPL,161.65,161.55,159.4,160.67,112180544,-0.005754950495049593,-0.005771574031751378,2022,12,4,Monday
2022-12-20,AAPL,160.44,163.85,159.95,161.68,107170812,0.006286176635339702,0.006266501040122041,2022,12,4,Tuesday
2022-12-21,AAPL,161.47,167.77,165.42,166.58,64722829,0.03030677882236521,0.029856601411828904,2022,12,4,Wednesday
2022-12-22,AAPL,166.99,166.92,161.71,163.88,64196823,-0.016208428382759155,-0.016341221828524228,2022,12,4,Thursday
2022-12-23,AAPL,162.97,164.69,162.25,163.27,65913788,-0.0037222357822795926,-0.0037291805405971607,2022,12,4,Friday
2022-12-26,AAPL,161.91,168.11,163.37,165.52,99665392,0.01378085380045313,0.013686761299214444,2022,12,4,Monday
2022-12-27,AAPL,165.22,167.41,165.82,166.82,59265728,0.007854035766070355,0.007823353376177952,2022,12,4,Tuesday
2022-12-28,AAPL,167.47,167.88,164.12,165.83,89035968,-0.0059345402229947775,-0.005952219587458285,2022,12,4,Wednesday
2022-12-29,AAPL,167.26,168.08,162.93,165.53,100091090,-0.0018090815895797085,-0.0018107199539332893,2022,12,4,Thursday
2022-12-30,AAPL,166.19,164.12,159.94,161.77,77909897,-0.022714915725246088,-0.022976873930471372,2022,12,4,Friday
2023-01-02,AAPL,160.56,163.24,159.64,161.19,108315226,-0.0035853372071460443,-0.003591779932762968,2023,1,1,Monday
2023-01-03,AAPL,161.0,164.17,158.54,160.54,73020015,-0.004032508220112918,-0.004040660705409005,2023,1,1,Tuesday
2023-01-04,AAPL,160.75,163.15,158.17,161.24,75028643,0.004360284041360574,0.004350805545534404,2023,1,1,Wednesday
2023-01-05,AAPL,161.39,160.91,158.79,159.8,59671395,-0.008930786405358493,-0.008970904916790763,2023,1,1,Thursday
2023-01-06,AAPL,160.24,162.6,159.04,161.16,108546628,0.008510638297872353,0.008474626990972236,2023,1,1,Friday
2023-01-09,AAPL,160.41,165.43,161.95,164.03,63565476,0.017808389178456174,0.017651677601247848,2023,1,1,Monday
2023-01-10,AAPL,164.09,166.7,162.39,164.54,88850766,0.003109187343778519,0.003104363816389808,2023,1,1,Tuesday
2023-01-11,AAPL,164.9,167.57,163.78,165.6,78306594,0.006442202503950334,0.006421540210374997,2023,1,1,Wednesday
2023-01-12,AAPL,166.3,167.53,164.81,165.83,58334385,0.001388888888889106,0.0013879252748482977,2023,1,1,Thursday
2023-01-13,AAPL,165.15,168.6,162.46,165.9,66639379,0.00042211903756861346,0.00042202997039142713,2023,1,1,Friday
2023-01-16,AAPL,165.61,166.88,160.84,163.95,121132901,-0.01175406871609419,-0.011823693905741707,2023,1,1,Monday
2023-01-17,AAPL,161.69,168.1,161.85,164.91,84989175,0.005855443732845522,0.005838367250021564,2023,1,1,Tuesday
2023-01-18,AAPL,164.39,168.42,161.6,164.71,59102990,-0.001212782729973827,-0.0012135187460941628,2023,1,1,Wednesday
2023-01-19,AAPL,164.27,172.55,167.76,170.76,87673976,0.03673122457652833,0.036072710095176784,2023,1,1,Thursday
2023-01-20,AAPL,169.87,177.99,172.04,175.47,76569009,0.027582572030920627,0.02720902623328283,2023,1,1,Friday
2023-01-23,AAPL,175.62,179.83,174.39,176.71,225482050,0.007066735054425344,0.007041882696920201,2023,1,1,Monday
2023-01-24,AAPL,176.66,176.03,172.24,174.51,87144162,-0.012449776469922513,-0.012527924229184445,2023,1,1,Tuesday
2023-01-25,AAPL,172.49,172.96,169.25,171.31,71367257,-0.018337058048249366,-0.01850726584841265,2023,1,1,Wednesday
2023-01-26,AAPL,171.5,176.67,173.67,174.9,122490687,0.02095616134493028,0.020739601282189272,2023,1,1,Thursday
2023-01-27,AAPL,174.07,178.8,172.82,175.76,46049448,0.004917095483133238,0.004905046051798402,2023,1,1,Friday
2023-01-30,AAPL,176.2,179.15,175.99,177.28,82296014,0.00864815657715079,0.008610975482564348,2023,1,1,Monday
2023-01-31,AAPL,176.12,173.78,170.81,172.18,145526060,-0.02876805054151621,-0.02918996232911038,2023,1,1,Tuesday
2023-02-01,AAPL,172.2,176.67,173.59,174.99,77259265,0.016320130096410645,0.016188388203847277,2023,2,1,Wednesday
2023-02-02,AAPL,174.74,177.86,175.12,176.43,47562104,0.008229041659523428,0.008195367706318386,2023,2,1,Thursday
2023-02-03,AAPL,176.7,174.47,171.65,173.21,71040578,-0.018250864365470743,-0.01841946595778556,2023,2,1,Friday
2023-02-06,AAPL,173.32,174.54,169.59,171.9,123764683,-0.007563073725535441,-0.0075918187933851486,2023,2,1,Monday
2023-02-07,AAPL,171.68,175.39,170.34,172.75,89554512,0.004944735311227522,0.00493255025897577,2023,2,1,Tuesday
2023-02-08,AAPL,171.4,174.21,172.1,172.98,62200920,0.0013314037626628306,0.0013305182305865613,2023,2,1,Wednesday
2023-02-09,AAPL,171.68,172.9,171.46,172.2,65134462,-0.004509191814082603,-0.00451938888473544,2023,2,1,Thursday
2023-02-10,AAPL,171.69,173.74,170.15,171.98,67634388,-0.0012775842044134844,-0.0012784010108799785,2023,2,1,Friday
2023-02-13,AAPL,171.97,173.46,168.07,171.32,89155853,-0.0038376555413419666,-0.0038450382355801798,2023,2,1,Monday
2023-02-14,AAPL,170.79,174.06,170.16,171.84,119520209,0.0030352556619193116,0.0030306585733297334,2023,2,1,Tuesday
2023-02-15,AAPL,172.39,177.02,175.15,176.28,109700457,0.02583798882681565,0.02550982865328639,2023,2,1,Wednesday
2023-02-16,AAPL,176.03,170.61,166.5,168.82,91728239,-0.04231903789425917,-0.04324058141821238,2023,2,1,Thursday
2023-02-17,AAPL,167.99,169.45,167.17,168.22,53652775,-0.0035540812699916824,-0.003560412021282637,2023,2,1,Friday
2023-02-20,AAPL,167.98,170.29,167.31,168.8,53712560,0.0034478658899061987,0.0034419356275656207,2023,2,1,Monday
2023-02-21,AAPL,169.0,171.99,167.08,169.73,93878579,0.005509478672985679,0.005494357011583174,2023,2,1,Tuesday
2023-02-22,AAPL,170.01,170.1,167.63,168.74,53430690,-0.005832793259883284,-0.0058498704359592835,2023,2,1,Wednesday
2023-02-23,AAPL,170.35,164.91,162.76,163.84,74765498,-0.029038757852317243,-0.029468726886337778,2023,2,1,Thursday
2023-02-24,AAPL,163.28,165.81,163.24,164.83,87643002,0.00604248046875,0.006024297892121637,2023,2,1,Friday
2023-02-27,AAPL,164.77,171.59,167.81,169.82,56868889,0.030273615239944096,0.02982441282795269,2023,2,1,Monday
2023-02-28,AAPL,170.19,167.51,162.17,165.53,58835648,-0.025262042162289444,-0.02558660529914321,2023,2,1,Tuesday
2023-03-01,AAPL,165.51,171.22,164.68,168.05,77772687,0.015223826496707504,0.0151091068990405,2023,3,1,Wednesday
2023-03-02,AAPL,167.62,167.9,166.44,167.19,93048579,-0.005117524546266128,-0.005130663921560126,2023,3,1,Thursday
2023-03-03,AAPL,165.87,167.75,165.85,167.09,110000209,-0.0005981218972426205,-0.0005983008435026098,2023,3,1,Friday
2023-03-06,AAPL,166.66,165.72,161.18,164.2,95980271,-0.017296067987312314,-0.017447392387724272,2023,3,1,Monday
2023-03-07,AAPL,163.3,164.68,162.43,163.34,81787433,-0.005237515225334888,-0.005251279088198152,2023,3,1,Tuesday
2023-03-08,AAPL,161.9,168.67,164.3,167.07,63954264,0.02283580262030105,0.022578968339557144,2023,3,1,Wednesday
2023-03-09,AAPL,166.39,171.55,167.03,168.81,58018071,0.010414796193212394,0.010360935843610345,2023,3,1,Thursday
2023-03-10,AAPL,167.91,174.65,172.76,173.94,68632316,0.030389194952905596,0.029936590048321787,2023,3,1,Friday
2023-03-13,AAPL,174.45,180.4,175.45,177.53,90469005,0.020639300908359193,0.020429196557087144,2023,3,1,Monday
2023-03-14,AAPL,178.08,180.06,177.62,178.95,88500990,0.007998648115811413,0.00796682849332853,2023,3,1,Tuesday
2023-03-15,AAPL,178.12,186.11,182.98,184.42,42608596,0.03056719754121273,0.03010932789896047,2023,3,1,Wednesday
2023-03-16,AAPL,184.17,187.26,183.76,185.88,63201215,0.007916711853378278,0.00788553910578251,2023,3,1,Thursday
2023-03-17,AAPL,184.12,191.1,185.88,188.6,114821517,0.014633096621476271,0.014527065982579596,2023,3,1,Friday
2023-03-20,AAPL,188.13,190.95,185.53,187.74,81923931,-0.004559915164368933,-0.004570343290511247,2023,3,1,Monday
2023-03-21,AAPL,188.12,189.48,184.96,188.04,52296213,0.0015979546180886484,0.0015966792470838024,2023,3,1,Tuesday
2023-03-22,AAPL,188.83,188.24,181.53,185.9,162190730,-0.011380557328227958,-0.011445811428531358,2023,3,1,Wednesday
2023-03-23,AAPL,185.23,193.4,184.96,189.14,79308405,0.017428725121032773,0.01727858685996773,2023,3,1,Thursday
2023-03-24,AAPL,190.16,187.56,184.0,185.47,89776820,-0.01940361636882726,-0.019594337686170506,2023,3,1,Friday
2023-03-27,AAPL,184.04,188.78,186.75,188.04,90186888,0.01385668841322052,0.01376156225473429,2023,3,1,Monday
2023-03-28,AAPL,186.85,189.45,185.93,187.52,71646764,-0.0027653690704104728,-0.0027691997672818973,2023,3,1,Tuesday
2023-03-29,AAPL,188.2,194.98,188.45,191.38,64312533,0.020584470989760906,0.02037547396246883,2023,3,1,Wednesday
2023-03-30,AAPL,193.01,195.83,191.83,193.92,151188761,0.013272024244957548,0.013184722529832698,2023,3,1,Thursday
2023-03-31,AAPL,194.41,202.3,197.78,200.11,108092613,0.0319203795379539,0.03142151247252262,2023,3,1,Friday
2023-04-03,AAPL,200.07,205.38,200.7,202.71,102371442,0.012992853930338333,0.01290917087872079,2023,4,2,Monday
2023-04-04,AAPL,200.44,198.41,196.57,197.45,95098518,-0.02594839919096259,-0.02629099849953463,2023,4,2,Tuesday
2023-04-05,AAPL,195.41,199.44,194.15,197.31,59206504,-0.0007090402633577186,-0.0007092917512889892,2023,4,2,Wednesday
2023-04-06,AAPL,197.44,195.17,191.53,193.51,117364642,-0.01925903400739959,-0.01944690526031343,2023,4,2,Thursday
2023-04-07,AAPL,193.15,194.33,189.22,191.89,62121170,-0.008371660379308588,-0.008406899539405021,2023,4,2,Friday
2023-04-10,AAPL,190.81,199.26,193.13,196.98,87096149,0.026525613632810474,0.02617990955990533,2023,4,2,Monday
2023-04-11,AAPL,197.04,201.08,196.92,199.22,48921142,0.011371712864250316,0.01130754097546345,2023,4,2,Tuesday
2023-04-12,AAPL,199.33,198.61,195.56,196.95,43370044,-0.011394438309406785,-0.011459852300104831,2023,4,2,Wednesday
2023-04-13,AAPL,197.9,195.56,191.87,193.67,88015593,-0.01665397308961669,-0.01679420967727437,2023,4,2,Thursday
2023-04-14,AAPL,193.81,195.51,190.18,193.87,62758677,0.0010326844632624343,0.0010321516114757245,2023,4,2,Friday
2023-04-17,AAPL,195.08,192.6,187.79,189.98,44047842,-0.02006499200495182,-0.020269027889079753,2023,4,2,Monday
2023-04-18,AAPL,189.99,190.11,186.33,187.91,94086021,-0.010895883777239712,-0.010955678660975184,2023,4,2,Tuesday
2023-04-19,AAPL,187.8,192.21,186.89,189.0,151116470,0.005800649246979983,0.005783890258581219,2023,4,2,Wednesday
2023-04-20,AAPL,190.02,194.27,191.32,192.83,121376187,0.02026455026455043,0.020061956671871457,2023,4,2,Thursday
2023-04-21,AAPL,191.87,198.69,192.57,194.93,74056718,0.010890421614893953,0.010831548026539965,2023,4,2,Friday
2023-04-24,AAPL,197.73,188.76,186.53,187.56,80212569,-0.03780844405684092,-0.038541725536668084,2023,4,2,Monday
2023-04-25,AAPL,187.92,189.42,186.99,188.62,104411363,0.005651524845382783,0.005635614894353176,2023,4,2,Tuesday
2023-04-26,AAPL,188.99,190.98,187.66,188.94,112018612,0.001696532711271237,0.0016950952252494209,2023,4,2,Wednesday
2023-04-27,AAPL,189.44,191.41,189.34,190.36,72165776,0.007515613422250489,0.007487511911921469,2023,4,2,Thursday
2023-04-28,AAPL,192.18,196.52,194.78,195.75,80824484,0.028314772010926692,0.0279213186180028,2023,4,2,Friday
2023-05-01,AAPL,196.54,189.6,188.08,189.09,87550089,-0.03402298850574714,-0.03461524267778407,2023,5,2,Monday
2023-05-02,AAPL,187.54,188.71,185.65,187.28,94461234,-0.009572161404622137,-0.009618269010473105,2023,5,2,Tuesday
2023-05-03,AAPL,188.62,191.83,186.77,189.26,76869079,0.010572404955147219,0.010516907897431154,2023,5,2,Wednesday
2023-05-04,AAPL,188.93,185.12,183.68,184.32,77169249,-0.026101659093310747,-0.02644835357256017,2023,5,2,Thursday
2023-05-05,AAPL,184.42,190.85,186.25,189.09,121022482,0.02587890625,0.025549714685602014,2023,5,2,Friday
2023-05-08,AAPL,187.85,193.9,186.91,190.36,114994332,0.006716378444127091,0.006693924059781234,2023,5,2,Monday
2023-05-09,AAPL,190.87,194.86,192.33,193.21,92318984,0.014971632695944592,0.014860664020382502,2023,5,2,Tuesday
2023-05-10,AAPL,192.57,192.32,190.35,191.43,133989220,-0.009212773665959295,-0.009255473724926917,2023,5,2,Wednesday
2023-05-11,AAPL,191.52,198.16,190.29,194.18,71242739,0.014365564436086276,0.014263357393633607,2023,5,2,Thursday
2023-05-12,AAPL,193.9,199.63,196.08,197.83,130180073,0.018796992481203034,0.01862251209800185,2023,5,2,Friday
2023-05-15,AAPL,199.78,201.67,196.85,198.71,94139833,0.004448263660718821,0.004438399377724278,2023,5,2,Monday
2023-05-16,AAPL,200.72,203.59,196.53,199.59,213435455,0.004428564239343791,0.004418787004180945,2023,5,2,Tuesday
2023-05-17,AAPL,199.64,201.27,199.66,200.6,55940132,0.005060373766220705,0.00504761310592927,2023,5,2,Wednesday
2023-05-18,AAPL,200.67,199.99,196.26,197.77,65054349,-0.014107676969092653,-0.014208136193901492,2023,5,2,Thursday
2023-05-19,AAPL,197.39,201.07,194.75,197.36,90709852,-0.00207311523486875,-0.0020752671128322986,2023,5,2,Friday
2023-05-22,AAPL,198.47,198.9,195.83,196.94,90124932,-0.002128090798540816,-0.0021303584014453238,2023,5,2,Monday
2023-05-23,AAPL,196.61,202.1,195.5,198.31,143605266,0.006956433431501985,0.00693234907808248,2023,5,2,Tuesday
2023-05-24,AAPL,197.89,204.05,199.29,201.81,65464907,0.017649135192375542,0.017495197807885603,2023,5,2,Wednesday
2023-05-25,AAPL,202.81,200.11,195.39,198.3,104951904,-0.017392596997175547,-0.017545625179873812,2023,5,2,Thursday
2023-05-26,AAPL,197.75,200.54,196.6,197.96,113382327,-0.0017145738779626996,-0.0017160454420649981,2023,5,2,Friday
2023-05-29,AAPL,197.93,205.09,200.79,203.11,98831955,0.0260153566377046,0.02568271411970902,2023,5,2,Monday
2023-05-30,AAPL,201.47,202.19,199.6,200.64,59963001,-0.01216089803554743,-0.012235446758838635,2023,5,2,Tuesday
2023-05-31,AAPL,201.37,199.22,196.29,197.95,122040661,-0.013407097288676173,-0.013497783892416187,2023,5,2,Wednesday
2023-06-01,AAPL,199.91,201.63,196.28,198.72,115679578,0.0038898711795909424,0.003882325192974456,2023,6,2,Thursday
2023-06-02,AAPL,199.45,202.53,200.26,201.68,95765451,0.014895330112721483,0.014785484134550506,2023,6,2,Friday
2023-06-05,AAPL,203.19,203.1,200.99,201.81,85057792,0.0006445854819516761,0.0006443778259598048,2023,6,2,Monday
2023-06-06,AAPL,200.94,207.41,205.51,206.52,85614874,0.023338784004756974,0.023070599305824262,2023,6,2,Tuesday
2023-06-07,AAPL,206.77,211.26,208.29,209.65,78132483,0.015155917102459782,0.015042213605323271,2023,6,2,Wednesday
2023-06-08,AAPL,208.64,216.78,210.8,212.77,96956475,0.014881946100643972,0.014772296468854817,2023,6,2,Thursday
2023-06-09,AAPL,212.52,216.84,213.31,214.88,80750737,0.009916811580579887,0.009867962689300928,2023,6,2,Friday
2023-06-12,AAPL,215.72,227.46,219.2,223.66,62020758,0.04086001489203284,0.0400473088251149,2023,6,2,Monday
2023-06-13,AAPL,223.77,224.11,221.28,222.98,58407782,-0.0030403290709112296,-0.0030449602606168746,2023,6,2,Tuesday
2023-06-14,AAPL,221.37,219.34,213.8,215.6,63842285,-0.03309713875683917,-0.03365724230458333,2023,6,2,Wednesday
2023-06-15,AAPL,214.16,224.29,218.78,221.67,85512820,0.02815398886827447,0.02776495043382373,2023,6,2,Thursday
2023-06-16,AAPL,220.11,221.87,217.52,220.05,79355668,-0.0073081607795369985,-0.007334996211565361,2023,6,2,Friday
2023-06-19,AAPL,220.6,223.07,216.15,220.55,85338847,0.0022722108611679115,0.002269633293848317,2023,6,2,Monday
2023-06-20,AAPL,222.87,228.54,221.26,225.62,92969415,0.022987984583994425,0.022727741625825394,2023,6,2,Tuesday
2023-06-21,AAPL,227.19,222.94,215.8,219.65,66276166,-0.026460420175516308,-0.026816797754985643,2023,6,2,Wednesday
2023-06-22,AAPL,217.53,217.08,213.65,215.12,124179076,-0.020623719553835684,-0.020839358461179378,2023,6,2,Thursday
2023-06-23,AAPL,216.68,211.2,207.78,209.44,73826178,-0.026403867608776554,-0.026758709799019488,2023,6,2,Friday
2023-06-26,AAPL,210.44,208.74,203.24,206.72,70245660,-0.012987012987012991,-0.013072081567352775,2023,6,2,Monday
2023-06-27,AAPL,205.09,210.5,207.24,208.37,92456892,0.007981811145510775,0.007950124987871737,2023,6,2,Tuesday
2023-06-28,AAPL,208.05,212.91,207.89,210.33,46112016,0.009406344483370965,0.009362380304877183,2023,6,2,Wednesday
2023-06-29,AAPL,211.5,214.52,209.82,211.41,63109183,0.005134788189987027,0.0051216501200547025,2023,6,2,Thursday
2023-06-30,AAPL,212.01,208.34,203.33,206.49,107377264,-0.023272314460053845,-0.02354739092865821,2023,6,2,Friday
2023-07-03,AAPL,205.11,201.84,195.81,198.62,47503341,-0.03811322582207377,-0.038858533603170084,2023,7,3,Monday
2023-07-04,AAPL,199.24,202.45,195.87,198.89,111865683,0.0013593797200683877,0.0013584565999425393,2023,7,3,Tuesday
2023-07-05,AAPL,196.73,198.12,196.24,197.39,125884850,-0.007541857308059785,-0.007570440920259078,2023,7,3,Wednesday
2023-07-06,AAPL,197.17,200.15,197.68,199.03,71606799,0.008308424945539405,0.008274099976233143,2023,7,3,Thursday
2023-07-07,AAPL,200.19,204.85,199.76,201.51,87319208,0.012460433100537571,0.012383440815753684,2023,7,3,Friday
2023-07-10,AAPL,201.53,203.6,199.46,202.08,111916466,0.00282864373976488,0.0028246506552982407,2023,7,3,Monday
2023-07-11,AAPL,201.56,205.84,202.77,204.8,69546102,0.013460015835312644,0.01337023456317164,2023,7,3,Tuesday
2023-07-12,AAPL,205.73,207.94,204.43,205.69,103788927,0.004345703124999822,0.004336287824718949,2023,7,3,Wednesday
2023-07-13,AAPL,206.72,210.17,204.17,207.65,65410447,0.00952890271768192,0.009483789086690671,2023,7,3,Thursday
2023-07-14,AAPL,209.04,207.26,202.58,205.27,69320865,-0.01146159402841318,-0.011527784347675072,2023,7,3,Friday
2023-07-17,AAPL,206.18,207.02,202.12,204.73,62942757,-0.002630681541384572,-0.0026341478646002376,2023,7,3,Monday
2023-07-18,AAPL,205.86,207.78,203.61,205.51,88661060,0.0038098959605334937,0.0038026566883417436,2023,7,3,Tuesday
2023-07-19,AAPL,206.28,209.83,207.2,208.5,113229569,0.01454917035667358,0.014444346686027168,2023,7,3,Wednesday
2023-07-20,AAPL,208.78,209.16,205.6,207.2,75701104,-0.006235011990407768,-0.006254530853528241,2023,7,3,Thursday
2023-07-21,AAPL,207.29,211.34,207.94,209.14,54633753,0.00936293436293445,0.009319373785114791,2023,7,3,Friday
2023-07-24,AAPL,208.88,210.71,206.66,208.29,57813053,-0.004064263172994131,-0.004072544737150962,2023,7,3,Monday
2023-07-25,AAPL,207.0,211.38,204.99,207.96,90053727,-0.001584329540544327,-0.001585585917776573,2023,7,3,Tuesday
2023-07-26,AAPL,206.95,212.04,210.07,211.01,139109523,0.014666281977303353,0.014559772202450371,2023,7,3,Wednesday
2023-07-27,AAPL,210.71,205.26,203.4,204.07,90030106,-0.032889436519596194,-0.03344245347697094,2023,7,3,Thursday
2023-07-28,AAPL,204.32,201.27,198.11,199.71,71233105,-0.021365217817415516,-0.02159675796027238,2023,7,3,Friday
2023-07-31,AAPL,201.18,196.94,191.32,194.83,100673421,-0.02443543137549442,-0.024738930822926053,2023,7,3,Monday
2023-08-01,AAPL,194.79,190.39,184.92,187.33,74453669,-0.03849509829081765,-0.03925561598482839,2023,8,3,Tuesday
2023-08-02,AAPL,188.29,186.45,183.66,185.27,71417366,-0.010996636950835414,-0.01105754691104612,2023,8,3,Wednesday
2023-08-03,AAPL,186.29,189.82,185.07,187.73,60008661,0.013277918713229253,0.013190539774349374,2023,8,3,Thursday
2023-08-04,AAPL,187.51,188.29,184.47,186.9,122065927,-0.004421243274915998,-0.004431045874753531,2023,8,3,Friday
2023-08-07,AAPL,187.47,189.85,186.34,187.62,37347435,0.003852327447833037,0.0038449262362877383,2023,8,3,Monday
2023-08-08,AAPL,187.38,193.19,187.52,191.21,101634637,0.019134420637458627,0.01895365980706309,2023,8,3,Tuesday
2023-08-09,AAPL,192.5,196.48,194.3,195.67,69609646,0.023325139898540792,0.023057266285139204,2023,8,3,Wednesday
2023-08-10,AAPL,196.3,196.5,193.78,195.53,70733862,-0.0007154903664332579,-0.0007157464518238599,2023,8,3,Thursday
2023-08-11,AAPL,194.34,202.41,197.67,200.17,132916509,0.023730373855674225,0.02345318516443103,2023,8,3,Friday
2023-08-14,AAPL,200.33,201.83,199.08,200.57,64572414,0.0019983014437727764,0.001996307495340828,2023,8,3,Monday
2023-08-15,AAPL,202.26,200.43,195.57,197.83,65235636,-0.013661065962008223,-0.013755236957954727,2023,8,3,Tuesday
2023-08-16,AAPL,197.64,197.05,194.36,195.92,76930957,-0.009654754081787509,-0.009701663396088477,2023,8,3,Wednesday
2023-08-17,AAPL,196.37,191.8,189.86,191.14,90575236,-0.024397713352388717,-0.024700268805878677,2023,8,3,Thursday
2023-08-18,AAPL,191.67,189.78,186.54,188.36,70068259,-0.01454431306895454,-0.014651118462679621,2023,8,3,Friday
2023-08-21,AAPL,187.36,188.92,185.5,187.3,49892413,-0.0056275217668294575,-0.005643415925310984,2023,8,3,Monday
2023-08-22,AAPL,187.79,191.35,189.16,189.96,61702051,0.014201815269620832,0.014101914230878166,2023,8,3,Tuesday
2023-08-23,AAPL,188.61,196.49,194.43,195.69,117498643,0.030164245104232323,0.029718250795193087,2023,8,3,Wednesday
2023-08-24,AAPL,195.07,193.01,189.21,191.23,81814923,-0.02279114926669734,-0.02305488240123145,2023,8,3,Thursday
2023-08-25,AAPL,192.28,193.88,191.32,192.6,91592814,0.007164147884746175,0.007138607289142352,2023,8,3,Friday
2023-08-28,AAPL,192.95,190.92,187.86,189.31,73965611,-0.017082035306334342,-0.017229616342206558,2023,8,3,Monday
2023-08-29,AAPL,189.01,191.79,189.81,190.93,65639478,0.008557392636416417,0.00852098570355446,2023,8,3,Tuesday
2023-08-30,AAPL,191.36,192.68,189.33,190.59,132329823,-0.0017807573456241066,-0.0017823447788215823,2023,8,3,Wednesday
2023-08-31,AAPL,190.53,186.1,183.79,184.83,75608527,-0.03022194238942222,-0.030688040251962444,2023,8,3,Thursday
2023-09-01,AAPL,184.84,190.17,186.42,187.85,70036439,0.01633933885191796,0.016207288325388862,2023,9,3,Friday
2023-09-04,AAPL,188.48,187.39,184.35,186.01,111148744,-0.009795049241416054,-0.00984333631111846,2023,9,3,Monday
2023-09-05,AAPL,185.32,186.19,181.1,184.42,64413196,-0.008547927530777932,-0.00858467059786431,2023,9,3,Tuesday
2023-09-06,AAPL,184.45,184.13,179.33,181.17,66927398,-0.017622817481834918,-0.017779948123075658,2023,9,3,Wednesday
2023-09-07,AAPL,180.88,180.12,178.63,179.25,80246298,-0.010597781089584313,-0.010654337508189704,2023,9,3,Thursday
2023-09-08,AAPL,177.8,181.59,179.58,180.64,80006482,0.007754532775453127,0.007724620921621998,2023,9,3,Friday
2023-09-11,AAPL,179.79,180.84,179.29,180.14,86479728,-0.0027679362267493124,-0.0027717740457550944,2023,9,3,Monday
2023-09-12,AAPL,181.58,183.93,178.86,181.23,149833902,0.006050849339402697,0.006032616463162816,2023,9,3,Tuesday
2023-09-13,AAPL,181.59,183.87,181.43,182.43,88491022,0.006621420294653291,0.006599594981368564,2023,9,3,Wednesday
2023-09-14,AAPL,181.2,188.4,182.88,186.66,39197401,0.023186975826344325,0.022922242337472577,2023,9,3,Thursday
2023-09-15,AAPL,185.19,188.44,183.52,185.66,88227289,-0.005357334190506768,-0.00537173616581412,2023,9,3,Friday
2023-09-18,AAPL,185.55,184.36,178.09,181.14,80914305,-0.024345577938166607,-0.02464683102498413,2023,9,3,Monday
2023-09-19,AAPL,182.58,186.21,183.24,184.54,81049626,0.01877001214530205,0.018596029203607412,2023,9,3,Tuesday
2023-09-20,AAPL,184.36,187.41,179.33,183.58,86125955,-0.005202124200715197,-0.005215702359464761,2023,9,3,Wednesday
2023-09-21,AAPL,184.81,188.18,185.93,187.18,79314673,0.019609979300577285,0.01942018093816539,2023,9,3,Thursday
2023-09-22,AAPL,187.52,190.86,186.38,188.49,78747222,0.006998610962709595,0.006974234353854823,2023,9,3,Friday
2023-09-25,AAPL,188.94,190.34,186.62,188.15,96152925,-0.001803809220648378,-0.0018054380435191487,2023,9,3,Monday
2023-09-26,AAPL,186.87,191.32,186.96,189.36,67992839,0.006431039064576094,0.00641044816628219,2023,9,3,Tuesday
2023-09-27,AAPL,190.26,198.01,192.99,195.84,60202912,0.034220532319391594,0.03364803411823273,2023,9,3,Wednesday
2023-09-28,AAPL,195.5,206.03,199.46,202.97,198177099,0.036407271241829964,0.0357601855455738,2023,9,3,Thursday
2023-09-29,AAPL,203.86,204.24,202.28,203.3,64538981,0.0016258560378381581,0.0016245357647658462,2023,9,3,Friday
2023-10-02,AAPL,202.46,206.91,200.67,203.95,82439897,0.0031972454500737157,0.0031921451292664434,2023,10,4,Monday
2023-10-03,AAPL,204.13,210.87,205.67,207.81,51076706,0.018926207403775486,0.01874933493905596,2023,10,4,Tuesday
2023-10-04,AAPL,208.18,206.26,202.21,204.93,82844649,-0.013858813339107767,-0.013955743290755667,2023,10,4,Wednesday
2023-10-05,AAPL,204.77,209.49,202.25,206.19,60464654,0.0061484409310494925,0.00612961638975577,2023,10,4,Thursday
2023-10-06,AAPL,206.62,208.58,204.1,206.19,70055287,0.0,0.0,2023,10,4,Friday
2023-10-09,AAPL,205.91,209.05,205.22,207.39,109458560,0.0058198748726900895,0.005803004823659645,2023,10,4,Monday
2023-10-10,AAPL,206.7,206.92,202.61,204.56,92169521,-0.013645788128646474,-0.01373974764235211,2023,10,4,Tuesday
2023-10-11,AAPL,206.24,200.82,198.14,199.2,94873980,-0.02620258114978502,-0.02655198583243344,2023,10,4,Wednesday
2023-10-12,AAPL,200.26,193.96,191.36,192.38,47024332,-0.034236947791164596,-0.03483676242602828,2023,10,4,Thursday
2023-10-13,AAPL,191.63,189.74,187.29,188.84,138808486,-0.01840108119347117,-0.01857248704638343,2023,10,4,Friday
2023-10-16,AAPL,189.39,188.13,186.47,187.46,55950212,-0.007307773776742188,-0.0073346063597462124,2023,10,4,Monday
2023-10-17,AAPL,186.75,190.49,183.9,186.61,126544608,-0.004534300650805512,-0.004544611772959479,2023,10,4,Tuesday
2023-10-18,AAPL,185.49,194.8,191.14,192.95,108688913,0.03397459943197023,0.0334102104382473,2023,10,4,Wednesday
2023-10-19,AAPL,193.97,198.45,195.37,196.7,95128295,0.019435086810054347,0.019248637411385553,2023,10,4,Thursday
2023-10-20,AAPL,194.99,194.83,191.64,193.6,61900682,-0.015760040671072617,-0.01588555055253666,2023,10,4,Friday
2023-10-23,AAPL,194.51,196.62,193.34,194.83,83722150,0.006353305785124164,0.0063332086153193865,2023,10,4,Monday
2023-10-24,AAPL,194.58,196.79,192.02,193.58,69459941,-0.0064158497151363125,-0.006436519736853342,2023,10,4,Tuesday
2023-10-25,AAPL,193.37,195.83,188.97,192.73,80699994,-0.004390949478252026,-0.004400618009982507,2023,10,4,Wednesday
2023-10-26,AAPL,193.13,197.73,190.61,193.43,74222323,0.0036320240751310795,0.0036254442030462797,2023,10,4,Thursday
2023-10-27,AAPL,194.0,197.02,193.93,195.56,43399307,0.011011735511554654,0.010951547796438515,2023,10,4,Friday
2023-10-30,AAPL,194.74,196.17,192.97,194.52,112007057,-0.00531806095316012,-0.005332252174859726,2023,10,4,Monday
2023-10-31,AAPL,195.24,200.72,195.68,198.17,78076919,0.01876413736376703,0.018590262643536304,2023,10,4,Tuesday
2023-11-01,AAPL,198.28,196.58,192.53,194.44,69171333,-0.018822223343593847,-0.01900161600186676,2023,11,4,Wednesday
2023-11-02,AAPL,193.2,196.18,192.17,194.55,67621668,0.0005657272166221805,0.000565567253307924,2023,11,4,Thursday
2023-11-03,AAPL,194.38,206.74,199.95,203.43,89082642,0.04564379336931368,0.04463276593329774,2023,11,4,Friday
2023-11-06,AAPL,204.86,206.41,201.68,204.3,61184857,0.004276655360566206,0.004267536459715849,2023,11,4,Monday
2023-11-07,AAPL,206.04,211.22,207.78,209.43,40669318,0.02511013215859026,0.024800052826843326,2023,11,4,Tuesday
2023-11-08,AAPL,210.2,212.36,207.67,209.85,90392886,0.002005443346225322,0.0020034351291799792,2023,11,4,Wednesday
2023-11-09,AAPL,208.58,213.47,210.17,212.03,93480937,0.010388372647128996,0.01033478431485946,2023,11,4,Thursday
2023-11-10,AAPL,212.56,212.89,210.84,211.92,75349484,-0.0005187945102108626,-0.0005189291306450167,2023,11,4,Friday
2023-11-13,AAPL,212.84,212.24,210.03,211.4,56693284,-0.0024537561343902503,-0.00245677152767692,2023,11,4,Monday
2023-11-14,AAPL,212.19,211.28,206.31,208.71,82163182,-0.012724692526017045,-0.012806344832477607,2023,11,4,Tuesday
2023-11-15,AAPL,209.55,211.81,209.02,210.34,51555913,0.007809879737434633,0.007779540488222615,2023,11,4,Wednesday
2023-11-16,AAPL,210.73,209.07,206.06,207.41,58783279,-0.013929827897689484,-0.014027758451095218,2023,11,4,Thursday
2023-11-17,AAPL,207.33,211.65,208.19,209.87,63867923,0.011860566028639052,0.011790780768542817,2023,11,4,Friday
2023-11-20,AAPL,209.21,217.26,211.11,213.87,103049386,0.019059417734788253,0.018880062388316965,2023,11,4,Monday
2023-11-21,AAPL,211.8,216.62,213.61,215.31,71753981,0.0067330621405525815,0.006710496312443339,2023,11,4,Tuesday
2023-11-22,AAPL,215.68,217.16,210.09,214.36,69942026,-0.004412242812688594,-0.0044220054834406206,2023,11,4,Wednesday
2023-11-23,AAPL,214.56,219.17,213.93,216.12,143801573,0.008210487031162561,0.008176964349215544,2023,11,4,Thursday
2023-11-24,AAPL,216.73,218.08,212.28,215.08,88922516,-0.004812141402924297,-0.004823757034387681,2023,11,4,Friday
2023-11-27,AAPL,213.61,221.35,215.93,218.63,88563958,0.016505486330667507,0.016370751347318812,2023,11,4,Monday
2023-11-28,AAPL,219.35,212.95,211.38,212.02,71601527,-0.030233728216621625,-0.030700193443844614,2023,11,4,Tuesday
2023-11-29,AAPL,214.24,215.32,208.16,210.91,66894391,-0.005235355155174148,-0.005249107647428552,2023,11,4,Wednesday
2023-11-30,AAPL,210.99,205.98,202.67,203.98,41517071,-0.03285761699303025,-0.03340955237515114,2023,11,4,Thursday
2023-12-01,AAPL,203.91,201.41,196.48,198.95,106980737,-0.02465928032160014,-0.02496841294943442,2023,12,4,Friday
2023-12-04,AAPL,199.26,206.84,201.76,203.71,91516524,0.02392560944961053,0.023643876956528625,2023,12,4,Monday
2023-12-05,AAPL,205.82,207.71,206.1,206.93,75813534,0.01580678415394443,0.015683157994271314,2023,12,4,Tuesday
2023-12-06,AAPL,205.84,205.11,203.51,204.5,76773430,-0.011743101531919042,-0.011812596340881013,2023,12,4,Wednesday
2023-12-07,AAPL,204.71,202.0,197.88,199.43,99770237,-0.024792176039119762,-0.02510467791772616,2023,12,4,Thursday
2023-12-08,AAPL,198.62,191.23,188.13,189.71,50179853,-0.048738905881762995,-0.04996670720067618,2023,12,4,Friday
2023-12-11,AAPL,189.18,188.73,187.47,188.05,67024768,-0.00875019767012808,-0.008788705448108607,2023,12,4,Monday
2023-12-12,AAPL,188.0,199.27,193.24,196.04,56890921,0.04248869981387915,0.04161083512500122,2023,12,4,Tuesday
2023-12-13,AAPL,197.39,199.69,195.01,197.58,136112182,0.007855539685778457,0.007824845574981209,2023,12,4,Wednesday
2023-12-14,AAPL,199.4,198.38,193.65,195.8,104034574,-0.009009009009009028,-0.009049835519917927,2023,12,4,Thursday
2023-12-15,AAPL,196.25,200.16,195.88,197.45,41314719,0.008426966292134797,0.00839165763624838,2023,12,4,Friday
2023-12-18,AAPL,197.07,193.26,191.84,192.36,50800091,-0.02577867814636603,-0.026116771323196387,2023,12,4,Monday
2023-12-19,AAPL,194.81,194.67,187.77,191.48,76885932,-0.0045747556664588185,-0.004585251885153712,2023,12,4,Tuesday
2023-12-20,AAPL,191.06,193.79,190.77,191.89,69428300,0.0021412157927720443,0.0021389266573426545,2023,12,4,Wednesday
2023-12-21,AAPL,191.33,195.82,189.61,191.69,53769800,-0.0010422637969669246,-0.0010428073315819472,2023,12,4,Thursday
2023-12-22,AAPL,189.96,195.9,193.12,194.37,143373814,0.013980906672231175,0.013884075279906597,2023,12,4,Friday
2023-12-25,AAPL,195.76,197.24,192.5,195.61,87863863,0.006379585326953707,0.0063593219082924216,2023,12,4,Monday
2023-12-26,AAPL,196.57,199.48,196.26,197.93,92247163,0.011860334338735123,0.011790551794375591,2023,12,4,Tuesday
2023-12-27,AAPL,200.37,196.98,194.37,195.72,65002267,-0.011165563583084959,-0.011228366411720958,2023,12,4,Wednesday
2023-12-28,AAPL,194.33,200.9,194.91,198.82,99355952,0.015838953607193895,0.015714826363076206,2023,12,4,Thursday
2023-12-29,AAPL,200.3,206.85,203.04,204.49,71371369,0.028518257720551388,0.02811918174772425,2023,12,4,Friday
2024-01-01,AAPL,204.57,202.6,198.16,201.24,73480765,-0.015893197711379536,-0.016020848908605407,2024,1,1,Monday
2024-01-02,AAPL,202.07,202.72,195.8,198.31,96094033,-0.014559729676008826,-0.014666762725379385,2024,1,1,Tuesday
2024-01-03,AAPL,196.64,205.69,199.27,202.96,49073901,0.02344813675558477,0.02317745239328802,2024,1,1,Wednesday
2024-01-04,AAPL,204.48,204.33,199.52,202.39,129170726,-0.002808435159637468,-0.0028123862129122534,2024,1,1,Thursday
2024-01-05,AAPL,203.2,208.32,206.13,207.38,84499312,0.02465536834823867,0.024356330052017938,2024,1,1,Friday
2024-01-08,AAPL,207.33,207.84,202.64,205.91,117484909,-0.007088436686276345,-0.0071136790100767965,2024,1,1,Monday
2024-01-09,AAPL,206.59,213.84,208.82,211.17,57939577,0.025545141081054767,0.02522431616809462,2024,1,1,Tuesday
2024-01-10,AAPL,210.34,212.93,209.06,211.74,60647420,0.0026992470521380874,0.0026956106270837727,2024,1,1,Wednesday
2024-01-11,AAPL,211.11,213.74,211.7,212.76,56455717,0.004817228676678775,0.004805662958882962,2024,1,1,Thursday
2024-01-12,AAPL,212.26,221.01,215.03,218.6,86238432,0.02744876856551981,0.02707880586832133,2024,1,1,Friday
2024-01-15,AAPL,216.53,219.4,214.25,217.36,81599376,-0.005672461116193905,-0.00568861062434583,2024,1,1,Monday
2024-01-16,AAPL,218.31,216.23,212.42,214.0,69595721,-0.015458225984541829,-0.015578950096240874,2024,1,1,Tuesday
2024-01-17,AAPL,215.3,215.58,207.7,212.47,59015839,-0.007149532710280404,-0.007175213094304172,2024,1,1,Wednesday
2024-01-18,AAPL,211.71,216.43,211.5,214.21,54710068,0.00818939144349784,0.008156040337177367,2024,1,1,Thursday
2024-01-19,AAPL,214.59,210.03,206.33,208.67,78844807,-0.025862471406563725,-0.02620278551943147,2024,1,1,Friday
2024-01-22,AAPL,208.39,212.22,209.68,211.04,69571193,0.01135764604399303,0.011293632223711209,2024,1,1,Monday
2024-01-23,AAPL,211.4,210.74,207.16,209.21,65127346,-0.008671341925701181,-0.008709156773447423,2024,1,1,Tuesday
2024-01-24,AAPL,208.54,214.92,212.03,213.43,127249977,0.02017111992734577,0.01997037785991982,2024,1,1,Wednesday
2024-01-25,AAPL,212.47,209.12,202.16,205.01,78048383,-0.039450873822799104,-0.04025015161899303,2024,1,1,Thursday
2024-01-26,AAPL,206.11,206.44,200.19,202.38,117101316,-0.012828642505243626,-0.012911640134869853,2024,1,1,Friday
2024-01-29,AAPL,202.31,198.3,195.51,196.74,68173162,-0.027868366439371406,-0.028264058217001915,2024,1,1,Monday
2024-01-30,AAPL,198.77,195.7,192.06,194.08,86095704,-0.013520382230354788,-0.01361261488887189,2024,1,1,Tuesday
2024-01-31,AAPL,194.13,197.55,193.11,194.99,78679593,0.004688788128606847,0.004677830001755488,2024,1,1,Wednesday
2024-02-01,AAPL,194.07,195.57,193.45,194.49,48073925,-0.00256423406328532,-0.0025675273424814364,2024,2,1,Thursday
2024-02-02,AAPL,195.7,196.29,190.78,193.74,122796452,-0.003856239395341632,-0.00386369385677511,2024,2,1,Friday
2024-02-05,AAPL,194.36,195.81,192.11,193.3,76821192,-0.0022710849592236793,-0.002273667783953612,2024,2,1,Monday
2024-02-06,AAPL,194.02,197.39,192.21,194.06,100078222,0.003931712364200646,0.003924003382868113,2024,2,1,Tuesday
2024-02-07,AAPL,195.24,191.99,189.46,190.84,63842430,-0.01659280634855198,-0.016732008949247132,2024,2,1,Wednesday
2024-02-08,AAPL,190.21,196.23,191.64,193.24,76139967,0.012575979878432175,0.012497559038299641,2024,2,1,Thursday
2024-02-09,AAPL,193.11,197.72,193.62,195.52,61680690,0.011798799420409845,0.011729736297024574,2024,2,1,Friday
2024-02-12,AAPL,195.35,198.91,194.15,196.89,115911408,0.0070069558101470975,0.006982521170510372,2024,2,1,Monday
2024-02-13,AAPL,195.59,200.12,197.84,198.85,87834067,0.009954797094824608,0.009905574499958644,2024,2,1,Tuesday
2024-02-14,AAPL,198.58,201.32,198.14,199.95,89312610,0.005531807895398533,0.005516563639127726,2024,2,1,Wednesday
2024-02-15,AAPL,201.31,210.24,204.47,207.08,120239054,0.03565891472868232,0.03503785674087338,2024,2,1,Thursday
2024-02-16,AAPL,207.33,208.63,205.31,206.87,113174290,-0.0010141008305969423,-0.0010146153787427995,2024,2,1,Friday
2024-02-19,AAPL,205.45,206.72,204.93,205.88,100648011,-0.004785614153816398,-0.0047971018704040915,2024,2,1,Monday
2024-02-20,AAPL,204.25,204.88,201.93,203.35,52222238,-0.012288711870992786,-0.01236484243132021,2024,2,1,Tuesday
2024-02-21,AAPL,205.08,200.99,197.65,199.9,64930852,-0.016965822473567704,-0.017111390846879123,2024,2,1,Wednesday
2024-02-22,AAPL,199.81,197.11,194.59,195.81,59196368,-0.020460230115057598,-0.020672440191118704,2024,2,1,Thursday
2024-02-23,AAPL,195.16,196.86,189.87,192.96,99512846,-0.014554925693274101,-0.014661887776415134,2024,2,1,Friday
2024-02-26,AAPL,192.69,194.77,191.25,192.81,84202298,-0.0007773631840796158,-0.0007776654875161248,2024,2,1,Monday
2024-02-27,AAPL,191.36,197.63,192.11,194.0,52713569,0.006171879051916296,0.006152911012023523,2024,2,1,Tuesday
2024-02-28,AAPL,195.41,196.45,191.67,194.25,75595999,0.0012886597938144284,0.0012878301844286859,2024,2,1,Wednesday
2024-02-29,AAPL,193.86,192.66,191.21,191.83,51100431,-0.012458172458172379,-0.012536426099510296,2024,2,1,Thursday
2024-03-01,AAPL,193.17,197.15,191.47,194.87,78734362,0.01584736485429805,0.015723106427796604,2024,3,1,Friday
2024-03-04,AAPL,194.93,199.35,195.07,197.43,48687137,0.013136963103607568,0.013051421560094409,2024,3,1,Monday
2024-03-05,AAPL,198.87,199.31,193.94,196.98,93754051,-0.0022792888618752283,-0.0022818903945812778,2024,3,1,Tuesday
2024-03-06,AAPL,197.24,196.43,193.5,194.9,89605385,-0.01055944765966077,-0.010615594228041066,2024,3,1,Wednesday
2024-03-07,AAPL,195.74,198.56,195.22,196.81,141799088,0.00979989738327336,0.009752189821830723,2024,3,1,Thursday
2024-03-08,AAPL,197.53,198.4,196.66,197.53,103171084,0.003658350693562351,0.0036516752045632522,2024,3,1,Friday
2024-03-11,AAPL,198.16,195.59,190.98,192.81,70467552,-0.023895104541082346,-0.024185223488604652,2024,3,1,Monday
2024-03-12,AAPL,193.15,195.34,188.63,192.67,102252747,-0.0007261034178726034,-0.0007263671586357676,2024,3,1,Tuesday
2024-03-13,AAPL,192.45,197.82,189.26,193.62,52600597,0.004930710541340311,0.004918594399256821,2024,3,1,Wednesday
2024-03-14,AAPL,195.51,191.62,189.59,190.77,59936451,-0.014719553765106919,-0.014828961344499358,2024,3,1,Thursday
2024-03-15,AAPL,189.89,193.66,189.64,191.47,88408612,0.003669340042983693,0.0036626244376876354,2024,3,1,Friday
2024-03-18,AAPL,191.48,188.39,185.03,186.88,41869252,-0.02397242387841436,-0.0242644387452515,2024,3,1,Monday
2024-03-19,AAPL,186.89,194.08,189.09,191.26,79113094,0.0234375,0.02316705928153438,2024,3,1,Tuesday
2024-03-20,AAPL,191.65,196.21,194.19,195.45,58906276,0.021907351249607743,0.021670833317567084,2024,3,1,Wednesday
2024-03-21,AAPL,195.02,197.86,191.5,194.7,82468693,-0.0038372985418265726,-0.0038446798608098324,2024,3,1,Thursday
2024-03-22,AAPL,195.01,198.11,193.45,195.99,57899325,0.006625577812018557,0.006603725142614732,2024,3,1,Friday
2024-03-25,AAPL,195.83,189.16,187.42,188.21,90858293,-0.03969590285218638,-0.04050527681829606,2024,3,1,Monday
2024-03-26,AAPL,186.69,185.6,184.06,184.63,80465205,-0.019021305987992232,-0.019204538294821008,2024,3,1,Tuesday
2024-03-27,AAPL,184.63,186.34,181.6,183.79,121770291,-0.004549639820180973,-0.0045600209302690976,2024,3,1,Wednesday
2024-03-28,AAPL,182.76,181.97,179.05,180.55,80161792,-0.017628815495946304,-0.0177860537539158,2024,3,1,Thursday
2024-03-29,AAPL,178.95,184.47,180.33,182.84,63525016,0.012683467183605579,0.012603705740076793,2024,3,1,Friday
2024-04-01,AAPL,182.97,193.39,185.09,189.24,74288850,0.03500328155764598,0.034404597299403664,2024,4,2,Monday
2024-04-02,AAPL,189.71,188.19,184.12,185.58,53450485,-0.019340519974635373,-0.019529994837914066,2024,4,2,Tuesday
2024-04-03,AAPL,186.07,185.38,181.2,183.03,90365974,-0.013740704817329474,-0.013835982093162502,2024,4,2,Wednesday
2024-04-04,AAPL,183.56,186.17,182.38,183.85,95486197,0.004480139867781174,0.004470133915410182,2024,4,2,Thursday
2024-04-05,AAPL,182.04,189.73,188.05,189.04,167802122,0.02822953494696767,0.027838425131371417,2024,4,2,Friday
2024-04-08,AAPL,187.73,188.38,182.6,185.24,66385312,-0.0201015658061785,-0.020306351266101096,2024,4,2,Monday
2024-04-09,AAPL,187.1,187.23,184.84,186.11,73824323,0.004696609803498175,0.0046856151433210804,2024,4,2,Tuesday
2024-04-10,AAPL,185.11,193.66,190.69,192.05,67309344,0.03191660845736388,0.03141785803604148,2024,4,2,Wednesday
2024-04-11,AAPL,192.65,188.39,185.71,186.81,85256191,-0.027284561312158284,-0.0276636972394435,2024,4,2,Thursday
2024-04-12,AAPL,186.16,185.32,179.92,182.87,89705653,-0.021090948022054468,-0.021316539665928686,2024,4,2,Friday
2024-04-15,AAPL,182.94,182.97,180.53,181.64,78729205,-0.006726089571827076,-0.0067488116567913006,2024,4,2,Monday
2024-04-16,AAPL,181.05,182.03,178.18,180.12,110821900,-0.008368200836819994,-0.008403410796379391,2024,4,2,Tuesday
2024-04-17,AAPL,180.63,185.26,179.44,182.71,66482102,0.014379302687097528,0.014276900990203189,2024,4,2,Wednesday
2024-04-18,AAPL,182.83,186.75,180.81,183.54,107541718,0.004542717968365029,0.0045324309672929,2024,4,2,Thursday
2024-04-19,AAPL,183.12,180.09,174.43,178.16,94026437,-0.029312411463441213,-0.029750604441754903,2024,4,2,Friday
2024-04-22,AAPL,177.21,182.72,176.79,179.81,79711802,0.009261338123035534,0.009218714894434177,2024,4,2,Monday
2024-04-23,AAPL,180.06,181.77,174.75,178.14,72787602,-0.009287581335854611,-0.009330979839822966,2024,4,2,Tuesday
2024-04-24,AAPL,177.03,182.82,180.87,182.12,165674821,0.02234197821937811,0.022096052462857993,2024,4,2,Wednesday
2024-04-25,AAPL,182.52,182.89,176.89,180.27,62609939,-0.010158137491763641,-0.010210083452635035,2024,4,2,Thursday
2024-04-26,AAPL,182.69,180.02,176.23,178.41,87479684,-0.010317856548510695,-0.010371454627334397,2024,4,2,Friday
2024-04-29,AAPL,179.64,182.42,178.48,180.14,63877099,0.009696765876352265,0.009650053968984811,2024,4,2,Monday
2024-04-30,AAPL,180.8,184.57,180.62,182.57,136689626,0.013489508160319685,0.013399334769822059,2024,4,2,Tuesday
2024-05-01,AAPL,182.49,188.19,180.73,184.05,104383804,0.008106479706414094,0.008073798699611355,2024,5,2,Wednesday
2024-05-02,AAPL,182.23,182.05,177.38,178.93,65269292,-0.027818527574028806,-0.028212791921259674,2024,5,2,Thursday
2024-05-03,AAPL,177.73,182.07,179.17,180.66,93298602,0.009668585480355318,0.009622143817926863,2024,5,2,Friday
2024-05-06,AAPL,181.84,179.12,176.43,177.59,86430044,-0.016993246983283528,-0.017139289055193664,2024,5,2,Monday
2024-05-07,AAPL,176.87,180.13,176.68,178.38,68514075,0.004448448673911809,0.004438583571557493,2024,5,2,Tuesday
2024-05-08,AAPL,177.74,176.01,173.07,174.19,100431499,-0.023489180401390253,-0.02376944874869095,2024,5,2,Wednesday
2024-05-09,AAPL,174.04,177.15,173.83,175.6,89910816,0.008094609334634573,0.00806202371164594,2024,5,2,Thursday
2024-05-10,AAPL,174.65,173.96,172.13,173.28,85347934,-0.013211845102505615,-0.013299897948335722,2024,5,2,Friday
2024-05-13,AAPL,172.2,170.23,168.5,169.62,79000226,-0.021121883656509688,-0.0213481423191265,2024,5,2,Monday
2024-05-14,AAPL,169.58,175.18,169.7,171.77,91044006,0.012675392052823975,0.012595731715380063,2024,5,2,Tuesday
2024-05-15,AAPL,170.99,174.21,170.77,172.56,85699152,0.004599173313151184,0.004588629431966795,2024,5,2,Wednesday
2024-05-16,AAPL,171.9,174.42,167.95,170.84,81430885,-0.009967547519703301,-0.010017556107635203,2024,5,2,Thursday
2024-05-17,AAPL,170.16,177.27,173.12,175.19,66004429,0.025462420978693556,0.025143653274464925,2024,5,2,Friday
2024-05-20,AAPL,175.65,175.05,173.04,173.96,132974383,-0.0070209486842855995,-0.007045711518292946,2024,5,2,Monday
2024-05-21,AAPL,173.75,174.86,173.29,174.13,58375755,0.0009772361462403456,0.0009767589618535032,2024,5,2,Tuesday
2024-05-22,AAPL,173.97,175.84,173.34,175.01,90950690,0.005053695514845247,0.005040968456774736,2024,5,2,Wednesday
2024-05-23,AAPL,175.54,177.14,171.29,173.25,72671872,-0.01005656819610301,-0.01010747707805336,2024,5,2,Thursday
2024-05-24,AAPL,173.13,176.4,173.17,174.72,135624605,0.00848484848484854,0.008449054486527663,2024,5,2,Friday
2024-05-27,AAPL,174.48,174.82,171.21,173.22,61006588,-0.008585164835164805,-0.008622229653641464,2024,5,2,Monday
2024-05-28,AAPL,173.64,174.56,169.88,172.09,64164343,-0.006523496132086359,-0.0065448671260791135,2024,5,2,Tuesday
2024-05-29,AAPL,172.68,179.04,172.68,176.21,59804518,0.023940961124992777,0.023658869803819673,2024,5,2,Wednesday
2024-05-30,AAPL,176.08,174.37,172.35,173.19,88152313,-0.01713864139379151,-0.017287207839687353,2024,5,2,Thursday
2024-05-31,AAPL,173.27,166.92,165.32,166.31,52990435,-0.03972515734164783,-0.040535741058903285,2024,5,2,Friday
2024-06-03,AAPL,165.64,172.4,169.86,171.0,69301606,0.02820034874631716,0.02781003982061134,2024,6,2,Monday
2024-06-04,AAPL,170.25,179.39,178.04,178.66,41943223,0.04479532163742683,0.04382100177103312,2024,6,2,Tuesday
2024-06-05,AAPL,179.36,178.91,176.72,177.51,85983295,-0.006436807343557671,-0.006457612916980705,2024,6,2,Wednesday
2024-06-06,AAPL,177.92,173.13,169.46,171.84,68852199,-0.03194186243028552,-0.03246313403621243,2024,6,2,Thursday
2024-06-07,AAPL,172.24,172.73,168.74,171.01,51193348,-0.004830074487895741,-0.004841776995537486,2024,6,2,Friday
2024-06-10,AAPL,171.26,172.38,167.78,170.26,110798081,-0.004385708438103042,-0.004395353869051423,2024,6,2,Monday
2024-06-11,AAPL,170.3,171.59,167.27,169.78,54040110,-0.0028192176670973623,-0.0028231991460892325,2024,6,2,Tuesday
2024-06-12,AAPL,170.39,167.95,165.36,166.67,101606726,-0.01831782306514318,-0.018487671755737074,2024,6,2,Wednesday
2024-06-13,AAPL,167.47,170.05,166.4,168.4,64826494,0.010379792404151988,0.010326292254141705,2024,6,2,Thursday
2024-06-14,AAPL,169.18,172.79,167.58,169.99,129346913,0.0094418052256533,0.009397509982452082,2024,6,2,Friday
2024-06-17,AAPL,169.9,168.83,162.35,165.8,100172309,-0.024648508735807928,-0.02495736908948368,2024,6,2,Monday
2024-06-18,AAPL,166.97,171.43,166.01,167.85,59122542,0.012364294330518666,0.0122884807248493,2024,6,2,Tuesday
2024-06-19,AAPL,168.05,174.97,172.6,173.9,60758188,0.03604408698242478,0.035409697934193414,2024,6,2,Wednesday
2024-06-20,AAPL,174.46,175.29,173.74,174.48,95936277,0.003335250143760682,0.0033297005331361703,2024,6,2,Thursday
2024-06-21,AAPL,174.74,174.67,172.43,173.56,73944380,-0.005272810637322212,-0.005286760963223547,2024,6,2,Friday
2024-06-24,AAPL,173.78,174.98,171.19,173.22,76037290,-0.001958976722747141,-0.0019608980272511904,2024,6,2,Monday
2024-06-25,AAPL,172.57,177.52,172.33,175.12,117178485,0.01096871031058777,0.01090899031170885,2024,6,2,Tuesday
2024-06-26,AAPL,175.75,171.12,168.49,170.12,63906429,-0.02855185015989037,-0.028967382829174722,2024,6,2,Wednesday
2024-06-27,AAPL,172.59,172.83,168.63,170.67,82221330,0.0032330119915353617,0.003227797045232902,2024,6,2,Thursday
2024-06-28,AAPL,170.35,171.14,168.27,169.62,106528757,-0.0061522235893829436,-0.006171226497111662,2024,6,2,Friday
2024-07-01,AAPL,169.68,176.16,174.18,175.12,101978487,0.03242542153048,0.03191081228105363,2024,7,3,Monday
2024-07-02,AAPL,174.72,175.78,172.8,174.68,76259563,-0.002512562814070307,-0.002515724597247247,2024,7,3,Tuesday
2024-07-03,AAPL,174.24,181.62,177.34,179.78,73358242,0.02919624456148373,0.0287781525278929,2024,7,3,Wednesday
2024-07-04,AAPL,181.2,179.02,174.48,176.52,47483486,-0.018133274001557398,-0.018299696743906708,2024,7,3,Thursday
2024-07-05,AAPL,175.91,179.96,176.22,178.37,58273831,0.010480398821663295,0.01042586016886558,2024,7,3,Friday
2024-07-08,AAPL,177.94,180.55,178.59,179.42,88017389,0.005886640130066567,0.005869381560925318,2024,7,3,Monday
2024-07-09,AAPL,177.97,179.32,174.96,176.87,76758334,-0.014212462378775936,-0.01431442668443506,2024,7,3,Tuesday
2024-07-10,AAPL,176.19,178.87,176.59,177.49,81818612,0.003505399445920654,0.00349926985355278,2024,7,3,Wednesday
2024-07-11,AAPL,175.94,183.92,177.19,181.27,109267905,0.021296974477435393,0.02107336317457258,2024,7,3,Thursday
2024-07-12,AAPL,181.85,181.63,178.95,180.35,56026775,-0.005075302035637552,-0.005088225125279798,2024,7,3,Friday
2024-07-15,AAPL,182.93,176.67,174.24,175.31,74527824,-0.02794566121430553,-0.02834357198376525,2024,7,3,Monday
2024-07-16,AAPL,174.99,177.23,174.22,175.34,84659719,0.00017112543494390842,0.00017111079465685923,2024,7,3,Tuesday
2024-07-17,AAPL,173.85,175.24,171.34,172.75,64765862,-0.014771301471426912,-0.014881483512660217,2024,7,3,Wednesday
2024-07-18,AAPL,173.54,174.1,169.78,171.82,122912137,-0.005383502170766996,-0.005398045437868819,2024,7,3,Thursday
2024-07-19,AAPL,171.19,172.75,170.14,171.66,105067465,-0.0009312070771737568,-0.0009316409198365287,2024,7,3,Friday
2024-07-22,AAPL,172.8,169.49,163.04,166.83,87275225,-0.028137015029709778,-0.02854044642249147,2024,7,3,Monday
2024-07-23,AAPL,166.59,164.35,160.32,162.38,137043195,-0.026673859617574847,-0.02703606243328198,2024,7,3,Tuesday
2024-07-24,AAPL,161.86,166.15,162.17,163.79,51027160,0.008683335386131308,0.008645852059987772,2024,7,3,Wednesday
2024-07-25,AAPL,163.64,163.93,160.54,162.41,79814783,-0.008425422797484594,-0.008461117307776697,2024,7,3,Thursday
2024-07-26,AAPL,163.04,156.09,154.46,155.55,89293413,-0.042238778400344734,-0.04315677884286537,2024,7,3,Friday
2024-07-29,AAPL,155.37,159.67,155.91,157.71,60804276,0.013886210221793593,0.013790680155820304,2024,7,3,Monday
2024-07-30,AAPL,157.31,159.31,157.25,158.52,87552708,0.005136009130682906,0.005122864822767895,2024,7,3,Tuesday
2024-07-31,AAPL,158.36,159.0,154.08,156.67,57400435,-0.011670451678021831,-0.011739085916838686,2024,7,3,Wednesday
2024-08-01,AAPL,155.66,154.03,152.67,153.27,98415058,-0.021701665922001512,-0.02194061039457926,2024,8,3,Thursday
2024-08-02,AAPL,153.58,158.61,152.12,155.54,109878703,0.01481046519214435,0.01470186125598072,2024,8,3,Friday
2024-08-05,AAPL,154.12,158.61,155.45,156.54,86810419,0.006429214350006429,0.0064086351098948235,2024,8,3,Monday
2024-08-06,AAPL,156.18,165.91,160.22,163.08,45887249,0.04177845917976253,0.04092930957436075,2024,8,3,Tuesday
2024-08-07,AAPL,163.71,166.17,162.25,164.33,59858807,0.007664949717929748,0.007635723242145815,2024,8,3,Wednesday
2024-08-08,AAPL,164.58,166.49,164.58,165.49,94768742,0.007058966713320736,0.007034168837653296,2024,8,3,Thursday
2024-08-09,AAPL,165.99,168.19,162.67,165.09,80510388,-0.0024170644751949633,-0.0024199902910748525,2024,8,3,Friday
2024-08-12,AAPL,165.04,170.19,165.18,167.48,35652734,0.014476951965594509,0.01437316141116544,2024,8,3,Monday
2024-08-13,AAPL,168.48,170.86,167.61,169.34,116149220,0.01110580367805114,0.011044587063188598,2024,8,3,Tuesday
2024-08-14,AAPL,170.14,174.82,171.77,173.07,83347914,0.022026691862524928,0.021787608722776432,2024,8,3,Wednesday
2024-08-15,AAPL,173.46,173.26,169.88,171.62,62571145,-0.008378112902293844,-0.00841340655793284,2024,8,3,Thursday
2024-08-16,AAPL,172.43,173.76,167.64,170.43,107825406,-0.006933923785106599,-0.006958075141829637,2024,8,3,Friday
2024-08-19,AAPL,171.08,171.45,167.14,169.12,65285152,-0.0076864401807194005,-0.00771613311521775,2024,8,3,Monday
2024-08-20,AAPL,168.74,172.88,170.3,171.49,65071782,0.014013718070009507,0.013916433746128236,2024,8,3,Tuesday
2024-08-21,AAPL,170.31,177.67,173.07,175.99,89079785,0.02624059711936555,0.025902219374063857,2024,8,3,Wednesday
2024-08-22,AAPL,176.37,176.65,172.69,174.7,136501850,-0.007329961929655182,-0.0073569581021087705,2024,8,3,Thursday
2024-08-23,AAPL,175.19,176.85,170.78,173.52,130204043,-0.006754436176302114,-0.006777350621391823,2024,8,3,Friday
2024-08-26,AAPL,174.49,175.73,173.08,174.53,89116106,0.005820654679575821,0.005803780118126301,2024,8,3,Monday
2024-08-27,AAPL,173.7,175.02,172.63,173.88,91903795,-0.0037242880880078433,-0.00373124051615399,2024,8,3,Tuesday
2024-08-28,AAPL,173.08,180.19,173.74,176.8,101440895,0.016793190706234196,0.01665374408295175,2024,8,3,Wednesday
2024-08-29,AAPL,177.21,172.44,168.49,170.23,54868067,-0.037160633484162986,-0.037868686377064045,2024,8,3,Thursday
2024-08-30,AAPL,170.17,169.67,166.53,167.93,97054350,-0.013511131997885117,-0.0136032379195625,2024,8,3,Friday
2024-09-02,AAPL,166.32,167.19,163.49,165.79,64187250,-0.012743404990174567,-0.012825298655542754,2024,9,3,Monday
2024-09-03,AAPL,166.1,160.98,158.05,159.44,88020527,-0.038301465709632665,-0.039054251346834566,2024,9,3,Tuesday
2024-09-04,AAPL,157.94,159.44,154.38,156.92,74722880,-0.015805318615153108,-0.01593155456318754,2024,9,3,Wednesday
2024-09-05,AAPL,156.17,155.56,153.38,154.57,92980438,-0.014975783838898749,-0.015089053177124561,2024,9,3,Thursday
2024-09-06,AAPL,155.63,154.99,152.72,154.11,82885295,-0.0029759979297404593,-0.0029804350169409083,2024,9,3,Friday
2024-09-09,AAPL,155.54,158.74,155.45,157.13,31820716,0.019596392187398504,0.019406855054754122,2024,9,3,Monday
2024-09-10,AAPL,156.15,157.91,154.19,156.54,84410698,-0.0037548526697639417,-0.003761919825348394,2024,9,3,Tuesday
2024-09-11,AAPL,156.28,156.74,151.27,153.89,96996269,-0.01692858055449087,-0.017073506900931717,2024,9,3,Wednesday
2024-09-12,AAPL,153.92,154.57,152.84,153.81,91451167,-0.0005198518422249165,-0.0005199870120413976,2024,9,3,Thursday
2024-09-13,AAPL,155.21,157.19,155.96,156.65,77575437,0.01846433911969325,0.018295942934481956,2024,9,3,Friday
2024-09-16,AAPL,156.26,157.14,152.39,154.14,130931612,-0.01602298116820955,-0.016152737048353696,2024,9,3,Monday
2024-09-17,AAPL,153.77,153.13,150.78,151.84,87833113,-0.014921499935123816,-0.015033945488229377,2024,9,3,Tuesday
2024-09-18,AAPL,153.04,154.61,152.09,153.36,91224967,0.01001053740779767,0.00996076387577131,2024,9,3,Wednesday
2024-09-19,AAPL,153.07,154.04,151.38,152.85,109439753,-0.003325508607198824,-0.0033310504005456204,2024,9,3,Thursday
2024-09-20,AAPL,153.42,156.3,153.16,154.61,89193176,0.01151455675498858,0.011448768777659738,2024,9,3,Friday
2024-09-23,AAPL,153.45,156.92,152.81,154.65,61106687,0.0002587154776534373,0.00025868201657539003,2024,9,3,Monday
2024-09-24,AAPL,154.51,158.45,154.47,156.58,38494886,0.012479793081151103,0.012402562348689623,2024,9,3,Tuesday
2024-09-25,AAPL,155.25,155.99,151.79,153.91,69330877,-0.017051986205134817,-0.017199045487905525,2024,9,3,Wednesday
2024-09-26,AAPL,153.08,154.89,152.62,153.95,100515333,0.00025989214475985456,0.00025985837864663896,2024,9,3,Thursday
2024-09-27,AAPL,154.61,154.93,151.71,153.47,71959087,-0.0031178954205910436,-0.0031227661835057786,2024,9,3,Friday
2024-09-30,AAPL,153.43,152.45,148.32,150.39,101735890,-0.020069068873395546,-0.020273188243481913,2024,9,3,Monday
2024-10-01,AAPL,150.15,147.77,145.36,146.51,83650306,-0.025799587738546403,-0.026138234430300014,2024,10,4,Tuesday
2024-10-02,AAPL,145.95,149.06,146.73,148.3,117736191,0.012217596068527792,0.012143563630664787,2024,10,4,Wednesday
2024-10-03,AAPL,148.13,148.58,146.31,147.48,73219488,-0.005529332434255019,-0.0055446757779427785,2024,10,4,Thursday
2024-10-04,AAPL,147.71,145.64,144.46,145.01,92048083,-0.01674803363167887,-0.016889867806139932,2024,10,4,Friday
2024-10-07,AAPL,145.73,146.27,143.75,144.84,93110983,-0.0011723329425555873,-0.0011730206623632878,2024,10,4,Monday
2024-10-08,AAPL,142.9,149.33,145.92,147.71,125525283,0.01981496824081752,0.019621207155068036,2024,10,4,Tuesday
2024-10-09,AAPL,147.08,142.69,141.56,142.15,47944085,-0.0376413242163699,-0.03836805395549961,2024,10,4,Wednesday
2024-10-10,AAPL,142.27,140.39,137.58,138.64,69721180,-0.024692226521280447,-0.02500219268965826,2024,10,4,Thursday
2024-10-11,AAPL,138.57,138.48,133.9,136.54,103190982,-0.015147143681477182,-0.01526303341721637,2024,10,4,Friday
2024-10-14,AAPL,136.82,142.62,138.58,140.04,127204442,0.02563351398857483,0.025310484096330733,2024,10,4,Monday
2024-10-15,AAPL,140.23,142.07,137.96,140.78,85974271,0.005284204512996382,0.005270292093520713,2024,10,4,Tuesday
2024-10-16,AAPL,140.56,143.62,140.97,142.69,73274699,0.013567268077852024,0.013476056762498348,2024,10,4,Wednesday
2024-10-17,AAPL,142.31,141.92,137.72,140.02,100399993,-0.018711892914710093,-0.018889175393432194,2024,10,4,Thursday
2024-10-18,AAPL,139.84,138.11,136.29,137.44,103817799,-0.018425939151549886,-0.01859781131310639,2024,10,4,Friday
2024-10-21,AAPL,138.24,139.54,137.49,138.55,71817496,0.00807625145518065,0.008043813073042385,2024,10,4,Monday
2024-10-22,AAPL,138.03,140.0,137.74,138.75,88333447,0.001443522194153557,0.0014424813175562927,2024,10,4,Tuesday
2024-10-23,AAPL,138.71,141.21,139.04,140.11,113998445,0.00980180180180179,0.009754075756596177,2024,10,4,Wednesday
2024-10-24,AAPL,140.25,140.71,137.99,139.73,141057037,-0.0027121547355650755,-0.002715839290783715,2024,10,4,Thursday
2024-10-25,AAPL,140.84,141.55,139.59,140.46,99963800,0.0052243612681601714,0.005210761638518018,2024,10,4,Friday
2024-10-28,AAPL,140.24,142.85,139.33,140.9,81066378,0.0031325644311548384,0.0031276681737601956,2024,10,4,Monday
2024-10-29,AAPL,141.59,144.09,141.46,142.84,78712665,0.013768630234208601,0.013674703821613106,2024,10,4,Tuesday
2024-10-30,AAPL,143.74,145.89,143.62,144.88,94561044,0.01428171380565657,0.014180690848910141,2024,10,4,Wednesday
2024-10-31,AAPL,144.83,142.06,140.2,141.01,77271468,-0.02671176145775822,-0.02707500372601927,2024,10,4,Thursday
2024-11-01,AAPL,140.85,136.73,134.3,135.78,84683331,-0.03708956811573638,-0.03779488097563765,2024,11,4,Friday
2024-11-04,AAPL,135.55,139.23,137.36,138.17,58245320,0.017602003240535957,0.017448882195076953,2024,11,4,Monday
2024-11-05,AAPL,137.99,142.51,139.62,141.06,118054194,0.020916262575088718,0.02070052071145504,2024,11,4,Tuesday
2024-11-06,AAPL,141.67,140.0,137.87,138.69,56824707,-0.016801361122926406,-0.01694410511178937,2024,11,4,Wednesday
2024-11-07,AAPL,138.86,136.12,132.9,134.43,70273382,-0.030715985290936554,-0.031197609202082345,2024,11,4,Thursday
2024-11-08,AAPL,134.6,137.01,133.14,134.72,82376863,0.0021572565647547393,0.0021549330278550958,2024,11,4,Friday
2024-11-11,AAPL,133.95,137.88,135.68,136.93,145375885,0.016404394299287528,0.01627129585012581,2024,11,4,Monday
2024-11-12,AAPL,136.26,142.54,139.73,141.25,70472441,0.03154896662528284,0.03106152368240788,2024,11,4,Tuesday
2024-11-13,AAPL,142.79,143.99,140.45,142.56,65511250,0.009274336283185747,0.009231593695948762,2024,11,4,Wednesday
2024-11-14,AAPL,142.43,144.57,139.91,141.72,67814874,-0.005892255892255949,-0.0059096837252279886,2024,11,4,Thursday
2024-11-15,AAPL,141.16,141.05,138.38,139.65,131590625,-0.014606265876375923,-0.014713987606085449,2024,11,4,Friday
2024-11-18,AAPL,140.67,142.31,137.49,139.74,34409150,0.0006444683136412888,0.000644260733118903,2024,11,4,Monday
2024-11-19,AAPL,139.94,140.53,137.54,139.09,59216796,-0.004651495634750313,-0.004662347505265906,2024,11,4,Tuesday
2024-11-20,AAPL,139.5,139.31,134.51,136.77,181528605,-0.016679847580703067,-0.016820522725578976,2024,11,4,Wednesday
2024-11-21,AAPL,136.68,143.51,139.74,141.69,95515759,0.03597280105286238,0.03534088968267562,2024,11,4,Thursday
2024-11-22,AAPL,141.46,146.64,145.39,146.12,57410725,0.031265438633636844,0.030786629350946344,2024,11,4,Friday
2024-11-25,AAPL,146.0,149.45,148.16,149.04,79000267,0.019983575143717403,0.019786524366251175,2024,11,4,Monday
2024-11-26,AAPL,147.99,147.77,145.76,146.79,81635401,-0.015096618357487879,-0.015211732324191088,2024,11,4,Tuesday
2024-11-27,AAPL,146.72,151.03,148.01,149.01,103116994,0.015123646024933546,0.015010423818226913,2024,11,4,Wednesday
2024-11-28,AAPL,149.23,151.83,149.03,150.7,138917083,0.011341520703308516,0.011277687845080958,2024,11,4,Thursday
2024-11-29,AAPL,152.13,153.73,149.8,151.91,89890488,0.008029197080291928,0.007997134587121476,2024,11,4,Friday
2024-12-02,AAPL,151.98,156.9,153.01,155.25,68039617,0.021986702652886603,0.021748480594016878,2024,12,4,Monday
2024-12-03,AAPL,153.4,159.9,155.49,157.0,101306641,0.011272141706924366,0.01120908453471996,2024,12,4,Tuesday
2024-12-04,AAPL,156.93,159.95,157.97,159.06,64880740,0.01312101910828023,0.01303568418068109,2024,12,4,Wednesday
2024-12-05,AAPL,161.29,162.01,159.84,160.87,58675683,0.011379353703005135,0.011315095873227338,2024,12,4,Thursday
2024-12-06,AAPL,161.58,165.11,159.92,161.88,47183958,0.006278361409834066,0.006258734605448331,2024,12,4,Friday
2024-12-09,AAPL,161.21,158.81,155.36,157.11,50023260,-0.029466271312082903,-0.029909123048158695,2024,12,4,Monday
2024-12-10,AAPL,157.58,160.78,153.68,157.4,61135522,0.0018458404939214468,0.0018441390237968376,2024,12,4,Tuesday
2024-12-11,AAPL,156.81,157.53,154.43,155.99,56187241,-0.008958068614993597,-0.00899843335252549,2024,12,4,Wednesday
2024-12-12,AAPL,154.92,155.04,149.7,152.7,87882227,-0.021091095583050334,-0.021316690406190705,2024,12,4,Thursday
2024-12-13,AAPL,152.43,158.9,155.76,157.2,55824122,0.02946954813359537,0.0290436677705195,2024,12,4,Friday
2024-12-16,AAPL,157.28,163.69,160.16,161.97,31153504,0.030343511450381833,0.029892252903199284,2024,12,4,Monday
2024-12-17,AAPL,160.42,167.29,164.34,165.83,58489842,0.023831573748225088,0.0235520343277022,2024,12,4,Tuesday
2024-12-18,AAPL,164.86,168.25,164.06,166.63,69440393,0.004824217572212408,0.004812618324524636,2024,12,4,Wednesday
2024-12-19,AAPL,166.64,173.16,168.51,170.58,66712463,0.02370521514733248,0.02342860934043135,2024,12,4,Thursday
2024-12-20,AAPL,170.22,172.01,169.8,170.69,126202030,0.0006448587173173426,0.0006446508852780942,2024,12,4,Friday
2024-12-23,AAPL,171.03,173.34,169.26,171.36,66550686,0.003925244595465616,0.003917560923197234,2024,12,4,Monday
2024-12-24,AAPL,170.29,169.59,167.08,168.27,104199118,-0.01803221288515411,-0.018196774511083445,2024,12,4,Tuesday
2024-12-25,AAPL,168.89,170.43,168.73,169.49,79545712,0.007250252570274007,0.007224095841607846,2024,12,4,Wednesday
2024-12-26,AAPL,168.47,170.71,168.88,169.74,78991102,0.0014750132751195633,0.0014739265115678633,2024,12,4,Thursday
2024-12-27,AAPL,171.16,166.76,165.38,166.1,62265814,-0.021444562271709766,-0.021677837922281725,2024,12,4,Friday
2024-12-30,AAPL,164.64,168.45,164.24,166.03,78601583,-0.0004214328717639937,-0.0004215216995542058,2024,12,4,Monday
2024-12-31,AAPL,165.1,167.0,164.87,165.88,63592643,-0.0009034511835210868,-0.0009038595415144574,2024,12,4,Tuesday
2022-01-04,MSFT,338.64,352.87,343.34,346.25,14133010,0.02307646850254108,0.022814233445248126,2022,1,1,Tuesday
2022-01-05,MSFT,347.91,352.46,342.72,346.12,29954669,-0.00037545126353788483,-0.00037552176301016045,2022,1,1,Wednesday
2022-01-06,MSFT,345.93,350.52,348.16,349.13,26933500,0.00869640587079612,0.00865880994233158,2022,1,1,Thursday
2022-01-07,MSFT,349.83,353.63,348.69,350.99,13237556,0.005327528427806261,0.005313387350657422,2022,1,1,Friday
2022-01-10,MSFT,353.73,349.57,346.24,347.76,24139826,-0.009202541382945406,-0.009245146350990604,2022,1,1,Monday
2022-01-11,MSFT,347.36,351.88,342.57,347.18,19615368,-0.0016678168852081177,-0.0016692092401334713,2022,1,1,Tuesday
2022-01-12,MSFT,345.92,343.77,338.14,340.97,21821131,-0.017886975056166765,-0.018048880566638423,2022,1,1,Wednesday
2022-01-13,MSFT,341.72,348.97,338.98,343.83,16734050,0.008387834706865549,0.008352852302952756,2022,1,1,Thursday
2022-01-14,MSFT,345.03,352.67,345.52,348.18,28324649,0.012651601081930197,0.012572238253854574,2022,1,1,Friday
2022-01-17,MSFT,348.37,356.56,350.12,353.86,42411041,0.01631340111436619,0.01618176725428489,2022,1,1,Monday
2022-01-18,MSFT,355.54,362.21,354.23,357.81,27068830,0.01116260668060809,0.011100764573830536,2022,1,1,Tuesday
2022-01-19,MSFT,357.47,363.45,353.36,357.3,13079689,-0.0014253374696067134,-0.0014263542293231717,2022,1,1,Wednesday
2022-01-20,MSFT,357.51,370.09,362.22,366.36,27236408,0.025356842989084916,0.025040691505422784,2022,1,1,Thursday
2022-01-21,MSFT,367.0,374.19,369.65,371.76,23582011,0.014739600393055996,0.01463202824193608,2022,1,1,Friday
2022-01-24,MSFT,372.26,383.12,376.7,380.2,17967634,0.022702819023025622,0.02244894527760592,2022,1,1,Monday
2022-01-25,MSFT,383.1,394.79,385.64,389.22,27797969,0.023724355602314784,0.023447306398690453,2022,1,1,Tuesday
2022-01-26,MSFT,389.9,392.08,385.16,388.68,32550907,-0.001387390164945379,-0.0013883534817808979,2022,1,1,Wednesday
2022-01-27,MSFT,388.12,394.72,387.09,391.3,20457054,0.006740763610167733,0.0067181462451285255,2022,1,1,Thursday
2022-01-28,MSFT,392.27,399.33,392.46,396.33,15267951,0.012854587273191775,0.01277266834200548,2022,1,1,Friday
2022-01-31,MSFT,398.22,392.87,382.12,389.45,13672330,-0.01735927131430881,-0.017511710192414903,2022,1,1,Monday
2022-02-01,MSFT,390.88,384.82,381.01,382.83,20474297,-0.016998330979586584,-0.017144460951962856,2022,2,1,Tuesday
2022-02-02,MSFT,384.13,381.81,369.29,375.3,23860509,-0.019669304913408014,-0.01986532027301949,2022,2,1,Wednesday
2022-02-03,MSFT,372.64,376.68,372.02,374.88,21414626,-0.001119104716227115,-0.0011197313814897177,2022,2,1,Thursday
2022-02-04,MSFT,370.46,378.3,369.37,373.14,20366495,-0.004641485275288071,-0.0046522904156325925,2022,2,1,Friday
2022-02-07,MSFT,375.38,366.93,363.12,365.01,29643583,-0.021788068821353868,-0.022028933876385468,2022,2,1,Monday
2022-02-08,MSFT,365.77,370.84,360.93,366.09,28723730,0.002958823045943859,0.002954454344390361,2022,2,1,Tuesday
2022-02-09,MSFT,366.05,368.99,363.57,365.75,26542675,-0.0009287333715751744,-0.0009291649116240321,2022,2,1,Wednesday
2022-02-10,MSFT,366.95,378.43,369.03,372.84,31938818,0.01938482570061506,0.019199333292722543,2022,2,1,Thursday
2022-02-11,MSFT,376.24,390.52,380.54,385.08,20531978,0.032829095590601876,0.03230173171680947,2022,2,1,Friday
2022-02-14,MSFT,387.65,396.33,382.47,388.09,18002453,0.007816557598421037,0.007786166578119763,2022,2,1,Monday
2022-02-15,MSFT,389.85,389.36,380.9,384.08,21374010,-0.010332654796567753,-0.01038640726520068,2022,2,1,Tuesday
2022-02-16,MSFT,382.47,393.53,382.26,388.24,20936310,0.010831076858987876,0.010772840874275998,2022,2,1,Wednesday
2022-02-17,MSFT,386.85,391.86,384.28,388.53,13510794,0.00074696064290114,0.0007466818066446182,2022,2,1,Thursday
2022-02-18,MSFT,384.15,389.67,384.74,387.29,21225541,-0.0031915167425937696,-0.00319662049418502,2022,2,1,Friday
2022-02-21,MSFT,388.45,385.92,377.35,382.29,34824842,-0.012910222314028275,-0.012994283517122944,2022,2,1,Monday
2022-02-22,MSFT,384.3,383.82,377.49,379.73,31789366,-0.006696486960161119,-0.006719009031111128,2022,2,1,Tuesday
2022-02-23,MSFT,381.87,384.4,373.15,378.9,29266133,-0.002185763568851695,-0.0021881558366313586,2022,2,1,Wednesday
2022-02-24,MSFT,380.1,385.72,382.14,383.95,26006883,0.01332805489575084,0.013240017751997424,2022,2,1,Thursday
2022-02-25,MSFT,383.67,391.96,383.82,387.28,38611315,0.008673004297434561,0.00863560985488636,2022,2,1,Friday
2022-02-28,MSFT,386.25,401.93,394.07,398.81,18189153,0.029771741375748784,0.029337167367543136,2022,2,1,Monday
2022-03-01,MSFT,397.26,408.46,398.15,403.31,18716915,0.011283568616634598,0.011220384010578182,2022,3,1,Tuesday
2022-03-02,MSFT,403.0,408.12,402.61,406.25,35028583,0.007289677915251369,0.007263236634387161,2022,3,1,Wednesday
2022-03-03,MSFT,404.38,407.88,401.91,404.54,25207896,-0.004209230769230743,-0.004218114518997709,2022,3,1,Thursday
2022-03-04,MSFT,407.89,404.36,393.24,398.22,20440583,-0.015622682553023126,-0.015746002739060846,2022,3,1,Friday
2022-03-07,MSFT,395.77,397.09,392.34,394.89,29501857,-0.00836221184270014,-0.008397371280462683,2022,3,1,Monday
2022-03-08,MSFT,394.52,394.5,386.47,390.79,21918603,-0.010382638203043748,-0.01043691380052613,2022,3,1,Tuesday
2022-03-09,MSFT,387.22,382.73,368.21,375.57,19445548,-0.038946748893267547,-0.03972545936521922,2022,3,1,Wednesday
2022-03-10,MSFT,376.09,376.74,364.92,369.87,19283894,-0.015176931064781463,-0.015293279391109475,2022,3,1,Thursday
2022-03-11,MSFT,369.86,380.77,377.39,379.54,27531770,0.026144320977640856,0.02580840057726176,2022,3,1,Friday
2022-03-14,MSFT,378.9,384.88,378.46,381.98,26592267,0.0064288349054117955,0.006408258089175678,2022,3,1,Monday
2022-03-15,MSFT,380.29,381.09,378.48,379.94,39405281,-0.00534059374836382,-0.005354905698105414,2022,3,1,Tuesday
2022-03-16,MSFT,379.95,388.2,376.38,382.56,22916313,0.006895825656682675,0.006872158193111553,2022,3,1,Wednesday
2022-03-17,MSFT,381.58,373.6,368.18,371.19,22799326,-0.029720828105395225,-0.030171442816020525,2022,3,1,Thursday
2022-03-18,MSFT,370.95,375.9,369.43,373.06,38504144,0.005037851235216495,0.005025203722422515,2022,3,1,Friday
2022-03-21,MSFT,376.51,384.34,378.34,380.87,33601471,0.020934970246073048,0.020718844936730752,2022,3,1,Monday
2022-03-22,MSFT,381.18,385.88,375.36,380.37,26110703,-0.001312783889516056,-0.0013136463451809105,2022,3,1,Tuesday
2022-03-23,MSFT,381.33,372.75,367.27,370.12,15651582,-0.026947445907931744,-0.027317185827136808,2022,3,1,Wednesday
2022-03-24,MSFT,369.31,370.89,363.91,367.93,19595880,-0.005916999891926955,-0.005934574696825428,2022,3,1,Thursday
2022-03-25,MSFT,366.57,379.5,371.95,375.64,18222323,0.020955072975837652,0.020738535252408607,2022,3,1,Friday
2022-03-28,MSFT,375.6,380.34,372.67,377.4,25274888,0.004685337024810998,0.004674394998037016,2022,3,1,Monday
2022-03-29,MSFT,381.86,373.89,365.56,369.28,21463922,-0.02151563328033923,-0.02175046905476986,2022,3,1,Tuesday
2022-03-30,MSFT,368.78,385.75,380.63,383.53,40437084,0.038588604852686226,0.03786268072595753,2022,3,1,Wednesday
2022-03-31,MSFT,384.19,379.32,373.85,376.26,15602710,-0.01895549239955152,-0.019137450822653192,2022,3,1,Thursday
2022-04-01,MSFT,374.78,378.74,372.64,375.04,17645378,-0.0032424387391696285,-0.00324770683439126,2022,4,2,Friday
2022-04-04,MSFT,370.16,373.16,362.86,369.18,26903717,-0.015625,-0.015748356968139168,2022,4,2,Monday
2022-04-05,MSFT,367.8,365.3,361.84,363.42,29233246,-0.015602145294978054,-0.015725139759543108,2022,4,2,Tuesday
2022-04-06,MSFT,367.51,367.61,357.49,361.06,11504461,-0.0064938638489902,-0.006515040712398847,2022,4,2,Wednesday
2022-04-07,MSFT,362.07,367.23,362.19,364.91,14853756,0.010663047692904382,0.010606598326815988,2022,4,2,Thursday
2022-04-08,MSFT,367.74,377.55,367.78,372.62,23099124,0.02112849743772438,0.020908385756879918,2022,4,2,Friday
2022-04-11,MSFT,372.01,373.62,365.28,370.58,37550583,-0.005474746390424667,-0.005489787737939358,2022,4,2,Monday
2022-04-12,MSFT,366.45,366.16,363.43,364.95,44044658,-0.01519240110097686,-0.015308987956627218,2022,4,2,Tuesday
2022-04-13,MSFT,363.03,371.27,366.24,367.92,22076784,0.008138101109741225,0.00810516533402723,2022,4,2,Wednesday
2022-04-14,MSFT,368.61,373.97,367.85,371.1,23752356,0.008643183300717672,0.008606044834883654,2022,4,2,Thursday
2022-04-15,MSFT,371.51,376.64,369.04,372.73,19449397,0.004392347076259684,0.004382728873877719,2022,4,2,Friday
2022-04-18,MSFT,372.71,377.22,371.02,374.57,30230088,0.004936549244761501,0.004924404438096728,2022,4,2,Monday
2022-04-19,MSFT,373.63,380.31,368.81,374.13,39544819,-0.0011746803000773909,-0.0011753707777610726,2022,4,2,Tuesday
2022-04-20,MSFT,375.79,376.77,373.46,374.93,36440545,0.0021382941758212315,0.0021360112785880608,2022,4,2,Wednesday
2022-04-21,MSFT,374.04,378.54,370.71,374.08,24783438,-0.0022670898567733744,-0.0022696635956500426,2022,4,2,Thursday
2022-04-22,MSFT,374.62,384.59,377.18,380.66,19439679,0.01758982035928147,0.017436909975934403,2022,4,2,Friday
2022-04-25,MSFT,381.01,396.84,392.37,394.49,25061553,0.03633163452950128,0.03568720316255232,2022,4,2,Monday
2022-04-26,MSFT,393.8,401.27,391.45,395.84,37830355,0.003422139978199512,0.0034162977819324975,2022,4,2,Tuesday
2022-04-27,MSFT,394.19,400.47,390.02,396.03,22169571,0.00047999191592551504,0.0004798767566547105,2022,4,2,Wednesday
2022-04-28,MSFT,395.23,401.22,394.93,397.87,14501427,0.004646112668232227,0.004635352801599245,2022,4,2,Thursday
2022-04-29,MSFT,401.39,399.94,387.82,394.0,22440627,-0.009726795184356707,-0.009774409464443315,2022,4,2,Friday
2022-05-02,MSFT,396.07,400.16,397.81,399.01,22992500,0.01271573604060916,0.012635569934508135,2022,5,2,Monday
2022-05-03,MSFT,400.93,410.54,397.52,402.03,14475917,0.007568732613217666,0.007540233467804715,2022,5,2,Tuesday
2022-05-04,MSFT,400.53,404.31,393.96,399.61,26802281,-0.006019451284729915,-0.006037641213943847,2022,5,2,Wednesday
2022-05-05,MSFT,396.89,407.14,403.41,405.57,29098226,0.014914541678136217,0.014804413558120958,2022,5,2,Thursday
2022-05-06,MSFT,407.67,411.84,400.99,405.93,43677959,0.0008876396183150614,0.0008872458992389346,2022,5,2,Friday
2022-05-09,MSFT,407.66,405.68,395.21,400.01,16762809,-0.014583795235631802,-0.014691184148175374,2022,5,2,Monday
2022-05-10,MSFT,400.27,406.15,400.06,402.47,31125650,0.006149846253843849,0.006131013123831733,2022,5,2,Tuesday
2022-05-11,MSFT,401.76,406.58,400.52,404.21,33412386,0.0043233036002681136,0.004313984971777383,2022,5,2,Wednesday
2022-05-12,MSFT,401.41,414.92,406.34,410.61,29217332,0.015833353949679774,0.01570931400018844,2022,5,2,Thursday
2022-05-13,MSFT,412.3,418.91,414.56,416.27,18482703,0.013784369596453905,0.013690229297146356,2022,5,2,Friday
2022-05-16,MSFT,418.6,417.58,413.04,415.8,18163204,-0.0011290748792850414,-0.001129712764518557,2022,5,2,Monday
2022-05-17,MSFT,414.47,416.27,410.28,412.96,25739707,-0.006830206830206853,-0.006853639453608837,2022,5,2,Tuesday
2022-05-18,MSFT,411.48,417.35,406.23,413.22,25685564,0.0006296009298722982,0.0006294028143582967,2022,5,2,Wednesday
2022-05-19,MSFT,415.64,418.47,413.24,415.84,21137435,0.006340448187406089,0.006320432108518119,2022,5,2,Thursday
2022-05-20,MSFT,414.58,421.8,413.85,419.26,36831996,0.00822431704501736,0.008190681642556305,2022,5,2,Friday
2022-05-23,MSFT,422.79,423.68,418.21,421.51,22168012,0.0053665982922290745,0.005352249417153298,2022,5,2,Monday
2022-05-24,MSFT,421.29,423.25,419.36,421.15,14164879,-0.0008540722640032472,-0.0008544371915170909,2022,5,2,Tuesday
2022-05-25,MSFT,420.38,434.1,422.97,428.07,23374808,0.016431200284934055,0.016297668849220768,2022,5,2,Wednesday
2022-05-26,MSFT,428.16,426.13,421.32,423.8,28874470,-0.009975004088116357,-0.01002508777639476,2022,5,2,Thursday
2022-05-27,MSFT,423.02,444.8,435.74,440.93,27700879,0.040420009438414395,0.0396244868549523,2022,5,2,Friday
2022-05-30,MSFT,443.28,450.61,443.0,446.53,27636644,0.012700428639466521,0.012620454620026237,2022,5,2,Monday
2022-05-31,MSFT,448.4,442.99,431.87,438.93,39137165,-0.01702013302577643,-0.017166640250996512,2022,5,2,Tuesday
2022-06-01,MSFT,441.19,443.97,436.15,440.47,17893520,0.003508532112181939,0.0035023915720541116,2022,6,2,Wednesday
2022-06-02,MSFT,440.86,454.27,437.6,446.13,22015864,0.012849910323063929,0.012768050738467152,2022,6,2,Thursday
2022-06-03,MSFT,445.17,446.34,441.34,443.94,39741343,-0.004908883060991132,-0.004920971203187274,2022,6,2,Friday
2022-06-06,MSFT,443.92,440.91,425.99,433.87,13855341,-0.02268324548362388,-0.022944468106434527,2022,6,2,Monday
2022-06-07,MSFT,432.99,429.58,423.49,427.08,24600517,-0.01564984903312061,-0.015773600748978486,2022,6,2,Tuesday
2022-06-08,MSFT,430.04,432.33,428.86,430.99,36145489,0.009155193406387596,0.009113538668330484,2022,6,2,Wednesday
2022-06-09,MSFT,433.03,424.83,413.68,419.49,35984226,-0.026682753660177694,-0.02704520025756307,2022,6,2,Thursday
2022-06-10,MSFT,419.31,413.12,407.32,410.27,30475123,-0.021979069822880226,-0.022224208177217857,2022,6,2,Friday
2022-06-13,MSFT,408.47,418.25,411.44,414.0,30707521,0.00909157384161663,0.00905049428166335,2022,6,2,Monday
2022-06-14,MSFT,417.01,420.43,406.89,412.79,18293922,-0.0029227053140096215,-0.0029269847575882717,2022,6,2,Tuesday
2022-06-15,MSFT,413.06,413.3,404.83,408.53,37744091,-0.01032001744228317,-0.010373638051725599,2022,6,2,Wednesday
2022-06-16,MSFT,408.28,411.15,399.52,405.6,17441585,-0.007172055907766706,-0.007197898739027067,2022,6,2,Thursday
2022-06-17,MSFT,408.57,402.98,389.69,396.55,17756504,-0.022312623274161725,-0.02256531574764477,2022,6,2,Friday
2022-06-20,MSFT,395.59,402.79,395.89,399.82,28085068,0.00824612280922965,0.008212309298268149,2022,6,2,Monday
2022-06-21,MSFT,399.22,396.13,393.69,395.01,21562840,-0.012030413686158759,-0.012103364791234703,2022,6,2,Tuesday
2022-06-22,MSFT,394.58,397.75,386.52,391.92,26599298,-0.007822586769955175,-0.007853343706042636,2022,6,2,Wednesday
2022-06-23,MSFT,389.48,396.47,392.04,394.3,28448799,0.00607266789140648,0.0060543035532622,2022,6,2,Thursday
2022-06-24,MSFT,394.89,395.68,390.25,392.94,42619365,-0.0034491503931017853,-0.003455112425564361,2022,6,2,Friday
2022-06-27,MSFT,391.53,390.99,386.83,388.84,28474051,-0.010434162976535877,-0.010488980505149004,2022,6,2,Monday
2022-06-28,MSFT,387.79,379.9,374.12,377.06,20765968,-0.030295237115523066,-0.03076362197443115,2022,6,2,Tuesday
2022-06-29,MSFT,375.81,382.52,377.11,379.48,30625169,0.006418076698668784,0.006397568546239161,2022,6,2,Wednesday
2022-06-30,MSFT,378.42,383.32,377.26,380.17,19479245,0.0018182776430906156,0.0018166265773912021,2022,6,2,Thursday
2022-07-01,MSFT,378.67,381.34,373.31,377.31,32878616,-0.007522950259094663,-0.007551390374893392,2022,7,3,Friday
2022-07-04,MSFT,377.75,377.61,365.32,371.42,25489438,-0.015610505950014564,-0.015733632962266954,2022,7,3,Monday
2022-07-05,MSFT,371.14,375.4,364.37,371.71,28192020,0.0007807872489364875,0.0007804825931430287,2022,7,3,Tuesday
2022-07-06,MSFT,371.79,377.37,372.47,374.75,14653506,0.008178418659707809,0.008145156624657103,2022,7,3,Wednesday
2022-07-07,MSFT,378.92,376.9,373.72,375.55,12726063,0.002134756504336144,0.0021324811493136178,2022,7,3,Thursday
2022-07-08,MSFT,375.28,388.82,382.94,385.59,15933894,0.026734123285847344,0.026383010658129306,2022,7,3,Friday
2022-07-11,MSFT,386.7,392.45,387.46,390.13,42207886,0.01177416426774558,0.011705388123662362,2022,7,3,Monday
2022-07-12,MSFT,391.45,391.86,385.18,389.7,17715312,-0.00110219670366285,-0.0011028045691489055,2022,7,3,Tuesday
2022-07-13,MSFT,389.58,398.1,391.36,394.49,31142354,0.012291506286887355,0.012216579077526853,2022,7,3,Wednesday
2022-07-14,MSFT,395.0,398.78,389.06,395.03,20620866,0.0013688559912798937,0.001367919962012941,2022,7,3,Thursday
2022-07-15,MSFT,395.06,398.57,393.12,395.54,23263062,0.0012910411867455007,0.0012902085096757733,2022,7,3,Friday
2022-07-18,MSFT,395.92,409.02,400.5,403.94,24666837,0.02123679021085101,0.021014432186363445,2022,7,3,Monday
2022-07-19,MSFT,402.82,401.5,392.05,398.5,40935978,-0.013467346635638977,-0.013558853849972621,2022,7,3,Tuesday
2022-07-20,MSFT,397.57,404.32,391.31,398.88,29791630,0.000953575909661275,0.0009531215449780678,2022,7,3,Wednesday
2022-07-21,MSFT,398.91,409.05,402.36,406.67,28061141,0.019529683112715635,0.019341425971663367,2022,7,3,Thursday
2022-07-22,MSFT,402.88,416.08,405.15,408.89,36887965,0.005458971647773314,0.005444125467458322,2022,7,3,Friday
2022-07-25,MSFT,411.78,410.34,401.58,406.76,20674824,-0.005209224974932147,-0.0052228402914327975,2022,7,3,Monday
2022-07-26,MSFT,410.91,399.1,392.68,396.21,34445512,-0.025936670272396545,-0.026278957199114064,2022,7,3,Tuesday
2022-07-27,MSFT,396.53,386.77,377.6,382.52,32761911,-0.03455238383685422,-0.03516343424248078,2022,7,3,Wednesday
2022-07-28,MSFT,383.72,400.47,391.0,395.47,32650025,0.033854438983582646,0.03329399149916624,2022,7,3,Thursday
2022-07-29,MSFT,397.49,401.52,394.74,397.63,23863994,0.005461855513692493,0.005446993671795588,2022,7,3,Friday
2022-08-01,MSFT,395.14,397.41,391.91,394.22,21926179,-0.00857581168422894,-0.008612795553520198,2022,8,3,Monday
2022-08-02,MSFT,395.95,400.95,392.71,396.63,19258041,0.006113337730201396,0.0060947270913315746,2022,8,3,Tuesday
2022-08-03,MSFT,395.83,395.88,384.4,390.98,19623368,-0.014245014245014231,-0.01434744840814154,2022,8,3,Wednesday
2022-08-04,MSFT,395.22,390.91,388.26,389.18,18987329,-0.004603816051972021,-0.004614446251963749,2022,8,3,Thursday
2022-08-05,MSFT,388.83,387.06,380.93,383.68,27908467,-0.014132278123233477,-0.01423308969086035,2022,8,3,Friday
2022-08-08,MSFT,385.33,377.25,373.13,375.46,23344815,-0.021424103419516283,-0.021656930942933347,2022,8,3,Monday
2022-08-09,MSFT,375.14,366.24,359.02,363.43,28454203,-0.032040696745325614,-0.032565234681632096,2022,8,3,Tuesday
2022-08-10,MSFT,367.2,357.5,350.9,354.61,28940454,-0.024268772528409865,-0.024568112182489037,2022,8,3,Wednesday
2022-08-11,MSFT,353.75,365.43,358.36,360.57,18191400,0.016807196638560562,0.01666751860071222,2022,8,3,Thursday
2022-08-12,MSFT,362.56,359.74,350.83,355.22,18028345,-0.014837618215603032,-0.014948796793626377,2022,8,3,Friday
2022-08-15,MSFT,356.27,360.62,356.26,358.44,23342546,0.00906480490963335,0.009023966176837882,2022,8,3,Monday
2022-08-16,MSFT,359.12,366.94,360.99,364.09,19813026,0.01576274969311453,0.015639807806051655,2022,8,3,Tuesday
2022-08-17,MSFT,364.49,369.84,359.54,364.4,19196964,0.0008514378313053683,0.0008510755637327066,2022,8,3,Wednesday
2022-08-18,MSFT,363.26,364.67,361.03,362.91,41578446,-0.004088913282107476,-0.0040972957459366,2022,8,3,Thursday
2022-08-19,MSFT,358.47,368.4,358.79,363.88,15781989,0.002672838995894322,0.0026692733139945754,2022,8,3,Friday
2022-08-22,MSFT,365.73,366.68,356.84,361.72,45869258,-0.005936022864680535,-0.005953711081581586,2022,8,3,Monday
2022-08-23,MSFT,360.88,373.01,363.25,368.86,27263225,0.019739024659958027,0.019546736382380542,2022,8,3,Tuesday
2022-08-24,MSFT,370.9,382.87,377.36,380.15,33607434,0.030607818684595722,0.030148743419785705,2022,8,3,Wednesday
2022-08-25,MSFT,380.78,392.12,385.49,389.16,32439462,0.023701170590556542,0.02342465843278144,2022,8,3,Thursday
2022-08-26,MSFT,391.36,377.41,374.85,376.41,30083100,-0.03276287388220778,-0.033311595267508806,2022,8,3,Friday
2022-08-29,MSFT,377.84,380.39,368.59,374.05,41158289,-0.006269759039345457,-0.00628949652130419,2022,8,3,Monday
2022-08-30,MSFT,369.7,379.5,370.01,374.3,18068151,0.0006683598449406247,0.0006681365919694692,2022,8,3,Tuesday
2022-08-31,MSFT,375.38,383.21,373.21,377.26,23854247,0.007908095110873647,0.007876990007195257,2022,8,3,Wednesday
2022-09-01,MSFT,376.65,370.8,363.8,367.35,19356373,-0.026268356040926588,-0.02661953285129199,2022,9,3,Thursday
2022-09-02,MSFT,369.37,360.72,354.54,357.61,15030056,-0.026514223492582034,-0.02687206495210195,2022,9,3,Friday
2022-09-05,MSFT,358.61,370.76,362.41,365.27,20501611,0.021419982662677084,0.021193799033256196,2022,9,3,Monday
2022-09-06,MSFT,366.31,367.69,355.84,362.28,43844099,-0.00818572562761799,-0.008219412640693162,2022,9,3,Tuesday
2022-09-07,MSFT,361.81,356.53,352.15,354.1,23732272,-0.022579220492436658,-0.02283803438888956,2022,9,3,Wednesday
2022-09-08,MSFT,352.57,355.62,344.81,348.2,45328253,-0.016661959898333856,-0.016802331783769435,2022,9,3,Thursday
2022-09-09,MSFT,347.49,356.85,344.84,350.56,46741105,0.006777713957495823,0.006754848513067855,2022,9,3,Friday
2022-09-12,MSFT,347.58,353.67,341.54,346.25,61400313,-0.012294614331355591,-0.012370818345608181,2022,9,3,Monday
2022-09-13,MSFT,345.28,352.94,341.47,347.78,44279584,0.004418772563176798,0.004409038452374459,2022,9,3,Tuesday
2022-09-14,MSFT,345.37,345.19,339.23,342.66,50719750,-0.014721950658462046,-0.014831394049096058,2022,9,3,Wednesday
2022-09-15,MSFT,340.33,338.38,328.97,333.57,27561671,-0.026527753458238545,-0.026885963521559076,2022,9,3,Thursday
2022-09-16,MSFT,333.75,343.65,339.41,341.34,26772474,0.023293461642234004,0.02302630960734348,2022,9,3,Friday
2022-09-19,MSFT,342.2,346.73,337.79,343.69,27312040,0.006884631159547627,0.0068610403007938765,2022,9,3,Monday
2022-09-20,MSFT,343.64,343.75,339.89,342.09,25000466,-0.0046553580261282645,-0.004666227954028247,2022,9,3,Tuesday
2022-09-21,MSFT,341.28,343.38,333.24,339.49,26148053,-0.007600339092051711,-0.0076293688534367415,2022,9,3,Wednesday
2022-09-22,MSFT,337.97,350.65,345.91,347.62,31328574,0.023947686235235244,0.023665437651393964,2022,9,3,Thursday
2022-09-23,MSFT,347.1,352.69,348.37,351.08,21739490,0.0099533973879522,0.00990418858858284,2022,9,3,Friday
2022-09-26,MSFT,349.72,359.13,355.76,357.69,16536805,0.01882761763700591,0.018652571762233533,2022,9,3,Monday
2022-09-27,MSFT,357.58,359.07,350.94,354.63,27881446,-0.008554893902541272,-0.008591697055754985,2022,9,3,Tuesday
2022-09-28,MSFT,352.08,356.56,352.07,355.12,20308395,0.001381721794546431,0.0013807680953845348,2022,9,3,Wednesday
2022-09-29,MSFT,356.3,360.66,355.01,357.59,20949059,0.0069553953593151085,0.006931318176756974,2022,9,3,Thursday
2022-09-30,MSFT,356.63,356.8,351.92,354.71,23951952,-0.008053916496546298,-0.008086524481352384,2022,9,3,Friday
2022-10-03,MSFT,355.34,356.4,352.77,354.39,22359087,-0.0009021454145640151,-0.0009025525926461704,2022,10,4,Monday
2022-10-04,MSFT,355.87,355.67,345.84,351.35,34879127,-0.008578120150117052,-0.008615123990331482,2022,10,4,Tuesday
2022-10-05,MSFT,351.9,358.02,349.77,353.78,23780201,0.0069161804468478305,0.006892373377154709,2022,10,4,Wednesday
2022-10-06,MSFT,355.11,349.39,345.21,346.7,35410582,-0.02001243710780709,-0.020215398324383703,2022,10,4,Thursday
2022-10-07,MSFT,343.31,352.06,347.52,350.04,26593868,0.00963368906835882,0.00958758097665262,2022,10,4,Friday
2022-10-10,MSFT,349.22,353.23,350.32,351.96,24344772,0.005485087418580559,0.005470099109729443,2022,10,4,Monday
2022-10-11,MSFT,353.8,354.87,348.67,351.05,26215267,-0.002585521081940989,-0.002588869314101995,2022,10,4,Tuesday
2022-10-12,MSFT,351.89,356.01,351.62,353.75,16968978,0.007691212078051457,0.007661785494189436,2022,10,4,Wednesday
2022-10-13,MSFT,356.84,353.69,350.87,351.93,27668621,-0.00514487632508831,-0.005158156771708691,2022,10,4,Thursday
2022-10-14,MSFT,354.76,350.16,346.18,348.44,32253695,-0.009916744807206057,-0.009966243235047478,2022,10,4,Friday
2022-10-17,MSFT,348.93,355.39,348.14,351.64,33653967,0.009183790609573972,0.009141876032286451,2022,10,4,Monday
2022-10-18,MSFT,351.23,360.43,350.62,355.12,16663548,0.009896485041519743,0.009847835542801968,2022,10,4,Tuesday
2022-10-19,MSFT,353.51,354.07,350.83,352.5,15850194,-0.0073777877900428335,-0.0074051382734564904,2022,10,4,Wednesday
2022-10-20,MSFT,351.71,355.15,345.58,349.43,21281332,-0.008709219858155981,-0.008747366761435322,2022,10,4,Thursday
2022-10-21,MSFT,348.76,353.8,345.19,348.63,37874366,-0.002289442806856945,-0.0022920675879960087,2022,10,4,Friday
2022-10-24,MSFT,347.65,351.73,339.37,345.82,26713483,-0.008060121045234236,-0.008092779426248782,2022,10,4,Monday
2022-10-25,MSFT,344.32,357.06,352.61,354.43,19815555,0.024897345439824248,0.024592456784530856,2022,10,4,Tuesday
2022-10-26,MSFT,355.11,360.87,352.04,356.41,16167353,0.005586434556894115,0.0055708883032433544,2022,10,4,Wednesday
2022-10-27,MSFT,359.27,361.79,352.47,356.71,20362175,0.0008417272242640106,0.0008413731705678039,2022,10,4,Thursday
2022-10-28,MSFT,358.28,355.81,345.59,351.71,19953618,-0.014016988590171309,-0.014116154335412445,2022,10,4,Friday
2022-10-31,MSFT,351.18,361.21,350.03,356.04,33100922,0.012311279178869095,0.012236111691157847,2022,10,4,Monday
2022-11-01,MSFT,357.75,354.54,351.44,352.84,33873706,-0.008987754184923147,-0.009028387700164668,2022,11,4,Tuesday
2022-11-02,MSFT,353.41,354.07,345.19,349.43,18245258,-0.009664437138646287,-0.009711440899678086,2022,11,4,Wednesday
2022-11-03,MSFT,349.37,360.44,350.64,353.92,31337819,0.012849497753484318,0.012767643403027386,2022,11,4,Thursday
2022-11-04,MSFT,353.75,357.98,354.62,356.3,30389674,0.006724683544303778,0.006702173717875057,2022,11,4,Friday
2022-11-07,MSFT,355.96,345.28,340.86,342.72,17548554,-0.03811394891944986,-0.03885928535240637,2022,11,4,Monday
2022-11-08,MSFT,343.78,346.31,335.81,342.08,24379197,-0.0018674136321196189,-0.0018691594227036473,2022,11,4,Tuesday
2022-11-09,MSFT,342.3,344.19,340.91,342.95,27691397,0.0025432647333956115,0.002540036108649897,2022,11,4,Wednesday
2022-11-10,MSFT,341.77,344.16,338.45,341.33,26254737,-0.004723720658988184,-0.004734912686671004,2022,11,4,Thursday
2022-11-11,MSFT,340.07,345.21,339.11,342.39,14964990,0.0031054990771395286,0.0031006869749590693,2022,11,4,Friday
2022-11-14,MSFT,342.89,336.97,327.83,332.97,26003484,-0.02751248576185039,-0.027898042401620384,2022,11,4,Monday
2022-11-15,MSFT,333.64,320.01,317.17,318.64,30257839,-0.04303691023215317,-0.04399045695860917,2022,11,4,Tuesday
2022-11-16,MSFT,318.17,318.42,310.84,313.96,40155285,-0.01468742154155167,-0.01479634961477592,2022,11,4,Wednesday
2022-11-17,MSFT,312.29,318.66,311.73,315.55,20455227,0.005064339406293916,0.00505155877163571,2022,11,4,Thursday
2022-11-18,MSFT,317.41,302.98,297.39,300.1,21226276,-0.04896212961495794,-0.05020139558392703,2022,11,4,Friday
2022-11-21,MSFT,301.57,297.92,294.03,296.32,23481568,-0.012595801399533535,-0.012675800988506914,2022,11,4,Monday
2022-11-22,MSFT,293.53,288.67,285.78,287.65,27282367,-0.02925890928725705,-0.029695488148512143,2022,11,4,Tuesday
2022-11-23,MSFT,289.47,287.89,284.37,286.72,25738325,-0.0032330957761166346,-0.003238333522736627,2022,11,4,Wednesday
2022-11-24,MSFT,286.44,296.98,294.91,295.87,29969141,0.03191266741071419,0.0314140388764862,2022,11,4,Thursday
2022-11-25,MSFT,296.14,300.35,291.9,295.04,17837801,-0.0028052861053841083,-0.0028092282948229256,2022,11,4,Friday
2022-11-28,MSFT,296.62,296.55,292.65,294.71,28160827,-0.0011184924078092573,-0.0011191183872547913,2022,11,4,Monday
2022-11-29,MSFT,297.01,301.24,296.96,298.81,20009581,0.013911981269722817,0.013816097919815503,2022,11,4,Tuesday
2022-11-30,MSFT,300.22,303.95,295.39,299.08,23947780,0.0009035842173956699,0.0009031762309249668,2022,11,4,Wednesday
2022-12-01,MSFT,299.43,300.35,296.09,298.25,41732487,-0.0027751772101110017,-0.002779035153689294,2022,12,4,Thursday
2022-12-02,MSFT,296.31,304.5,301.53,302.81,16434831,0.01528918692372172,0.015173485139026947,2022,12,4,Friday
2022-12-05,MSFT,299.91,307.44,301.21,305.25,22989453,0.008057858062811674,0.00802556687376164,2022,12,4,Monday
2022-12-06,MSFT,306.52,309.79,303.23,306.82,17055659,0.00514332514332505,0.0051301434258131965,2022,12,4,Tuesday
2022-12-07,MSFT,308.77,309.85,301.51,306.33,26174776,-0.001597027573169929,-0.0015983041810710493,2022,12,4,Wednesday
2022-12-08,MSFT,305.16,307.65,301.45,304.85,34238327,-0.004831390983579653,-0.004843099881731039,2022,12,4,Thursday
2022-12-09,MSFT,304.46,312.6,306.36,309.47,26305350,0.015154994259471977,0.015041304539640138,2022,12,4,Friday
2022-12-12,MSFT,308.65,310.52,304.11,308.01,24139779,-0.0047177432384399864,-0.004728906914482139,2022,12,4,Monday
2022-12-13,MSFT,307.16,317.02,311.35,314.23,37240486,0.020194149540599504,0.01999295187017115,2022,12,4,Tuesday
2022-12-14,MSFT,315.83,312.74,306.38,309.27,27605818,-0.01578461636381001,-0.015910520072751077,2022,12,4,Wednesday
2022-12-15,MSFT,309.59,319.9,313.93,316.52,31968327,0.023442299608756212,0.023171748964589668,2022,12,4,Thursday
2022-12-16,MSFT,316.18,321.66,316.68,319.07,30983445,0.008056362947049145,0.008024083708029314,2022,12,4,Friday
2022-12-19,MSFT,323.08,316.59,310.87,314.43,10548711,-0.014542263453160675,-0.014649038598826191,2022,12,4,Monday
2022-12-20,MSFT,312.3,320.84,314.06,317.15,24431546,0.008650574054638538,0.008613372229710462,2022,12,4,Tuesday
2022-12-21,MSFT,317.97,316.11,313.18,314.1,18091703,-0.009616900520258431,-0.00966344153530516,2022,12,4,Wednesday
2022-12-22,MSFT,312.54,317.83,311.25,314.45,19493493,0.0011142948105697936,0.001113674444911417,2022,12,4,Thursday
2022-12-23,MSFT,314.22,313.78,310.92,312.23,38910014,-0.00705994593735082,-0.007084985276186326,2022,12,4,Friday
2022-12-26,MSFT,312.45,315.06,307.77,311.77,22341236,-0.0014732729077924223,-0.0014743592414312179,2022,12,4,Monday
2022-12-27,MSFT,313.01,319.75,313.76,316.61,44108225,0.01552426468229795,0.01540499607317039,2022,12,4,Tuesday
2022-12-28,MSFT,316.22,322.11,316.53,319.39,16388326,0.008780518619121214,0.008742194041899506,2022,12,4,Wednesday
2022-12-29,MSFT,318.84,315.19,311.97,313.97,18061355,-0.016969848774225693,-0.017115486644355447,2022,12,4,Thursday
2022-12-30,MSFT,313.55,312.23,305.84,308.91,31424285,-0.01611618944485138,-0.01624746760583989,2022,12,4,Friday
2023-01-02,MSFT,307.34,313.17,307.49,310.42,22566451,0.004888155126088423,0.004876246886269261,2023,1,1,Monday
2023-01-03,MSFT,311.34,315.19,310.66,312.28,27414553,0.005991881966368018,0.005974002029051574,2023,1,1,Tuesday
2023-01-04,MSFT,312.7,311.26,307.8,309.17,24171730,-0.00995901114384512,-0.010008933825572299,2023,1,1,Wednesday
2023-01-05,MSFT,309.8,321.54,314.18,317.2,23953224,0.02597276579228258,0.025641202334175193,2023,1,1,Thursday
2023-01-06,MSFT,317.09,323.81,319.74,321.48,22819262,0.013493064312736447,0.013402843583824764,2023,1,1,Friday
2023-01-09,MSFT,321.19,323.96,315.59,318.51,26383104,-0.009238521836506197,-0.009281461650926325,2023,1,1,Monday
2023-01-10,MSFT,320.28,320.17,310.5,315.1,30306654,-0.010706100279425979,-0.010763822930362373,2023,1,1,Tuesday
2023-01-11,MSFT,316.62,314.93,312.61,314.16,40577043,-0.002983179942875225,-0.002987638493474688,2023,1,1,Wednesday
2023-01-12,MSFT,316.26,315.79,308.06,312.7,23526373,-0.0046473134708430175,-0.004658145805958715,2023,1,1,Thursday
2023-01-13,MSFT,313.25,320.76,316.27,319.14,22215368,0.020594819315638002,0.020385613518485623,2023,1,1,Friday
2023-01-16,MSFT,321.18,326.18,323.05,324.32,21373190,0.01623112113805858,0.016100804721408738,2023,1,1,Monday
2023-01-17,MSFT,323.68,329.6,322.11,324.69,38853998,0.0011408485446473549,0.00114019827147492,2023,1,1,Tuesday
2023-01-18,MSFT,324.38,330.96,327.1,328.37,30752561,0.011333887708275592,0.011270140420515239,2023,1,1,Wednesday
2023-01-19,MSFT,330.22,336.9,327.88,332.85,14142236,0.013643146450650345,0.013550916651032812,2023,1,1,Thursday
2023-01-20,MSFT,334.17,338.21,328.75,333.35,13956419,0.0015021781583295368,0.0015010510173563674,2023,1,1,Friday
2023-01-23,MSFT,332.89,337.01,333.92,335.67,19489160,0.0069596520173991205,0.006935545423670455,2023,1,1,Monday
2023-01-24,MSFT,334.01,342.97,335.03,339.02,26787074,0.0099800399201595,0.009930568202600567,2023,1,1,Tuesday
2023-01-25,MSFT,338.7,345.72,338.46,341.84,24750230,0.008318093327827292,0.0082836886454293,2023,1,1,Wednesday
2023-01-26,MSFT,340.73,340.33,335.25,337.87,29174918,-0.011613620407207925,-0.011681585220833755,2023,1,1,Thursday
2023-01-27,MSFT,340.62,338.87,331.25,334.48,23718202,-0.010033444816053505,-0.010084119066626047,2023,1,1,Friday
2023-01-30,MSFT,335.68,337.44,327.17,333.16,38019586,-0.003946424300406592,-0.003954231981169823,2023,1,1,Monday
2023-01-31,MSFT,331.95,332.36,326.81,329.67,31516437,-0.010475447232560997,-0.01053070094019742,2023,1,1,Tuesday
2023-02-01,MSFT,328.04,325.08,319.7,322.3,25588647,-0.02235568902235574,-0.022609365305550272,2023,2,1,Wednesday
2023-02-02,MSFT,321.11,327.84,323.03,325.94,35250427,0.011293825628296617,0.011230526526450546,2023,2,1,Thursday
2023-02-03,MSFT,325.08,330.98,325.03,327.92,15244274,0.0060747376817820165,0.0060563608482395006,2023,2,1,Friday
2023-02-06,MSFT,327.66,322.9,319.0,321.26,24370013,-0.020309831666260103,-0.020518912066462083,2023,2,1,Monday
2023-02-07,MSFT,322.95,322.85,316.97,320.23,26052911,-0.003206125879349986,-0.003211276512926582,2023,2,1,Tuesday
2023-02-08,MSFT,318.77,323.79,315.72,319.49,29948725,-0.0023108390844081006,-0.002313513193463223,2023,2,1,Wednesday
2023-02-09,MSFT,322.95,325.33,317.72,320.6,14944241,0.0034742871451376445,0.00346826575222244,2023,2,1,Thursday
2023-02-10,MSFT,319.17,317.44,314.41,315.37,23121288,-0.016313162819713067,-0.016447687481803596,2023,2,1,Friday
2023-02-13,MSFT,313.27,310.97,307.05,308.9,28191318,-0.020515584868567194,-0.020728952769113105,2023,2,1,Monday
2023-02-14,MSFT,311.36,312.54,310.71,311.62,28847532,0.008805438653285869,0.008766896864672531,2023,2,1,Tuesday
2023-02-15,MSFT,313.57,307.49,301.71,304.36,35684441,-0.023297606058661158,-0.023573285480886507,2023,2,1,Wednesday
2023-02-16,MSFT,304.1,307.17,298.92,303.43,31416317,-0.0030555920620318755,-0.0030602699149605444,2023,2,1,Thursday
2023-02-17,MSFT,303.98,304.04,299.41,302.05,24547794,-0.004548001186435058,-0.004558374808611234,2023,2,1,Friday
2023-02-20,MSFT,302.63,304.82,296.72,301.64,30611261,-0.001357391160404009,-0.0013583132503040885,2023,2,1,Monday
2023-02-21,MSFT,301.84,307.08,298.98,303.03,23534483,0.004608142156212747,0.0045975571747562715,2023,2,1,Tuesday
2023-02-22,MSFT,301.17,315.26,305.89,310.94,26125399,0.026103026103026172,0.025768157012392257,2023,2,1,Wednesday
2023-02-23,MSFT,307.29,306.76,299.83,303.38,31731711,-0.024313372354795137,-0.02461382235806839,2023,2,1,Thursday
2023-02-24,MSFT,302.17,310.27,305.13,307.78,24662542,0.014503263234227681,0.014399096872179344,2023,2,1,Friday
2023-02-27,MSFT,310.42,299.28,292.91,296.01,27867823,-0.03824160114367403,-0.03899200449852065,2023,2,1,Monday
2023-02-28,MSFT,298.61,306.02,297.39,302.76,33357027,0.022803283672848895,0.02254717490378171,2023,2,1,Tuesday
2023-03-01,MSFT,302.39,295.5,291.22,293.35,30954713,-0.031080724005813076,-0.03157397706909768,2023,3,1,Wednesday
2023-03-02,MSFT,292.02,306.78,303.02,305.0,36194869,0.03971365263337301,0.038945341235542635,2023,3,1,Thursday
2023-03-03,MSFT,305.41,304.89,301.0,303.32,50270092,-0.005508196721311531,-0.005523422774676901,2023,3,1,Friday
2023-03-06,MSFT,303.95,313.72,304.9,309.73,30869052,0.021132797046024,0.020912596391739657,2023,3,1,Monday
2023-03-07,MSFT,310.61,316.67,313.69,315.25,21769024,0.017821973977335093,0.017665024620554495,2023,3,1,Tuesday
2023-03-08,MSFT,311.48,317.82,307.47,313.27,29149062,-0.006280729579698718,-0.006300536339212067,2023,3,1,Wednesday
2023-03-09,MSFT,317.95,314.76,309.12,311.69,28775414,-0.0050435726370223755,-0.005056334377421534,2023,3,1,Thursday
2023-03-10,MSFT,313.35,310.92,302.79,307.79,30051994,-0.01251243222432541,-0.012591371880363304,2023,3,1,Friday
2023-03-13,MSFT,307.5,315.01,310.18,311.81,39149227,0.01306085317911565,0.012976295702277282,2023,3,1,Monday
2023-03-14,MSFT,310.75,316.17,303.86,309.92,15084117,-0.006061383534844866,-0.006079828291623501,2023,3,1,Tuesday
2023-03-15,MSFT,311.37,307.96,304.7,306.13,39370910,-0.012228962312854974,-0.012304351322515837,2023,3,1,Wednesday
2023-03-16,MSFT,306.85,310.78,306.96,308.91,43553971,0.009081109332636617,0.009040124000599345,2023,3,1,Thursday
2023-03-17,MSFT,309.05,308.2,298.78,304.76,29645105,-0.013434333624680384,-0.013525390731960307,2023,3,1,Friday
2023-03-20,MSFT,305.42,305.75,300.42,303.36,29859897,-0.00459377871111688,-0.0046043625381518485,2023,3,1,Monday
2023-03-21,MSFT,303.2,305.61,301.26,304.05,23251796,0.0022745253164557777,0.0022719424994618316,2023,3,1,Tuesday
2023-03-22,MSFT,304.63,304.1,295.34,301.17,25047474,-0.009472126295017258,-0.009517272194573826,2023,3,1,Wednesday
2023-03-23,MSFT,302.2,301.73,295.3,299.02,30823009,-0.007138825248198755,-0.007164428585763198,2023,3,1,Thursday
2023-03-24,MSFT,299.51,308.25,305.28,306.52,30233226,0.0250819343187747,0.02477254531642184,2023,3,1,Friday
2023-03-27,MSFT,306.94,309.82,303.26,305.72,31034166,-0.0026099438862062785,-0.002613355727520059,2023,3,1,Monday
2023-03-28,MSFT,307.73,305.79,301.57,304.17,30170855,-0.005069998691613287,-0.00508289474208527,2023,3,1,Tuesday
2023-03-29,MSFT,301.88,306.16,301.03,303.51,32733297,-0.0021698392346386486,-0.0021721967466895283,2023,3,1,Wednesday
2023-03-30,MSFT,302.37,310.1,301.13,305.87,31654186,0.007775691081018721,0.007745616196528754,2023,3,1,Thursday
2023-03-31,MSFT,305.91,302.19,299.03,301.11,18385663,-0.015562166933664634,-0.01568452858861887,2023,3,1,Friday
2023-04-03,MSFT,300.07,305.99,300.14,303.32,32090378,0.007339510477898381,0.007312707338916089,2023,4,2,Monday
2023-04-04,MSFT,302.76,306.11,303.21,304.73,43660849,0.004648555980482749,0.004637784811486741,2023,4,2,Tuesday
2023-04-05,MSFT,306.58,301.98,293.4,296.44,24801094,-0.027204410461720285,-0.027581301561063386,2023,4,2,Wednesday
2023-04-06,MSFT,296.23,308.94,301.98,305.11,39201688,0.02924706517339093,0.028827530241310784,2023,4,2,Thursday
2023-04-07,MSFT,302.48,314.72,309.94,312.4,18985722,0.023893022188718804,0.023612050641062,2023,4,2,Friday
2023-04-10,MSFT,311.77,313.93,305.27,308.67,24777773,-0.011939820742637552,-0.01201167290970225,2023,4,2,Monday
2023-04-11,MSFT,308.75,306.87,297.92,303.44,20625504,-0.016943661515534503,-0.017088847675185176,2023,4,2,Tuesday
2023-04-12,MSFT,303.5,307.61,302.24,304.71,37812593,0.004185341418402322,0.0041766072388759795,2023,4,2,Wednesday
2023-04-13,MSFT,305.51,304.22,294.25,298.12,40895449,-0.021627120869022964,-0.021864414606026356,2023,4,2,Thursday
2023-04-14,MSFT,298.79,307.35,301.94,304.77,24266989,0.022306453777002577,0.022061303758070222,2023,4,2,Friday
2023-04-17,MSFT,304.57,304.89,300.3,302.71,35523494,-0.006759195458870604,-0.006782142280317141,2023,4,2,Monday
2023-04-18,MSFT,301.01,312.41,307.59,310.73,41020166,0.026494004162399776,0.026149116410011185,2023,4,2,Tuesday
2023-04-19,MSFT,310.08,308.02,305.26,306.9,24754323,-0.01232581340713812,-0.012402406275566782,2023,4,2,Wednesday
2023-04-20,MSFT,306.0,309.16,303.16,306.54,25992325,-0.0011730205278590589,-0.0011737090549287055,2023,4,2,Thursday
2023-04-21,MSFT,306.13,316.45,310.89,312.9,31154554,0.02074770013701288,0.02053539810407462,2023,4,2,Friday
2023-04-24,MSFT,313.92,317.09,306.84,311.5,19416329,-0.004474272930648726,-0.004484312447328576,2023,4,2,Monday
2023-04-25,MSFT,312.09,315.9,310.45,313.02,25839520,0.00487961476725518,0.004867748034848485,2023,4,2,Tuesday
2023-04-26,MSFT,314.24,320.04,316.03,318.64,47546679,0.017954124337103083,0.017794852611032454,2023,4,2,Wednesday
2023-04-27,MSFT,318.06,318.17,312.66,316.05,21517612,-0.00812829525483294,-0.008161509955080954,2023,4,2,Thursday
2023-04-28,MSFT,318.3,311.14,308.84,310.01,32298593,-0.01911090017402317,-0.019295873894879922,2023,4,2,Friday
2023-05-01,MSFT,311.0,309.53,296.81,303.15,29254024,-0.022128318441340666,-0.022376822505688242,2023,5,2,Monday
2023-05-02,MSFT,303.31,310.78,303.4,306.13,23801439,0.00983011710374404,0.009782115818430265,2023,5,2,Tuesday
2023-05-03,MSFT,307.0,312.24,305.59,308.19,26718931,0.006729167347205411,0.0067066275601120225,2023,5,2,Wednesday
2023-05-04,MSFT,307.21,317.82,308.77,313.57,42294700,0.01745676368474003,0.017306144738642747,2023,5,2,Thursday
2023-05-05,MSFT,310.45,314.64,309.59,312.41,29516663,-0.003699333482157008,-0.003706192938432724,2023,5,2,Friday
2023-05-08,MSFT,311.51,307.0,303.3,305.63,30932933,-0.021702250248071486,-0.02194120768297701,2023,5,2,Monday
2023-05-09,MSFT,306.71,296.67,291.34,294.69,40412312,-0.03579491542060664,-0.03645126365862699,2023,5,2,Tuesday
2023-05-10,MSFT,294.8,312.03,305.25,308.48,22920981,0.04679493705249582,0.04573305506729286,2023,5,2,Wednesday
2023-05-11,MSFT,308.28,313.18,309.47,311.24,18261615,0.008947095435684727,0.008907307326548668,2023,5,2,Thursday
2023-05-12,MSFT,309.99,313.41,311.27,312.09,42494728,0.0027310114381184913,0.0027272890021841595,2023,5,2,Friday
2023-05-15,MSFT,309.21,316.76,309.73,313.65,26045170,0.004998558108238127,0.004986106791838847,2023,5,2,Monday
2023-05-16,MSFT,315.76,309.13,304.93,306.84,32686301,-0.02171209947393593,-0.02195127545165673,2023,5,2,Tuesday
2023-05-17,MSFT,306.54,306.51,301.04,303.2,19889203,-0.011862860122539343,-0.011933785322878877,2023,5,2,Wednesday
2023-05-18,MSFT,302.59,313.14,310.58,311.82,28090563,0.02843007915567286,0.028033444480188935,2023,5,2,Thursday
2023-05-19,MSFT,310.84,319.53,311.96,315.26,17989639,0.011032005644281861,0.010971596949990751,2023,5,2,Friday
2023-05-22,MSFT,317.13,313.97,308.52,311.68,25482648,-0.011355706401065757,-0.011420674744226027,2023,5,2,Monday
2023-05-23,MSFT,312.97,310.75,301.81,305.89,20583687,-0.018576745379876858,-0.018751460253362492,2023,5,2,Tuesday
2023-05-24,MSFT,304.49,305.87,300.36,303.6,19212853,-0.007486351302755767,-0.007514514679332863,2023,5,2,Wednesday
2023-05-25,MSFT,305.27,303.84,300.78,302.27,22826885,-0.004380764163372963,-0.00439038782698548,2023,5,2,Thursday
2023-05-26,MSFT,302.06,316.52,307.62,312.37,12564289,0.033413835312799955,0.032867724929962254,2023,5,2,Friday
2023-05-29,MSFT,311.47,314.8,308.25,311.63,17652988,-0.0023689854979671576,-0.0023717959836558763,2023,5,2,Monday
2023-05-30,MSFT,311.2,308.19,303.81,306.03,31614000,-0.0179700285595098,-0.018133450278258627,2023,5,2,Tuesday
2023-05-31,MSFT,304.89,311.24,299.74,305.92,27748332,-0.0003594418847824299,-0.0003595064995006525,2023,5,2,Wednesday
2023-06-01,MSFT,304.01,312.05,302.41,307.38,18112815,0.004772489539748959,0.00476113731612946,2023,6,2,Thursday
2023-06-02,MSFT,308.51,303.65,299.93,301.42,29466024,-0.019389680525733533,-0.019580126187635553,2023,6,2,Friday
2023-06-05,MSFT,301.11,305.95,300.82,303.52,19209633,0.0069670227589408995,0.006942865195173686,2023,6,2,Monday
2023-06-06,MSFT,304.4,312.31,306.85,309.53,31045845,0.019801001581444266,0.019607511773603956,2023,6,2,Tuesday
2023-06-07,MSFT,309.95,313.64,308.24,310.39,24147578,0.0027784059703421793,0.002774553334947807,2023,6,2,Wednesday
2023-06-08,MSFT,311.2,310.39,303.19,306.7,22676720,-0.011888269596314283,-0.011959500175050026,2023,6,2,Thursday
2023-06-09,MSFT,303.74,307.8,299.68,304.34,24326267,-0.0076948157808933715,-0.007724573628237372,2023,6,2,Friday
2023-06-12,MSFT,303.09,298.96,294.39,296.67,53878653,-0.02520207662482732,-0.025525087541959146,2023,6,2,Monday
2023-06-13,MSFT,297.46,301.83,292.86,296.22,19910263,-0.0015168368894731277,-0.001517988451182596,2023,6,2,Tuesday
2023-06-14,MSFT,294.43,301.29,293.34,297.84,26758265,0.005468908243872583,0.005454008065634728,2023,6,2,Wednesday
2023-06-15,MSFT,298.37,295.82,291.81,293.84,31604086,-0.013430029546064981,-0.013521028053049569,2023,6,2,Thursday
2023-06-16,MSFT,291.91,309.3,298.2,303.14,18730476,0.031649877484345224,0.031159343492098982,2023,6,2,Friday
2023-06-19,MSFT,303.16,310.36,305.06,307.12,15496256,0.013129247212509076,0.01304380568903142,2023,6,2,Monday
2023-06-20,MSFT,309.46,301.13,296.81,298.75,20874877,-0.027253190935139338,-0.027631447446821823,2023,6,2,Tuesday
2023-06-21,MSFT,299.84,294.4,288.66,290.7,31397076,-0.026945606694560698,-0.027315295680890212,2023,6,2,Wednesday
2023-06-22,MSFT,288.16,289.42,280.54,286.4,22562174,-0.014791881664946716,-0.014902372478339724,2023,6,2,Thursday
2023-06-23,MSFT,287.54,296.42,291.47,293.75,23325426,0.025663407821229223,0.025339630371878336,2023,6,2,Friday
2023-06-26,MSFT,296.28,299.83,295.11,298.08,32855091,0.014740425531914791,0.014632841394909508,2023,6,2,Monday
2023-06-27,MSFT,302.02,309.36,303.77,305.98,19628309,0.026502952227589915,0.02615783348595457,2023,6,2,Tuesday
2023-06-28,MSFT,306.67,312.33,300.86,306.21,24343119,0.0007516831165435001,0.000751400744283765,2023,6,2,Wednesday
2023-06-29,MSFT,304.24,306.48,303.79,305.38,15874650,-0.002710558113712791,-0.0027142383281511108,2023,6,2,Thursday
2023-06-30,MSFT,306.01,302.06,297.44,299.62,27524913,-0.01886174602135038,-0.01904189766612966,2023,6,2,Friday
2023-07-03,MSFT,301.88,305.99,297.41,301.45,26781944,0.006107736466190561,0.006089159846178766,2023,7,3,Monday
2023-07-04,MSFT,301.18,303.42,296.37,300.7,31738698,-0.0024879747885221404,-0.0024910749409311856,2023,7,3,Tuesday
2023-07-05,MSFT,302.18,303.04,298.25,299.77,17730724,-0.003092783505154628,-0.0030975760441341693,2023,7,3,Wednesday
2023-07-06,MSFT,298.58,310.29,306.09,307.68,23601483,0.02638689662074256,0.02604476789012039,2023,7,3,Thursday
2023-07-07,MSFT,308.23,311.06,303.64,307.25,17036101,-0.001397555902236114,-0.0013985333943254232,2023,7,3,Friday
2023-07-10,MSFT,303.64,318.79,311.34,313.95,23220692,0.021806346623270967,0.021571989113974243,2023,7,3,Monday
2023-07-11,MSFT,312.54,308.35,304.4,306.37,38994173,-0.02414397197005891,-0.024440215714453328,2023,7,3,Tuesday
2023-07-12,MSFT,306.37,323.21,314.24,319.81,22706472,0.04386852498612792,0.042933547608771494,2023,7,3,Wednesday
2023-07-13,MSFT,319.26,319.39,316.94,318.13,16594973,-0.00525311903942971,-0.0052669651808236835,2023,7,3,Thursday
2023-07-14,MSFT,316.17,326.38,317.21,321.88,20387297,0.011787633986106272,0.011718701004319147,2023,7,3,Friday
2023-07-17,MSFT,321.12,327.48,324.57,326.49,15418842,0.014322107617745772,0.014220515098147922,2023,7,3,Monday
2023-07-18,MSFT,327.0,328.37,318.57,324.14,16947900,-0.00719777022267154,-0.0072237991461065595,2023,7,3,Tuesday
2023-07-19,MSFT,324.0,330.37,327.61,328.54,30574670,0.013574381440118577,0.013483074883080372,2023,7,3,Wednesday
2023-07-20,MSFT,328.63,334.61,331.37,333.27,16199669,0.014397029281061569,0.01429437614868682,2023,7,3,Thursday
2023-07-21,MSFT,334.42,332.07,327.68,329.74,27455716,-0.010592012482371516,-0.010648507128708058,2023,7,3,Friday
2023-07-24,MSFT,329.21,328.39,324.43,326.32,25193817,-0.0103718080912234,-0.010425970123729505,2023,7,3,Monday
2023-07-25,MSFT,328.41,328.6,323.33,326.74,21315134,0.0012870801667075327,0.0012862525890595068,2023,7,3,Tuesday
2023-07-26,MSFT,325.21,329.17,321.11,326.34,26764618,-0.0012242149721491957,-0.0012249649354382213,2023,7,3,Wednesday
2023-07-27,MSFT,329.31,337.22,330.31,333.78,18870075,0.022798308512594234,0.022542310652332476,2023,7,3,Thursday
2023-07-28,MSFT,335.53,341.44,335.24,337.69,32173049,0.011714302834202162,0.011646221556089468,2023,7,3,Friday
2023-07-31,MSFT,337.12,339.83,333.41,337.51,20274698,-0.0005330332553525885,-0.0005331753680810284,2023,7,3,Monday
2023-08-01,MSFT,337.05,344.26,338.42,340.95,22263882,0.010192290598797005,0.010140699463396498,2023,8,3,Tuesday
2023-08-02,MSFT,341.28,335.84,324.86,330.33,21483184,-0.03114826220853495,-0.031643684173052425,2023,8,3,Wednesday
2023-08-03,MSFT,331.27,328.48,326.12,327.34,30744708,-0.009051554506099957,-0.009092768715871604,2023,8,3,Thursday
2023-08-04,MSFT,329.03,332.25,327.46,329.02,29435722,0.00513227836500274,0.00511915311353647,2023,8,3,Friday
2023-08-07,MSFT,326.94,337.38,333.08,335.05,11385783,0.018327153364537274,0.018161235227905564,2023,8,3,Monday
2023-08-08,MSFT,335.74,337.68,333.27,336.3,26981426,0.0037307864497835297,0.0037238443270441075,2023,8,3,Tuesday
2023-08-09,MSFT,332.94,349.41,341.79,344.32,14812893,0.02384775498067193,0.023567838787140902,2023,8,3,Wednesday
2023-08-10,MSFT,344.03,350.82,346.82,349.26,22566788,0.014347118959107785,0.01424517297833422,2023,8,3,Thursday
2023-08-11,MSFT,351.66,348.81,345.18,346.79,24201717,-0.007072095287178559,-0.007097221084487883,2023,8,3,Friday
2023-08-14,MSFT,344.47,349.74,343.33,346.23,22494219,-0.001614810115631915,-0.0016161153267880528,2023,8,3,Monday
2023-08-15,MSFT,343.62,351.01,346.8,348.67,29052995,0.007047338474424514,0.007022622040082184,2023,8,3,Tuesday
2023-08-16,MSFT,349.04,351.33,343.25,346.42,31028272,-0.006453093182665515,-0.006474004398371214,2023,8,3,Wednesday
2023-08-17,MSFT,348.69,359.06,351.77,355.09,19822865,0.02502742335892827,0.024719366728991728,2023,8,3,Thursday
2023-08-18,MSFT,355.63,356.22,344.94,349.15,19607981,-0.016728153425892067,-0.01686964917908173,2023,8,3,Friday
2023-08-21,MSFT,346.01,353.95,346.84,351.1,24731678,0.005584992123729204,0.005569453882342405,2023,8,3,Monday
2023-08-22,MSFT,348.31,357.25,354.14,355.4,15732933,0.012247223013386321,0.012172832546164223,2023,8,3,Tuesday
2023-08-23,MSFT,355.56,358.06,347.37,353.86,21666828,-0.004333145751266088,-0.004342561035694118,2023,8,3,Wednesday
2023-08-24,MSFT,351.89,353.24,346.92,351.07,37460954,-0.007884474085796733,-0.007915720903119509,2023,8,3,Thursday
2023-08-25,MSFT,351.3,352.74,348.45,350.86,15910601,-0.0005981713048679449,-0.0005983502806986249,2023,8,3,Friday
2023-08-28,MSFT,351.19,361.29,351.53,355.59,22574943,0.013481160576868101,0.013391098258479908,2023,8,3,Monday
2023-08-29,MSFT,354.76,358.03,346.93,353.01,20930042,-0.007255547118872774,-0.007281996615571425,2023,8,3,Tuesday
2023-08-30,MSFT,356.03,348.99,345.45,347.32,45625017,-0.01611852355457355,-0.01624983995150285,2023,8,3,Wednesday
2023-08-31,MSFT,348.29,357.85,350.31,353.88,21274676,0.01888748128527018,0.018711327422740887,2023,8,3,Thursday
2023-09-01,MSFT,355.9,358.89,354.15,356.32,21648421,0.006894992652876741,0.006871330893872368,2023,9,3,Friday
2023-09-04,MSFT,357.87,365.59,357.06,362.23,18350307,0.016586214638527164,0.016450165677585962,2023,9,3,Monday
2023-09-05,MSFT,361.98,372.27,362.15,366.81,25070011,0.012643900284349696,0.01256463363756491,2023,9,3,Tuesday
2023-09-06,MSFT,366.47,383.82,377.03,379.84,27110631,0.03552247757694715,0.03490610859709478,2023,9,3,Wednesday
2023-09-07,MSFT,379.31,393.73,381.57,386.8,19165846,0.01832350463352994,0.018157652157836077,2023,9,3,Thursday
2023-09-08,MSFT,388.05,384.88,381.23,382.64,33632493,-0.010754912099276148,-0.010813164207097846,2023,9,3,Friday
2023-09-11,MSFT,381.47,390.91,381.93,385.71,27117923,0.008023207192138893,0.00799119239222579,2023,9,3,Monday
2023-09-12,MSFT,388.86,386.18,374.61,382.57,32279927,-0.008140831194420661,-0.008174148705382248,2023,9,3,Tuesday
2023-09-13,MSFT,381.22,384.65,376.4,380.07,22656236,-0.006534751810126305,-0.0065561967768133726,2023,9,3,Wednesday
2023-09-14,MSFT,380.45,373.62,370.73,371.92,26892061,-0.021443418317678264,-0.021676668899742232,2023,9,3,Thursday
2023-09-15,MSFT,371.52,372.86,368.09,370.47,23451791,-0.0038986878898688015,-0.003906307584488588,2023,9,3,Friday
2023-09-18,MSFT,369.68,375.39,372.17,373.88,38713186,0.009204523983048496,0.009162420516541888,2023,9,3,Monday
2023-09-19,MSFT,377.72,378.34,369.43,373.72,25887366,-0.00042794479512131556,-0.00042803638962767823,2023,9,3,Tuesday
2023-09-20,MSFT,372.94,372.97,363.73,367.52,25065740,-0.016589960398159187,-0.016729114983966904,2023,9,3,Wednesday
2023-09-21,MSFT,366.99,361.85,355.32,359.02,21788955,-0.023127993034392724,-0.023399641697864088,2023,9,3,Thursday
2023-09-22,MSFT,357.89,372.96,368.64,371.38,21414895,0.03442705141774827,0.03384769992952542,2023,9,3,Friday
2023-09-25,MSFT,371.45,377.15,371.46,373.51,26848029,0.005735365393936043,0.0057189808037251336,2023,9,3,Monday
2023-09-26,MSFT,373.33,371.98,364.03,368.91,31968532,-0.012315600653262204,-0.012392066123709088,2023,9,3,Tuesday
2023-09-27,MSFT,366.96,375.49,368.3,371.82,20358701,0.00788810278929808,0.00785715434960542,2023,9,3,Wednesday
2023-09-28,MSFT,371.08,387.02,382.69,385.09,25967600,0.03568931203270398,0.03506720700041074,2023,9,3,Thursday
2023-09-29,MSFT,386.2,394.89,382.38,389.1,26420141,0.010413150172686958,0.010359306788026075,2023,9,3,Friday
2023-10-02,MSFT,390.99,374.37,370.18,372.61,27837523,-0.04237985093806218,-0.04330408375052855,2023,10,4,Monday
2023-10-03,MSFT,372.66,392.82,384.78,388.74,14978665,0.04328923002603258,0.04237844344994155,2023,10,4,Tuesday
2023-10-04,MSFT,388.84,382.2,374.45,377.8,18943408,-0.028142203014868583,-0.02854578462251174,2023,10,4,Wednesday
2023-10-05,MSFT,377.16,379.27,375.1,376.8,16595348,-0.0026469031233457008,-0.0026504123652012,2023,10,4,Thursday
2023-10-06,MSFT,375.91,374.65,366.07,370.35,25247853,-0.01711783439490444,-0.017266038242909773,2023,10,4,Friday
2023-10-09,MSFT,368.74,370.52,361.29,366.28,19078915,-0.010989604428243704,-0.011050436219766962,2023,10,4,Monday
2023-10-10,MSFT,363.58,372.74,365.87,368.14,21541977,0.005078082341378298,0.005065232365044726,2023,10,4,Tuesday
2023-10-11,MSFT,366.92,363.04,350.17,356.54,17471861,-0.031509751724887125,-0.032016865080860366,2023,10,4,Wednesday
2023-10-12,MSFT,358.06,360.37,352.07,356.24,22151492,-0.0008414203174960111,-0.0008417745102686264,2023,10,4,Thursday
2023-10-13,MSFT,355.53,366.16,361.15,362.95,17843597,0.018835616438356073,0.018660422717402612,2023,10,4,Friday
2023-10-16,MSFT,362.36,365.56,351.32,358.37,31382435,-0.01261881801901088,-0.012699111490706004,2023,10,4,Monday
2023-10-17,MSFT,357.75,358.08,344.49,350.82,28865416,-0.021067611686246046,-0.021292700824509486,2023,10,4,Tuesday
2023-10-18,MSFT,352.88,351.44,348.75,350.26,26152495,-0.0015962601904110363,-0.001597535571115774,2023,10,4,Wednesday
2023-10-19,MSFT,348.72,355.96,343.24,348.6,22834972,-0.004739336492890933,-0.004750602758597753,2023,10,4,Thursday
2023-10-20,MSFT,349.06,350.81,339.72,345.55,13566042,-0.008749282845668449,-0.008787782548517267,2023,10,4,Friday
2023-10-23,MSFT,345.44,341.24,336.92,339.35,21789186,-0.017942410649688822,-0.018105327387635893,2023,10,4,Monday
2023-10-24,MSFT,339.45,345.54,339.49,342.33,19894411,0.008781494032709558,0.008743160964930597,2023,10,4,Tuesday
2023-10-25,MSFT,342.73,347.07,344.08,345.76,26925077,0.010019571758244972,0.009969708643877851,2023,10,4,Wednesday
2023-10-26,MSFT,345.86,344.82,335.44,340.21,30107911,-0.01605159648310972,-0.01618181875498467,2023,10,4,Thursday
2023-10-27,MSFT,341.48,341.11,328.5,335.47,27557249,-0.013932571059051657,-0.014030540367895266,2023,10,4,Friday
2023-10-30,MSFT,335.43,338.52,334.57,336.4,36517343,0.002772230005663623,0.002768394463097064,2023,10,4,Monday
2023-10-31,MSFT,339.17,335.1,328.21,331.52,21081198,-0.014506539833531451,-0.014612788467729381,2023,10,4,Tuesday
2023-11-01,MSFT,331.59,334.22,329.79,332.65,20820603,0.003408542471042386,0.0034027465568328905,2023,11,4,Wednesday
2023-11-02,MSFT,329.97,344.14,338.51,340.63,34132134,0.023989177814519813,0.023705958020960628,2023,11,4,Thursday
2023-11-03,MSFT,341.66,345.38,336.17,340.51,26278227,-0.0003522884067757026,-0.000352350474914162,2023,11,4,Friday
2023-11-06,MSFT,341.14,336.66,331.95,334.26,23214479,-0.018354820710111297,-0.018525360473163843,2023,11,4,Monday
2023-11-07,MSFT,334.31,339.05,332.93,336.53,43503098,0.006791120684497054,0.006768164896169118,2023,11,4,Tuesday
2023-11-08,MSFT,336.12,337.63,332.55,335.79,29731140,-0.0021989124297980833,-0.0022013335876622676,2023,11,4,Wednesday
2023-11-09,MSFT,332.43,338.65,332.4,335.19,23610996,-0.0017868310551237832,-0.0017884293419296617,2023,11,4,Thursday
2023-11-10,MSFT,332.11,342.4,332.83,337.91,20350233,0.00811480056087599,0.00808205260957985,2023,11,4,Friday
2023-11-13,MSFT,340.54,347.41,338.36,341.81,37219381,0.011541534728181979,0.011475439291946091,2023,11,4,Monday
2023-11-14,MSFT,340.86,345.72,338.58,342.2,26601694,0.0011409847576138166,0.0011403343292108454,2023,11,4,Tuesday
2023-11-15,MSFT,343.76,346.59,338.55,342.08,25184554,-0.0003506721215663644,-0.00035073362141272764,2023,11,4,Wednesday
2023-11-16,MSFT,339.49,357.14,350.98,353.59,30623226,0.033647100093545435,0.033093421983919506,2023,11,4,Thursday
2023-11-17,MSFT,351.84,363.52,354.62,360.55,32554062,0.019683814587516668,0.019492593542168733,2023,11,4,Friday
2023-11-20,MSFT,361.7,370.68,360.72,365.53,29483677,0.013812231313271361,0.013717711802104897,2023,11,4,Monday
2023-11-21,MSFT,365.35,371.7,361.94,366.5,32592053,0.0026536809564194908,0.002650166161832772,2023,11,4,Tuesday
2023-11-22,MSFT,367.43,362.64,358.93,360.95,28625219,-0.015143246930422904,-0.015259076741536147,2023,11,4,Wednesday
2023-11-23,MSFT,360.93,369.37,365.83,367.64,29528119,0.018534423050283966,0.018364753904738716,2023,11,4,Thursday
2023-11-24,MSFT,367.27,375.12,360.85,368.69,20073177,0.0028560548362528415,0.002851984060702519,2023,11,4,Friday
2023-11-27,MSFT,367.5,367.03,364.15,365.57,43033633,-0.00846239388103831,-0.008498403230246376,2023,11,4,Monday
2023-11-28,MSFT,363.51,367.62,357.16,364.39,17266579,-0.003227835982164806,-0.003233056682131261,2023,11,4,Tuesday
2023-11-29,MSFT,366.8,363.5,355.63,359.1,27431421,-0.014517412662257367,-0.014623821406196386,2023,11,4,Wednesday
2023-11-30,MSFT,361.76,368.76,359.06,365.34,16740747,0.017376775271511935,0.01722752561650038,2023,11,4,Thursday
2023-12-01,MSFT,363.55,373.22,365.96,369.51,24274761,0.011414025291509367,0.011349376772964968,2023,12,4,Friday
2023-12-04,MSFT,367.58,377.16,367.41,370.79,21062363,0.0034640469811373364,0.0034580609902461782,2023,12,4,Monday
2023-12-05,MSFT,370.18,377.22,364.53,370.76,26039186,-8.090833086116245e-05,-8.091160411672077e-05,2023,12,4,Tuesday
2023-12-06,MSFT,371.35,370.36,364.3,367.02,27699188,-0.010087388067752778,-0.010138610525103479,2023,12,4,Wednesday
2023-12-07,MSFT,366.71,356.92,351.16,355.12,18764667,-0.03242330118249681,-0.03296058195674864,2023,12,4,Thursday
2023-12-08,MSFT,355.96,348.88,346.57,347.51,24780362,-0.021429375985582366,-0.021662318956565042,2023,12,4,Friday
2023-12-11,MSFT,347.43,345.62,341.75,343.67,37976900,-0.011050041725417903,-0.011111546946355067,2023,12,4,Monday
2023-12-12,MSFT,343.49,345.84,332.2,339.08,16864255,-0.013355835539907601,-0.013445826882654976,2023,12,4,Tuesday
2023-12-13,MSFT,342.94,343.69,338.06,340.83,19349366,0.005161023947151122,0.005147751509718041,2023,12,4,Wednesday
2023-12-14,MSFT,339.98,349.5,342.09,345.41,32365797,0.013437784232608774,0.013348297983336171,2023,12,4,Thursday
2023-12-15,MSFT,348.09,349.07,341.24,344.92,25588480,-0.0014186039778814052,-0.001419611149135223,2023,12,4,Friday
2023-12-18,MSFT,347.28,355.2,350.87,352.87,26159758,0.023048822915458622,0.02278721106572905,2023,12,4,Monday
2023-12-19,MSFT,353.71,354.3,341.66,348.75,33973014,-0.011675687930399303,-0.011744384014277402,2023,12,4,Tuesday
2023-12-20,MSFT,345.57,350.3,347.21,348.21,19700720,-0.0015483870967742952,-0.0015495870869345083,2023,12,4,Wednesday
2023-12-21,MSFT,348.26,351.0,344.28,348.13,21393245,-0.00022974641739170742,-0.00022977281314282317,2023,12,4,Thursday
2023-12-22,MSFT,347.29,357.21,352.22,354.38,20616325,0.017953063510757428,0.017793810494425185,2023,12,4,Friday
2023-12-25,MSFT,354.42,357.43,353.2,355.18,22520250,0.002257463739488763,0.002254919496525908,2023,12,4,Monday
2023-12-26,MSFT,353.4,358.38,353.04,356.14,37364925,0.002702854890477946,0.002699208746719099,2023,12,4,Tuesday
2023-12-27,MSFT,357.42,350.79,341.86,347.19,15007525,-0.025130566631100137,-0.02545173144507227,2023,12,4,Wednesday
2023-12-28,MSFT,348.8,343.63,340.9,342.5,17472184,-0.013508453584492597,-0.013600522825816053,2023,12,4,Thursday
2023-12-29,MSFT,344.4,353.04,344.98,348.67,16596152,0.018014598540146087,0.017854258438225443,2023,12,4,Friday
2024-01-01,MSFT,348.04,341.48,335.0,337.66,38068379,-0.031577135973843484,-0.032086444091457784,2024,1,1,Monday
2024-01-02,MSFT,335.97,346.72,342.78,345.08,20791741,0.021974767517621174,0.021736802159330368,2024,1,1,Tuesday
2024-01-03,MSFT,345.65,350.11,346.32,348.01,22666175,0.008490784745566193,0.008454940785419795,2024,1,1,Wednesday
2024-01-04,MSFT,350.9,345.85,342.03,344.14,15401818,-0.011120370104307331,-0.011182663668786275,2024,1,1,Thursday
2024-01-05,MSFT,344.25,344.92,335.8,339.86,23107564,-0.012436798977160324,-0.012514783219052014,2024,1,1,Friday
2024-01-08,MSFT,340.59,355.08,345.36,350.37,32421842,0.030924498322838723,0.03045597085262422,2024,1,1,Monday
2024-01-09,MSFT,349.98,360.05,357.02,358.46,26971019,0.023089876416359845,0.02282733884486752,2024,1,1,Tuesday
2024-01-10,MSFT,357.6,362.13,354.14,357.99,24203968,-0.0013111644255983101,-0.0013120247537771485,2024,1,1,Wednesday
2024-01-11,MSFT,359.11,363.3,354.35,358.97,15633408,0.0027375066342636423,0.0027337664872073768,2024,1,1,Thursday
2024-01-12,MSFT,358.79,358.54,349.9,355.54,22657483,-0.009555116026408905,-0.009601059042341941,2024,1,1,Friday
2024-01-15,MSFT,356.22,357.81,354.85,356.51,26126503,0.002728244360690635,0.0027245294572870423,2024,1,1,Monday
2024-01-16,MSFT,357.36,353.94,351.05,352.95,18565933,-0.009985694650921473,-0.010035886110345414,2024,1,1,Tuesday
2024-01-17,MSFT,353.53,355.23,349.57,352.72,30427389,-0.0006516503754071534,-0.0006518627917988648,2024,1,1,Wednesday
2024-01-18,MSFT,353.65,369.27,359.01,363.14,32602741,0.029541846223633428,0.029113893792838665,2024,1,1,Thursday
2024-01-19,MSFT,361.67,366.51,360.04,362.81,21333555,-0.0009087404306878932,-0.0009091535855924179,2024,1,1,Friday
2024-01-22,MSFT,361.24,360.4,354.05,357.08,31081894,-0.0157933904798655,-0.01591943494576718,2024,1,1,Monday
2024-01-23,MSFT,357.01,351.2,347.05,349.68,24190353,-0.02072364736193566,-0.020941395756102186,2024,1,1,Tuesday
2024-01-24,MSFT,349.65,354.66,347.67,350.59,35269452,0.002602379318233705,0.002598998992498845,2024,1,1,Wednesday
2024-01-25,MSFT,349.73,347.92,345.46,346.62,46022068,-0.011323768504520881,-0.0113883705263288,2024,1,1,Thursday
2024-01-26,MSFT,347.01,350.96,343.83,348.17,18007281,0.004471755813282519,0.004461787220283505,2024,1,1,Friday
2024-01-29,MSFT,349.67,342.33,337.42,339.61,31491609,-0.024585690898124457,-0.024892965830319105,2024,1,1,Monday
2024-01-30,MSFT,341.51,346.12,340.84,343.52,36979555,0.011513206324901937,0.01144743371927716,2024,1,1,Tuesday
2024-01-31,MSFT,345.81,341.41,334.03,338.03,18684078,-0.015981602235677683,-0.016110685189707062,2024,1,1,Wednesday
2024-02-01,MSFT,335.93,341.29,336.54,338.48,21038195,0.0013312427891016831,0.001330357471048329,2024,2,1,Thursday
2024-02-02,MSFT,336.62,341.61,334.0,336.88,20967270,-0.00472701489009697,-0.004738222558139769,2024,2,1,Friday
2024-02-05,MSFT,336.42,348.27,344.55,346.32,24023714,0.028021847542151423,0.02763641928005271,2024,2,1,Monday
2024-02-06,MSFT,346.46,351.67,344.77,347.47,22465171,0.003320628320628405,0.003315127209140304,2024,2,1,Tuesday
2024-02-07,MSFT,347.07,360.84,354.61,358.49,23556232,0.03171496819869346,0.03122243530497542,2024,2,1,Wednesday
2024-02-08,MSFT,357.55,363.16,360.02,361.88,32145495,0.00945633072052221,0.009411899509700176,2024,2,1,Thursday
2024-02-09,MSFT,361.36,374.17,364.99,370.31,14155911,0.023295014922073642,0.023027827528369054,2024,2,1,Friday
2024-02-12,MSFT,371.16,374.36,366.37,369.32,18666076,-0.002673435770030541,-0.002677015781482775,2024,2,1,Monday
2024-02-13,MSFT,367.0,377.42,364.87,371.55,30564959,0.006038124120004484,0.006019967699051252,2024,2,1,Tuesday
2024-02-14,MSFT,375.66,381.51,376.93,378.97,29509394,0.019970394294173133,0.019773601673149347,2024,2,1,Wednesday
2024-02-15,MSFT,379.01,387.88,381.51,384.64,18198026,0.014961606459614085,0.014850785630160408,2024,2,1,Thursday
2024-02-16,MSFT,386.55,390.5,386.17,388.1,29570771,0.008995424292845389,0.008955206468072683,2024,2,1,Friday
2024-02-19,MSFT,387.04,393.33,380.51,386.33,37223337,-0.004560680237052361,-0.004571111868137457,2024,2,1,Monday
2024-02-20,MSFT,387.38,389.12,382.09,385.59,24634991,-0.0019154608754173852,-0.0019172977165730493,2024,2,1,Tuesday
2024-02-21,MSFT,385.77,395.72,390.26,392.79,18476275,0.018672683420213332,0.018500489117621595,2024,2,1,Wednesday
2024-02-22,MSFT,394.38,405.72,394.43,401.45,32503965,0.02204740446549036,0.02180787472292129,2024,2,1,Thursday
2024-02-23,MSFT,401.07,399.42,396.75,397.95,41921107,-0.008718395815169977,-0.00875662337883462,2024,2,1,Friday
2024-02-26,MSFT,400.87,397.28,390.64,393.55,19164004,-0.011056665410227318,-0.01111824466339909,2024,2,1,Monday
2024-02-27,MSFT,390.77,392.56,384.21,388.21,25296130,-0.01356879684919332,-0.013661694267762075,2024,2,1,Tuesday
2024-02-28,MSFT,389.95,397.92,389.05,393.55,34671655,0.01375544164241016,0.013661694267762117,2024,2,1,Wednesday
2024-02-29,MSFT,393.77,391.59,384.1,388.06,25880335,-0.013949942828103135,-0.014048157745332721,2024,2,1,Thursday
2024-03-01,MSFT,386.19,397.02,390.74,393.32,14800884,0.013554604957996208,0.01346356306882909,2024,3,1,Friday
2024-03-04,MSFT,396.95,402.09,393.65,396.95,28556972,0.00922912641106488,0.009186798259167017,2024,3,1,Monday
2024-03-05,MSFT,400.42,399.21,388.63,393.79,18638572,-0.007960700340093108,-0.007992555889332663,2024,3,1,Tuesday
2024-03-06,MSFT,389.93,406.13,401.49,403.85,17075745,0.02554661113791612,0.02522574960651566,2024,3,1,Wednesday
2024-03-07,MSFT,404.19,401.25,390.38,394.89,14887939,-0.02218645536709185,-0.022436276782879388,2024,3,1,Thursday
2024-03-08,MSFT,396.2,410.71,400.82,405.58,35730262,0.027070829851350897,0.026710896291091496,2024,3,1,Friday
2024-03-11,MSFT,406.43,414.79,399.85,407.87,19461972,0.005646235021450785,0.005630354784152129,2024,3,1,Monday
2024-03-12,MSFT,410.79,399.66,388.56,395.0,27629296,-0.03155417167234664,-0.032062731279547944,2024,3,1,Tuesday
2024-03-13,MSFT,397.44,407.23,403.45,405.26,29742058,0.025974683544303767,0.025643071536061244,2024,3,1,Wednesday
2024-03-14,MSFT,405.77,416.92,407.58,411.76,26243583,0.016039086018852178,0.015911818907316026,2024,3,1,Thursday
2024-03-15,MSFT,416.19,413.33,406.72,409.23,27326230,-0.006144355935496337,-0.006163310171360442,2024,3,1,Friday
2024-03-18,MSFT,411.04,405.21,401.95,403.3,28027614,-0.014490628741783418,-0.014596643293816184,2024,3,1,Monday
2024-03-19,MSFT,402.63,397.1,389.22,393.69,26057486,-0.023828415571534922,-0.024116904303017567,2024,3,1,Tuesday
2024-03-20,MSFT,392.66,413.03,404.88,409.19,19902154,0.0393710787675583,0.03861579827489175,2024,3,1,Wednesday
2024-03-21,MSFT,411.6,404.65,402.45,403.52,19376765,-0.013856643612991548,-0.013953543074641955,2024,3,1,Thursday
2024-03-22,MSFT,402.01,400.56,388.64,395.81,24224908,-0.019106859635210083,-0.01929175464175354,2024,3,1,Friday
2024-03-25,MSFT,395.04,399.28,395.06,397.72,24071452,0.004825547611227776,0.004813941977071871,2024,3,1,Monday
2024-03-26,MSFT,397.27,390.5,383.15,387.82,28436449,-0.024891883737302667,-0.025206925657400937,2024,3,1,Tuesday
2024-03-27,MSFT,388.47,385.21,375.87,382.09,34791421,-0.014774895570109914,-0.01488513150347087,2024,3,1,Wednesday
2024-03-28,MSFT,381.74,393.54,384.03,388.36,27717041,0.016409746394828506,0.016276561550943067,2024,3,1,Thursday
2024-03-29,MSFT,385.94,393.25,388.28,391.44,19601590,0.007930785868781598,0.007899502478924032,2024,3,1,Friday
2024-04-01,MSFT,393.59,394.83,385.97,389.29,12994537,-0.005492540363784992,-0.005507679825125559,2024,4,2,Monday
2024-04-02,MSFT,388.55,396.28,384.59,389.64,19849814,0.0008990726707593932,0.0008986687470121443,2024,4,2,Tuesday
2024-04-03,MSFT,393.35,391.15,382.51,387.16,16702004,-0.006364849604763245,-0.006385191621866929,2024,4,2,Wednesday
2024-04-04,MSFT,387.71,390.49,383.26,387.01,20080800,-0.000387436718669365,-0.0003875117916661682,2024,4,2,Thursday
2024-04-05,MSFT,389.33,384.23,381.51,382.62,26884742,-0.011343376140151351,-0.011408202933986427,2024,4,2,Friday
2024-04-08,MSFT,383.76,384.99,375.37,379.36,25641008,-0.00852020281218957,-0.008556707238139838,2024,4,2,Monday
2024-04-09,MSFT,381.72,378.41,372.93,375.95,43655492,-0.008988823281316005,-0.00902946649305955,2024,4,2,Tuesday
2024-04-10,MSFT,376.97,376.32,367.74,371.9,28898806,-0.010772709136853353,-0.010831154893011596,2024,4,2,Wednesday
2024-04-11,MSFT,372.31,382.07,374.7,378.29,44328420,0.017182038182307124,0.017036096311521073,2024,4,2,Thursday
2024-04-12,MSFT,380.24,389.75,379.07,383.13,30982348,0.012794416981680712,0.012713259933734972,2024,4,2,Friday
2024-04-15,MSFT,387.63,382.3,370.97,377.77,34625411,-0.013990029493905487,-0.014088812355481758,2024,4,2,Monday
2024-04-16,MSFT,377.29,376.02,367.61,370.95,22448081,-0.01805331286232359,-0.018218262185263682,2024,4,2,Tuesday
2024-04-17,MSFT,372.34,374.34,365.26,370.25,18111064,-0.00188704677180207,-0.0018888294876266796,2024,4,2,Wednesday
2024-04-18,MSFT,370.24,388.18,378.68,383.26,21849714,0.035138419986495695,0.03453515689244106,2024,4,2,Thursday
2024-04-19,MSFT,384.17,379.53,374.22,377.33,24911136,-0.015472525178729879,-0.015593473906611432,2024,4,2,Friday
2024-04-22,MSFT,377.4,380.04,370.37,376.59,20706096,-0.0019611480666790193,-0.001963073635511005,2024,4,2,Monday
2024-04-23,MSFT,372.75,380.55,373.92,377.34,18514109,0.0019915558033936076,0.001989575285240263,2024,4,2,Tuesday
2024-04-24,MSFT,376.98,381.74,369.29,376.92,28330164,-0.0011130545396723646,-0.0011136744449114259,2024,4,2,Wednesday
2024-04-25,MSFT,378.7,377.52,371.18,374.43,18490492,-0.006606176376950046,-0.006628093740083481,2024,4,2,Thursday
2024-04-26,MSFT,373.08,385.08,377.94,381.53,15781340,0.018962155810164694,0.018784614993686867,2024,4,2,Friday
2024-04-29,MSFT,383.19,388.5,379.18,384.5,17854400,0.007784446832490355,0.00775430435353979,2024,4,2,Monday
2024-04-30,MSFT,384.83,391.67,388.68,389.88,23302698,0.013992197659297823,0.013895210523310613,2024,4,2,Tuesday
2024-05-01,MSFT,389.53,396.8,388.49,393.75,18570978,0.009926131117266923,0.009877190670833645,2024,5,2,Wednesday
2024-05-02,MSFT,395.43,404.38,395.41,399.57,23346541,0.014780952380952339,0.014672778741206014,2024,5,2,Thursday
2024-05-03,MSFT,400.85,412.91,407.84,409.91,29934423,0.02587781865505434,0.025548654525854555,2024,5,2,Friday
2024-05-06,MSFT,410.72,422.08,417.34,418.84,29701832,0.02178526993730312,0.021551362012357855,2024,5,2,Monday
2024-05-07,MSFT,420.85,442.39,430.1,434.71,20504165,0.03789036386209532,0.03719015668171905,2024,5,2,Tuesday
2024-05-08,MSFT,435.13,444.98,441.41,443.39,16906418,0.019967334544868987,0.019770601827359062,2024,5,2,Wednesday
2024-05-09,MSFT,439.94,443.5,435.13,439.0,21035022,-0.00990099009900991,-0.009950330853168092,2024,5,2,Thursday
2024-05-10,MSFT,438.21,452.54,438.85,445.16,30434269,0.014031890660592294,0.013934355030053058,2024,5,2,Friday
2024-05-13,MSFT,441.36,454.18,443.86,450.43,32643138,0.011838440111420656,0.011768913962113454,2024,5,2,Monday
2024-05-14,MSFT,451.83,467.17,461.05,464.53,27791849,0.031303421175321366,0.030823459676884976,2024,5,2,Tuesday
2024-05-15,MSFT,466.5,459.45,456.48,457.78,35848676,-0.014530816093686116,-0.014637422379720457,2024,5,2,Wednesday
2024-05-16,MSFT,459.82,469.58,457.69,462.1,41998607,0.009436847393944792,0.00939259851171848,2024,5,2,Thursday
2024-05-17,MSFT,463.16,460.3,455.24,457.44,21626241,-0.01008439731659816,-0.010135589302219045,2024,5,2,Friday
2024-05-20,MSFT,459.53,466.07,457.23,461.41,39050075,0.008678733823015206,0.008641290099409308,2024,5,2,Monday
2024-05-21,MSFT,457.98,466.3,452.42,460.13,23120298,-0.0027741054593529713,-0.002777960420933335,2024,5,2,Tuesday
2024-05-22,MSFT,459.89,466.75,459.39,463.89,33948016,0.008171603677221695,0.00813839690297124,2024,5,2,Wednesday
2024-05-23,MSFT,460.79,456.82,449.56,453.97,30921371,-0.02138437991765285,-0.02161633859258777,2024,5,2,Thursday
2024-05-24,MSFT,453.2,468.65,454.54,459.95,13815046,0.013172676608586453,0.013086671360305255,2024,5,2,Friday
2024-05-27,MSFT,463.46,463.48,459.07,461.71,18709055,0.0038265028807478174,0.0038192004412088334,2024,5,2,Monday
2024-05-28,MSFT,464.1,466.76,460.46,463.09,17330872,0.0029888891295402065,0.002984431280893847,2024,5,2,Tuesday
2024-05-29,MSFT,464.54,482.22,473.49,477.82,14647383,0.03180807186508017,0.03131267288860522,2024,5,2,Wednesday
2024-05-30,MSFT,477.41,482.95,469.82,475.23,32546515,-0.005420451215939037,-0.005435195165005265,2024,5,2,Thursday
2024-05-31,MSFT,473.0,486.76,472.07,478.08,46502560,0.0059970961429201,0.005979185135528622,2024,5,2,Friday
2024-06-03,MSFT,478.5,485.18,472.09,479.12,23140262,0.002175368139223588,0.002173005451809195,2024,6,2,Monday
2024-06-04,MSFT,481.63,489.77,472.74,480.9,32301795,0.0037151444314575954,0.0037082603274099213,2024,6,2,Tuesday
2024-06-05,MSFT,481.83,500.16,496.56,498.32,39027378,0.03622374714077781,0.03558309266227322,2024,6,2,Wednesday
2024-06-06,MSFT,494.59,506.13,495.21,499.11,26612348,0.0015853266977043923,0.001584071393871161,2024,6,2,Thursday
2024-06-07,MSFT,499.36,498.28,492.17,494.97,24810871,-0.008294764681132438,-0.00832935766829842,2024,6,2,Friday
2024-06-10,MSFT,490.49,517.96,501.14,510.07,23223610,0.030506899408044852,0.030050816530277184,2024,6,2,Monday
2024-06-11,MSFT,512.01,513.8,499.94,507.9,29374985,-0.004254318034779603,-0.004263393394540746,2024,6,2,Tuesday
2024-06-12,MSFT,506.24,500.64,493.27,495.52,32501428,-0.02437487694428031,-0.024676861582306597,2024,6,2,Wednesday
2024-06-13,MSFT,492.65,499.18,484.51,490.06,28714932,-0.011018727801097805,-0.011079883636892869,2024,6,2,Thursday
2024-06-14,MSFT,491.95,486.81,474.12,480.82,28420614,-0.01885483410194677,-0.019034852894376893,2024,6,2,Friday
2024-06-17,MSFT,482.09,470.98,464.79,467.65,24618912,-0.0273907075412837,-0.027772826813063013,2024,6,2,Monday
2024-06-18,MSFT,468.17,470.42,462.13,465.26,15502316,-0.0051106596813855765,-0.005123763768662027,2024,6,2,Tuesday
2024-06-19,MSFT,470.08,471.5,458.0,465.02,32726683,-0.000515840605253004,-0.0005159736967893317,2024,6,2,Wednesday
2024-06-20,MSFT,466.42,477.51,470.62,474.03,17004674,0.01937551073072119,0.019190195416408703,2024,6,2,Thursday
2024-06-21,MSFT,472.58,480.24,476.91,479.03,30105007,0.010547855620952173,0.010492615098358174,2024,6,2,Friday
2024-06-24,MSFT,480.21,491.52,478.5,483.74,31361995,0.0098323695801934,0.0097843463658254,2024,6,2,Monday
2024-06-25,MSFT,483.09,482.04,472.65,477.27,17756403,-0.01337495348741069,-0.013465203810443013,2024,6,2,Tuesday
2024-06-26,MSFT,480.12,487.26,478.32,484.25,20832944,0.014624845475307513,0.014518933801847286,2024,6,2,Wednesday
2024-06-27,MSFT,484.89,500.19,489.78,495.27,47243647,0.022756840474961182,0.02250176612078146,2024,6,2,Thursday
2024-06-28,MSFT,496.16,505.15,493.85,498.65,24410934,0.006824560340824126,0.006801378439990071,2024,6,2,Friday
2024-07-01,MSFT,495.25,506.93,499.93,502.28,17336458,0.007279655068685331,0.007253286272886051,2024,7,3,Monday
2024-07-02,MSFT,502.42,496.16,491.03,492.66,31789612,-0.019152663852830987,-0.01933845217201062,2024,7,3,Tuesday
2024-07-03,MSFT,492.53,506.72,491.96,501.21,19827567,0.01735476799415414,0.01720589398904418,2024,7,3,Wednesday
2024-07-04,MSFT,498.78,522.1,508.9,515.77,14051351,0.029049699726661382,0.02863575473964349,2024,7,3,Thursday
2024-07-05,MSFT,515.23,523.25,514.98,518.7,29218634,0.005680826725090737,0.005664751679914397,2024,7,3,Friday
2024-07-08,MSFT,519.77,519.28,504.6,514.18,18989581,-0.008714092924619443,-0.00875228265346098,2024,7,3,Monday
2024-07-09,MSFT,514.16,515.69,511.6,513.17,27528788,-0.0019642926601578514,-0.001966224413085145,2024,7,3,Tuesday
2024-07-10,MSFT,509.74,516.96,502.54,510.08,19590971,-0.006021396418340874,-0.006039598129012964,2024,7,3,Wednesday
2024-07-11,MSFT,509.42,515.53,500.06,507.49,30908681,-0.005077634880802928,-0.005090569873485483,2024,7,3,Thursday
2024-07-12,MSFT,506.37,519.41,506.12,513.0,26414822,0.010857356795207718,0.010798838882459505,2024,7,3,Friday
2024-07-15,MSFT,513.47,518.23,512.04,515.57,11497311,0.0050097465886940196,0.004997239562215827,2024,7,3,Monday
2024-07-16,MSFT,515.78,528.31,519.62,524.1,28035724,0.016544795081172348,0.016409421075135325,2024,7,3,Tuesday
2024-07-17,MSFT,523.08,531.77,522.8,527.48,22918774,0.006449150925395886,0.006428444131377729,2024,7,3,Wednesday
2024-07-18,MSFT,526.35,527.03,509.85,520.65,38240345,-0.012948358231591794,-0.013032918963593444,2024,7,3,Thursday
2024-07-19,MSFT,520.82,522.8,510.69,516.87,28146926,-0.007260155574762228,-0.007286638763480341,2024,7,3,Friday
2024-07-22,MSFT,519.22,516.5,509.85,512.61,31365958,-0.008241917696906409,-0.008276070084132867,2024,7,3,Monday
2024-07-23,MSFT,513.29,517.8,504.27,511.41,20200625,-0.002340960964475891,-0.0023437052973484663,2024,7,3,Tuesday
2024-07-24,MSFT,514.85,528.56,523.43,526.38,19724381,0.029272012670851222,0.028851768537404343,2024,7,3,Wednesday
2024-07-25,MSFT,529.2,550.34,537.1,543.16,24808368,0.031878110870473764,0.03138055046224643,2024,7,3,Thursday
2024-07-26,MSFT,547.0,558.82,544.44,550.69,22436542,0.01386331835923138,0.013768101565870682,2024,7,3,Friday
2024-07-29,MSFT,554.25,559.65,547.46,552.05,37347969,0.0024696290108769947,0.0024665844886812976,2024,7,3,Monday
2024-07-30,MSFT,556.12,544.93,537.13,540.65,23876151,-0.020650303414545768,-0.020866502493599882,2024,7,3,Tuesday
2024-07-31,MSFT,537.71,552.25,535.25,542.85,17312508,0.004069175991861629,0.004060919286315012,2024,7,3,Wednesday
2024-08-01,MSFT,544.51,540.14,533.53,536.45,19503648,-0.011789628810905395,-0.011859677595105898,2024,8,3,Thursday
2024-08-02,MSFT,539.54,554.66,545.53,550.73,33394497,0.026619442632118462,0.026271309823210645,2024,8,3,Friday
2024-08-05,MSFT,554.37,544.35,529.95,537.29,23776521,-0.0244039729086849,-0.024706684920788303,2024,8,3,Monday
2024-08-06,MSFT,535.34,544.48,533.49,540.88,23398274,0.006681680284390312,0.006659456797244857,2024,8,3,Tuesday
2024-08-07,MSFT,542.56,540.58,527.92,533.8,34361340,-0.013089779618399744,-0.013176205811998791,2024,8,3,Wednesday
2024-08-08,MSFT,533.99,540.03,525.9,534.03,19000149,0.00043087298613708747,0.00043078018702745886,2024,8,3,Thursday
2024-08-09,MSFT,538.69,541.97,536.6,539.98,12785643,0.011141696159391978,0.011080084677943957,2024,8,3,Friday
2024-08-12,MSFT,536.44,551.3,544.6,549.07,19356259,0.016833956813215423,0.01669383609985506,2024,8,3,Monday
2024-08-13,MSFT,547.07,552.57,542.33,548.87,26883226,-0.0003642522811300175,-0.00036431863710620474,2024,8,3,Tuesday
2024-08-14,MSFT,544.17,560.06,550.69,555.81,23196986,0.012644159819265033,0.012564889931887133,2024,8,3,Wednesday
2024-08-15,MSFT,556.19,556.2,546.2,550.37,15654320,-0.009787517317068728,-0.009835729910346402,2024,8,3,Thursday
2024-08-16,MSFT,556.26,556.09,546.86,552.83,33909448,0.0044697203699330945,0.004459760836365849,2024,8,3,Friday
2024-08-19,MSFT,552.71,565.14,559.39,561.95,26256797,0.016496933957997895,0.016362337808225783,2024,8,3,Monday
2024-08-20,MSFT,562.22,575.09,555.43,565.23,28094679,0.005836818222261675,0.005819849993742736,2024,8,3,Tuesday
2024-08-21,MSFT,566.7,565.46,554.4,560.87,28353738,-0.007713674079578237,-0.007743578343907155,2024,8,3,Wednesday
2024-08-22,MSFT,560.56,562.95,554.31,558.74,16933917,-0.0037976714746732476,-0.003804900938210615,2024,8,3,Thursday
2024-08-23,MSFT,559.71,573.08,563.2,568.09,27377992,0.01673408025199552,0.016595608197488586,2024,8,3,Friday
2024-08-26,MSFT,569.14,563.89,553.3,558.73,32822424,-0.01647626256403034,-0.016613505769683432,2024,8,3,Monday
2024-08-27,MSFT,556.5,554.46,548.37,550.81,35197283,-0.014175004026989901,-0.014276429003701862,2024,8,3,Tuesday
2024-08-28,MSFT,550.56,558.17,553.33,556.38,31039321,0.010112379949529071,0.01006159194018524,2024,8,3,Wednesday
2024-08-29,MSFT,558.33,562.31,543.47,552.87,29160490,-0.006308637981235821,-0.0063286215281341835,2024,8,3,Thursday
2024-08-30,MSFT,555.3,544.55,538.04,540.68,14844797,-0.022048582849494514,-0.022295285896428485,2024,8,3,Friday
2024-09-02,MSFT,544.0,556.24,549.26,552.63,24888240,0.022101797736184148,0.02186109321660858,2024,9,3,Monday
2024-09-03,MSFT,553.51,554.67,534.63,543.47,18763312,-0.01657528545319642,-0.01671419258651375,2024,9,3,Tuesday
2024-09-04,MSFT,544.38,548.26,536.21,542.08,36727514,-0.0025576388761109348,-0.0025609152220867665,2024,9,3,Wednesday
2024-09-05,MSFT,544.0,542.48,531.75,537.14,35092578,-0.009113046044864292,-0.009154823858090947,2024,9,3,Thursday
2024-09-06,MSFT,535.63,538.79,532.0,534.94,18797374,-0.004095766466842732,-0.004104177091476626,2024,9,3,Friday
2024-09-09,MSFT,533.33,531.69,525.12,527.85,24657530,-0.013253822858638409,-0.013342438638363402,2024,9,3,Monday
2024-09-10,MSFT,527.54,535.8,532.21,534.14,26935056,0.011916264090177098,0.011845824447987291,2024,9,3,Tuesday
2024-09-11,MSFT,530.92,542.77,528.94,535.39,32756886,0.0023402104317220562,0.0023374764039257945,2024,9,3,Wednesday
2024-09-12,MSFT,536.42,548.13,540.05,544.07,15122600,0.016212480621603076,0.01608246176080714,2024,9,3,Thursday
2024-09-13,MSFT,546.76,546.55,530.66,539.19,12884037,-0.008969434080173477,-0.009009901616370993,2024,9,3,Friday
2024-09-16,MSFT,537.38,568.22,552.65,557.94,25287757,0.034774383797919084,0.03418341628610798,2024,9,3,Monday
2024-09-17,MSFT,559.09,544.73,539.05,541.77,11698384,-0.02898161092590612,-0.02940987258579945,2024,9,3,Tuesday
2024-09-18,MSFT,540.16,536.75,520.31,528.73,26218035,-0.024069254480683644,-0.024363652546361053,2024,9,3,Wednesday
2024-09-19,MSFT,526.19,545.79,540.64,543.85,29860548,0.028596826357498273,0.028195568953858906,2024,9,3,Thursday
2024-09-20,MSFT,549.13,552.19,542.61,548.25,36223199,0.008090466121173145,0.008057913758138328,2024,9,3,Friday
2024-09-23,MSFT,545.65,559.41,546.0,551.53,20740853,0.005982672138622913,0.0059648470149124755,2024,9,3,Monday
2024-09-24,MSFT,548.19,557.76,552.81,555.61,26238566,0.0073976030315667796,0.007370374965421768,2024,9,3,Tuesday
2024-09-25,MSFT,556.18,566.33,553.08,560.97,30396539,0.009647054588650228,0.00960081887864677,2024,9,3,Wednesday
2024-09-26,MSFT,561.68,571.28,559.18,563.95,17569418,0.005312227035313866,0.0052981669289472524,2024,9,3,Thursday
2024-09-27,MSFT,565.73,560.01,550.67,555.77,32900246,-0.0145048319886516,-0.014611055484742636,2024,9,3,Friday
2024-09-30,MSFT,561.02,564.84,561.9,563.31,27144610,0.01356676322939343,0.013475558671646142,2024,9,3,Monday
2024-10-01,MSFT,561.24,575.77,564.45,569.54,20847664,0.011059629688803696,0.01099891919794516,2024,10,4,Tuesday
2024-10-02,MSFT,567.98,590.72,576.42,582.84,26083162,0.0233521789514346,0.023083688674879248,2024,10,4,Wednesday
2024-10-03,MSFT,587.27,604.05,595.87,599.61,23976531,0.028772905085443723,0.02836673772890632,2024,10,4,Thursday
2024-10-04,MSFT,602.27,607.36,598.89,603.1,31591813,0.005820449959140106,0.0058035765823810405,2024,10,4,Friday
2024-10-07,MSFT,605.38,594.35,590.44,591.9,22437592,-0.018570717957221095,-0.018745318760261812,2024,10,4,Monday
2024-10-08,MSFT,590.25,621.68,601.19,609.01,26762535,0.02890690995100531,0.028496986239653032,2024,10,4,Tuesday
2024-10-09,MSFT,612.25,602.71,594.78,599.68,20751039,-0.015319945485295916,-0.015438508326329748,2024,10,4,Wednesday
2024-10-10,MSFT,601.96,609.67,597.28,603.24,18869049,0.005936499466382195,0.005918947882481633,2024,10,4,Thursday
2024-10-11,MSFT,603.78,610.5,595.56,601.16,26320172,-0.003448047211723426,-0.003454005426590667,2024,10,4,Friday
2024-10-14,MSFT,599.5,606.03,589.39,597.45,19103002,-0.0061714019562179034,-0.006190523770130585,2024,10,4,Monday
2024-10-15,MSFT,597.75,611.33,592.82,605.04,31786761,0.0127039919658547,0.012623973252010971,2024,10,4,Tuesday
2024-10-16,MSFT,609.75,619.86,597.96,607.73,29860770,0.004445987042179134,0.004436132838767445,2024,10,4,Wednesday
2024-10-17,MSFT,604.59,616.27,609.16,613.02,19872591,0.00870452339032135,0.008666857444845865,2024,10,4,Thursday
2024-10-18,MSFT,610.71,608.88,599.87,605.56,26655885,-0.012169260383021796,-0.012243912087709296,2024,10,4,Friday
2024-10-21,MSFT,603.76,609.11,594.76,604.26,19845273,-0.0021467732346918122,-0.002149080855569741,2024,10,4,Monday
2024-10-22,MSFT,603.08,599.91,593.71,597.33,15449582,-0.011468573130771431,-0.011534844394055175,2024,10,4,Tuesday
2024-10-23,MSFT,597.29,600.48,591.13,595.81,20899145,-0.0025446570572381644,-0.002547900199966595,2024,10,4,Wednesday
2024-10-24,MSFT,598.51,597.96,593.23,595.05,24625457,-0.0012755744280894543,-0.0012763886656376342,2024,10,4,Thursday
2024-10-25,MSFT,596.35,624.62,606.69,612.95,29233006,0.030081505755819027,0.029637930912554584,2024,10,4,Friday
2024-10-28,MSFT,613.12,615.44,601.57,610.81,26146616,-0.0034913125050984872,-0.0034974213593599876,2024,10,4,Monday
2024-10-29,MSFT,611.61,598.88,587.06,591.05,32824599,-0.03235048542099839,-0.032885328985257534,2024,10,4,Tuesday
2024-10-30,MSFT,592.79,612.07,597.34,604.54,18625395,0.02282378817358932,0.02256722205804879,2024,10,4,Wednesday
2024-10-31,MSFT,599.73,615.12,603.33,609.19,22328554,0.007691798722996079,0.007662367661391877,2024,10,4,Thursday
2024-11-01,MSFT,612.27,617.36,599.97,608.29,40943203,-0.0014773715917859587,-0.0014784639812387276,2024,11,4,Friday
2024-11-04,MSFT,605.92,615.87,597.79,604.47,14006924,-0.006279899390093435,-0.006299700902803405,2024,11,4,Monday
2024-11-05,MSFT,603.21,605.97,587.91,595.88,21830095,-0.014210796234718104,-0.014312736520392385,2024,11,4,Tuesday
2024-11-06,MSFT,596.84,617.3,612.25,614.71,18127455,0.031600322212526066,0.031111307367506853,2024,11,4,Wednesday
2024-11-07,MSFT,614.49,619.26,612.19,615.57,23576637,0.0013990336906835044,0.0013980559548669974,2024,11,4,Thursday
2024-11-08,MSFT,616.99,603.7,595.56,599.31,21945049,-0.026414542619036196,-0.02676967437501571,2024,11,4,Friday
2024-11-11,MSFT,599.71,608.64,596.17,602.77,29949794,0.00577330596853054,0.005756704304636813,2024,11,4,Monday
2024-11-12,MSFT,601.94,620.11,606.46,614.69,26991770,0.01977537037344268,0.019582377918990444,2024,11,4,Tuesday
2024-11-13,MSFT,619.13,621.41,610.14,616.57,16897920,0.003058452227952202,0.0030537846775019295,2024,11,4,Wednesday
2024-11-14,MSFT,618.63,616.67,596.64,608.23,20956046,-0.013526444685923789,-0.013618760453451655,2024,11,4,Thursday
2024-11-15,MSFT,609.1,601.77,595.58,599.17,24999122,-0.014895680910182119,-0.0150077357124744,2024,11,4,Friday
2024-11-18,MSFT,601.13,596.67,583.25,590.92,31208487,-0.013769047181935057,-0.013864719740546321,2024,11,4,Monday
2024-11-19,MSFT,588.95,613.05,597.92,605.61,51871147,0.024859541054626844,0.02455557008303881,2024,11,4,Tuesday
2024-11-20,MSFT,611.84,611.55,599.97,605.29,30867830,-0.0005283928600915422,-0.0005285325087939249,2024,11,4,Wednesday
2024-11-21,MSFT,602.18,592.01,586.48,589.84,18451134,-0.02552495498025731,-0.02585636834625693,2024,11,4,Thursday
2024-11-22,MSFT,590.16,599.65,584.53,593.77,24305976,0.006662823816628194,0.006640725310681816,2024,11,4,Friday
2024-11-25,MSFT,592.97,600.9,589.85,595.44,26394843,0.0028125368408644658,0.0028085890595784145,2024,11,4,Monday
2024-11-26,MSFT,594.53,594.74,588.69,591.6,21392888,-0.00644901249496177,-0.006469897215010585,2024,11,4,Tuesday
2024-11-27,MSFT,590.33,588.95,575.53,582.51,28787842,-0.015365111561866152,-0.015484378162172695,2024,11,4,Wednesday
2024-11-28,MSFT,580.39,577.54,565.86,573.17,12647539,-0.016034059501124465,-0.01616399584308909,2024,11,4,Thursday
2024-11-29,MSFT,576.39,590.02,578.18,583.41,29512700,0.01786555472198481,0.017707841353517655,2024,11,4,Friday
2024-12-02,MSFT,580.09,591.44,576.96,586.03,21670667,0.00449083834696018,0.004480784620965534,2024,12,4,Monday
2024-12-03,MSFT,588.76,594.14,585.26,590.81,24190603,0.008156579014726217,0.008123493909872471,2024,12,4,Tuesday
2024-12-04,MSFT,592.63,604.35,585.99,593.45,38806692,0.004468441630981257,0.0044584877867757475,2024,12,4,Wednesday
2024-12-05,MSFT,592.38,603.5,589.07,596.87,17122967,0.0057629117870081625,0.005746369734042735,2024,12,4,Thursday
2024-12-06,MSFT,598.37,595.55,590.9,592.83,27131396,-0.006768643088109538,-0.0067916542477359,2024,12,4,Friday
2024-12-09,MSFT,592.39,596.76,582.85,591.26,31723327,-0.002648314019196185,-0.0026518270064680278,2024,12,4,Monday
2024-12-10,MSFT,588.19,607.95,596.25,602.57,26310727,0.01912864053039276,0.01894798820639878,2024,12,4,Tuesday
2024-12-11,MSFT,599.46,624.7,610.93,616.5,15403860,0.023117646082612797,0.022854481415647186,2024,12,4,Wednesday
2024-12-12,MSFT,618.41,613.53,596.56,605.11,37487022,-0.0184752635847526,-0.018648062918661695,2024,12,4,Thursday
2024-12-13,MSFT,606.83,606.33,600.29,603.48,23464053,-0.0026937251078316127,-0.002697359713863534,2024,12,4,Friday
2024-12-16,MSFT,604.17,621.94,606.59,611.87,21340647,0.013902697686750232,0.013806941675836218,2024,12,4,Monday
2024-12-17,MSFT,610.74,634.45,626.24,630.65,22776537,0.03069279422099469,0.030231191885492337,2024,12,4,Tuesday
2024-12-18,MSFT,630.09,660.34,637.75,648.99,22292090,0.029081106794577094,0.028666274731685433,2024,12,4,Wednesday
2024-12-19,MSFT,647.99,652.52,631.64,641.28,17493369,-0.01187999815097307,-0.011951129248496962,2024,12,4,Thursday
2024-12-20,MSFT,635.99,662.39,648.34,654.68,26268250,0.020895708582834294,0.02068038762129252,2024,12,4,Friday
2024-12-23,MSFT,654.86,663.39,650.1,655.67,20899096,0.0015121891611169502,0.001511046954430842,2024,12,4,Monday
2024-12-24,MSFT,657.29,675.27,658.9,666.93,30573765,0.017173273140451695,0.017027479289895894,2024,12,4,Tuesday
2024-12-25,MSFT,667.15,679.35,670.82,675.66,29199584,0.013089829517340723,0.013004898054979388,2024,12,4,Wednesday
2024-12-26,MSFT,681.31,666.52,659.93,662.74,40714188,-0.019122043631412233,-0.01930723452748306,2024,12,4,Thursday
2024-12-27,MSFT,659.59,676.97,655.49,668.9,23462088,0.009294746054259617,0.009251815714856266,2024,12,4,Friday
2024-12-30,MSFT,666.81,685.48,673.68,679.98,19646533,0.016564508895201113,0.016428813848549745,2024,12,4,Monday
2024-12-31,MSFT,680.41,683.74,673.99,680.16,16086061,0.0002647136680489215,0.0002646786375677906,2024,12,4,Tuesday
2022-01-04,NVDA,299.96,291.38,271.4,280.74,85563760,-0.0680211134349169,-0.07044511845327477,2022,1,1,Tuesday
2022-01-05,NVDA,281.38,311.2,290.03,298.15,61878558,0.06201467550046291,0.06016774146293485,2022,1,1,Wednesday
2022-01-06,NVDA,299.01,310.1,294.1,300.81,45861406,0.00892168371625024,0.008882120634828792,2022,1,1,Thursday
2022-01-07,NVDA,291.83,311.03,296.06,300.97,37765162,0.0005318972108641074,0.0005317558036831464,2022,1,1,Friday
2022-01-10,NVDA,303.36,293.5,284.75,289.16,69073353,-0.03923979134132971,-0.04003042387553033,2022,1,1,Monday
2022-01-11,NVDA,289.69,308.97,288.1,299.05,35927106,0.034202517637294205,0.03363061535846961,2022,1,1,Tuesday
2022-01-12,NVDA,301.12,303.1,297.13,299.71,98537033,0.0022069887978597436,0.002204556975428769,2022,1,1,Wednesday
2022-01-13,NVDA,294.98,295.78,288.84,292.09,41598392,-0.025424577091188172,-0.02575336650940397,2022,1,1,Thursday
2022-01-14,NVDA,290.96,301.89,288.47,295.18,83778345,0.010578931151357551,0.010523365797038936,2022,1,1,Friday
2022-01-17,NVDA,291.22,281.05,266.69,276.17,47308068,-0.0644013822074666,-0.06656872162192884,2022,1,1,Monday
2022-01-18,NVDA,278.7,272.16,252.2,258.89,80338344,-0.06257015606329441,-0.06461335707189056,2022,1,1,Tuesday
2022-01-19,NVDA,254.42,252.97,242.78,247.86,40107464,-0.042604967360655,-0.04353919042308221,2022,1,1,Wednesday
2022-01-20,NVDA,245.03,262.43,242.0,252.02,50283345,0.016783668199790158,0.016644378804818886,2022,1,1,Thursday
2022-01-21,NVDA,253.68,256.4,246.92,252.58,63653085,0.0022220458693753553,0.0022195807764768265,2022,1,1,Friday
2022-01-24,NVDA,250.63,270.75,255.63,264.28,60986110,0.04632195739963563,0.045281116943660805,2022,1,1,Monday
2022-01-25,NVDA,261.27,268.29,244.1,255.11,69564303,-0.03469804752535177,-0.03531432246862881,2022,1,1,Tuesday
2022-01-26,NVDA,257.95,265.87,253.58,261.79,43197445,0.026184783034769232,0.025847830956195153,2022,1,1,Wednesday
2022-01-27,NVDA,264.84,271.55,253.39,261.18,51288446,-0.002330111921769462,-0.002332830856990175,2022,1,1,Thursday
2022-01-28,NVDA,263.5,259.12,245.77,251.88,72714410,-0.03560762692396058,-0.03625704117171934,2022,1,1,Friday
2022-01-31,NVDA,254.5,262.16,250.41,256.48,40465362,0.01826266476099736,0.018097905240700953,2022,1,1,Monday
2022-02-01,NVDA,255.75,261.7,251.45,256.39,59369778,-0.000350904553961473,-0.00035096613537102117,2022,2,1,Tuesday
2022-02-02,NVDA,255.74,255.71,245.21,250.45,46818336,-0.02316783025859037,-0.023440422922246087,2022,2,1,Wednesday
2022-02-03,NVDA,248.46,253.96,249.89,251.47,53185469,0.004072669195448242,0.004064398326996315,2022,2,1,Thursday
2022-02-04,NVDA,251.99,254.86,246.39,250.72,51284474,-0.00298246311687278,-0.0029869195229113676,2022,2,1,Friday
2022-02-07,NVDA,249.1,253.32,246.82,249.73,39469888,-0.00394862795149975,-0.0039564443657087505,2022,2,1,Monday
2022-02-08,NVDA,248.4,250.96,240.38,246.12,46238604,-0.014455612061025858,-0.014561112369712413,2022,2,1,Tuesday
2022-02-09,NVDA,247.94,242.78,222.99,233.86,52221938,-0.04981309930115385,-0.05109657616011708,2022,2,1,Wednesday
2022-02-10,NVDA,237.27,238.7,231.87,235.13,48482640,0.00543059950397673,0.00541590696734226,2022,2,1,Thursday
2022-02-11,NVDA,236.28,235.82,222.03,228.06,80145504,-0.030068472759749887,-0.030529800450302267,2022,2,1,Friday
2022-02-14,NVDA,233.09,225.95,214.01,219.24,67694820,-0.03867403314917128,-0.03944173205129673,2022,2,1,Monday
2022-02-15,NVDA,217.34,219.87,215.76,217.6,54544514,-0.007480386790731708,-0.007508505196128185,2022,2,1,Tuesday
2022-02-16,NVDA,212.68,227.4,221.49,224.76,39768659,0.03290441176470593,0.03237465126220994,2022,2,1,Wednesday
2022-02-17,NVDA,226.73,234.85,215.0,227.0,39048953,0.009966186154120038,0.009916851237405306,2022,2,1,Thursday
2022-02-18,NVDA,224.85,228.76,218.28,222.64,90392953,-0.0192070484581498,-0.019393900263767357,2022,2,1,Friday
2022-02-21,NVDA,221.89,227.6,210.07,218.0,36931224,-0.020840819259791532,-0.021061054428546267,2022,2,1,Monday
2022-02-22,NVDA,213.26,230.13,220.0,224.27,51737398,0.02876146788990841,0.02835562034910878,2022,2,1,Tuesday
2022-02-23,NVDA,221.8,210.62,198.37,203.79,55718243,-0.09131850002229458,-0.09576063126687741,2022,2,1,Wednesday
2022-02-24,NVDA,200.03,219.22,205.15,211.04,45541587,0.03557583787231944,0.03495763709768411,2022,2,1,Thursday
2022-02-25,NVDA,209.92,201.12,186.68,195.91,37016430,-0.07169257012888552,-0.07439231886906364,2022,2,1,Friday
2022-02-28,NVDA,194.96,188.04,183.12,185.31,39510008,-0.054106477464141656,-0.05562527172402332,2022,2,1,Monday
2022-03-01,NVDA,185.52,187.99,172.9,181.87,42439159,-0.018563488208947154,-0.018737952236990905,2022,3,1,Tuesday
2022-03-02,NVDA,184.64,203.16,195.14,199.24,40413954,0.09550778028261941,0.09121798206615606,2022,3,1,Wednesday
2022-03-03,NVDA,200.9,219.89,205.55,213.91,74465737,0.07362979321421403,0.0710452376086312,2022,3,1,Thursday
2022-03-04,NVDA,209.64,224.67,212.87,220.7,49863297,0.03174232153709511,0.03124894744897696,2022,3,1,Friday
2022-03-07,NVDA,222.35,232.09,216.54,224.47,42729206,0.017082011780697792,0.016937754700763353,2022,3,1,Monday
2022-03-08,NVDA,224.78,211.99,202.55,208.47,51630388,-0.07127901278567295,-0.07394692196910842,2022,3,1,Tuesday
2022-03-09,NVDA,208.22,216.51,204.19,210.31,61093762,0.008826210006235957,0.008787486701241186,2022,3,1,Wednesday
2022-03-10,NVDA,210.25,208.93,200.86,206.11,45088944,-0.01997051970900099,-0.020172625840380792,2022,3,1,Thursday
2022-03-11,NVDA,206.63,206.79,193.45,199.8,65537165,-0.03061472029498813,-0.031093140640752883,2022,3,1,Friday
2022-03-14,NVDA,198.1,208.31,194.71,201.54,34147144,0.008708708708708546,0.008671006637803073,2022,3,1,Monday
2022-03-15,NVDA,201.09,206.95,190.73,198.15,71052148,-0.016820482286394656,-0.016963553215812256,2022,3,1,Tuesday
2022-03-16,NVDA,201.03,212.37,198.76,205.81,49865895,0.038657582639414656,0.03792909344792484,2022,3,1,Wednesday
2022-03-17,NVDA,204.03,198.43,184.92,190.57,49284976,-0.07404888003498378,-0.07693383194408422,2022,3,1,Thursday
2022-03-18,NVDA,188.16,196.34,185.86,191.61,40614238,0.005457312273705384,0.005442475101323045,2022,3,1,Friday
2022-03-21,NVDA,191.46,189.42,178.72,185.26,34593574,-0.033140232764469646,-0.033701812415726194,2022,3,1,Monday
2022-03-22,NVDA,182.69,187.48,175.91,182.61,30326485,-0.01430422109467766,-0.014407512651938601,2022,3,1,Tuesday
2022-03-23,NVDA,178.74,190.28,178.2,185.33,39773068,0.0148951317014403,0.014785288635276157,2022,3,1,Wednesday
2022-03-24,NVDA,184.55,184.86,172.72,177.46,59639909,-0.04246479253223978,-0.04339278840202712,2022,3,1,Thursday
2022-03-25,NVDA,180.62,182.06,174.85,179.07,37473704,0.00907246703482456,0.009031559441476284,2022,3,1,Friday
2022-03-28,NVDA,178.99,179.99,175.31,177.94,31421379,-0.006310381415088995,-0.00633037603204681,2022,3,1,Monday
2022-03-29,NVDA,178.33,179.79,167.12,173.6,38065311,-0.024390243902439046,-0.02469261259037152,2022,3,1,Tuesday
2022-03-30,NVDA,169.05,172.19,168.16,170.68,44548256,-0.016820276497695796,-0.01696334390645052,2022,3,1,Wednesday
2022-03-31,NVDA,171.6,171.84,166.35,170.0,45077022,-0.003984063745019917,-0.00399202126953745,2022,3,1,Thursday
2022-04-01,NVDA,170.2,169.05,158.1,165.13,48103509,-0.02864705882352947,-0.029065394575364858,2022,4,2,Friday
2022-04-04,NVDA,163.78,170.06,161.35,165.56,68156389,0.0026040089626355734,0.0026006244056347625,2022,4,2,Monday
2022-04-05,NVDA,165.93,167.05,161.09,164.07,72733300,-0.008999758395747848,-0.009040500853740686,2022,4,2,Tuesday
2022-04-06,NVDA,164.41,165.05,153.18,160.39,91255362,-0.022429450844151932,-0.022684816677504504,2022,4,2,Wednesday
2022-04-07,NVDA,158.3,173.92,167.65,171.57,30708847,0.06970509383378021,0.06738299724604796,2022,4,2,Thursday
2022-04-08,NVDA,172.27,177.2,172.81,174.93,38677492,0.019583843329253448,0.01939454730683989,2022,4,2,Friday
2022-04-11,NVDA,177.5,174.4,169.5,172.61,61655876,-0.01326244783627728,-0.013351179503576376,2022,4,2,Monday
2022-04-12,NVDA,172.12,175.99,169.73,174.05,43632995,0.00834250622791255,0.008307899858849969,2022,4,2,Tuesday
2022-04-13,NVDA,172.19,174.48,162.44,167.27,64732212,-0.03895432347026717,-0.039733340933530564,2022,4,2,Wednesday
2022-04-14,NVDA,166.91,171.99,158.08,164.69,53205247,-0.015424164524421635,-0.015544354437800344,2022,4,2,Thursday
2022-04-15,NVDA,166.42,166.29,158.29,162.93,80301176,-0.010686744793247827,-0.010744258171253351,2022,4,2,Friday
2022-04-18,NVDA,160.47,157.46,152.48,155.18,68363416,-0.04756643957527773,-0.048734927249060395,2022,4,2,Monday
2022-04-19,NVDA,156.28,161.15,154.74,158.03,68739774,0.01836576878463725,0.01819915495520923,2022,4,2,Tuesday
2022-04-20,NVDA,156.71,157.11,153.83,155.15,44188365,-0.018224387774473216,-0.018392497526623194,2022,4,2,Wednesday
2022-04-21,NVDA,155.62,157.09,149.7,153.27,48559252,-0.012117305833064695,-0.01219131888357283,2022,4,2,Thursday
2022-04-22,NVDA,152.21,155.97,145.27,150.09,45624596,-0.020747700137013103,-0.02096595784259292,2022,4,2,Friday
2022-04-25,NVDA,149.05,172.16,168.5,169.82,31825102,0.131454460656939,0.12350393840299385,2022,4,2,Monday
2022-04-26,NVDA,173.0,171.93,160.13,165.66,77754294,-0.024496525733129215,-0.024801557401099333,2022,4,2,Tuesday
2022-04-27,NVDA,162.8,155.68,147.33,152.56,62529547,-0.07907762887842562,-0.08237953387795437,2022,4,2,Wednesday
2022-04-28,NVDA,153.47,146.91,140.54,143.22,45083434,-0.061221814368117466,-0.0631760517133699,2022,4,2,Thursday
2022-04-29,NVDA,146.27,153.3,142.44,148.09,73950855,0.03400363077782442,0.03343828747061833,2022,4,2,Friday
2022-05-02,NVDA,149.34,162.33,152.49,156.79,41384760,0.05874805861300558,0.057087133322947084,2022,5,2,Monday
2022-05-03,NVDA,154.23,154.3,151.34,152.83,28805970,-0.025256712800561076,-0.0255811378326139,2022,5,2,Tuesday
2022-05-04,NVDA,150.42,164.47,157.78,161.42,67642327,0.05620624222992854,0.054683471356481154,2022,5,2,Wednesday
2022-05-05,NVDA,159.93,173.26,160.14,166.79,34071284,0.033267253128484775,0.032725872192855596,2022,5,2,Thursday
2022-05-06,NVDA,167.11,174.7,158.61,165.89,47147942,-0.005396006954853427,-0.005410617984898132,2022,5,2,Friday
2022-05-09,NVDA,166.35,169.4,158.97,164.51,53189441,-0.008318765446982956,-0.008353559472854686,2022,5,2,Monday
2022-05-10,NVDA,161.94,170.75,162.89,166.12,56129561,0.009786639110084483,0.009739060131223767,2022,5,2,Tuesday
2022-05-11,NVDA,164.34,177.49,166.3,172.6,64492137,0.039007946063086774,0.03826635988677463,2022,5,2,Wednesday
2022-05-12,NVDA,170.88,180.69,172.64,175.84,59517978,0.01877172653534198,0.01859771200598381,2022,5,2,Thursday
2022-05-13,NVDA,175.45,174.16,169.41,171.44,58967754,-0.025022747952684332,-0.025341139489989728,2022,5,2,Friday
2022-05-16,NVDA,175.62,174.74,167.78,170.62,39440668,-0.004783014465702284,-0.0047944896847728815,2022,5,2,Monday
2022-05-17,NVDA,168.66,190.96,177.01,185.47,54614317,0.08703551752432293,0.08345428242064672,2022,5,2,Tuesday
2022-05-18,NVDA,183.24,191.85,182.59,187.82,31828369,0.012670512751388419,0.012590913475272048,2022,5,2,Wednesday
2022-05-19,NVDA,185.21,203.36,189.02,195.08,79891088,0.038654030454690735,0.0379256734653844,2022,5,2,Thursday
2022-05-20,NVDA,196.61,203.77,197.86,199.91,32827072,0.024759073200738113,0.024457534425799527,2022,5,2,Friday
2022-05-23,NVDA,199.81,206.04,196.49,202.63,45064331,0.013606122755239758,0.01351439060958631,2022,5,2,Monday
2022-05-24,NVDA,200.4,209.29,199.2,204.01,33661701,0.006810442678774065,0.006787356373399927,2022,5,2,Tuesday
2022-05-25,NVDA,203.1,216.93,208.55,212.14,40164082,0.039850987696681495,0.03907742182668632,2022,5,2,Wednesday
2022-05-26,NVDA,210.08,222.59,215.88,218.99,50201832,0.03228999717167924,0.031779632596174744,2022,5,2,Thursday
2022-05-27,NVDA,219.79,227.79,212.62,221.89,42665710,0.013242613817982418,0.0131556969048263,2022,5,2,Friday
2022-05-30,NVDA,229.2,222.07,210.97,216.18,70477737,-0.02573347153995209,-0.026070369590268185,2022,5,2,Monday
2022-05-31,NVDA,217.64,226.27,211.17,220.13,53522028,0.01827181052826332,0.018106886937182886,2022,5,2,Tuesday
2022-06-01,NVDA,219.88,222.86,216.57,220.04,43516931,-0.00040884931631313126,-0.00040893291798262295,2022,6,2,Wednesday
2022-06-02,NVDA,218.24,224.13,213.95,217.79,48035889,-0.010225413561170682,-0.010278052244739915,2022,6,2,Thursday
2022-06-03,NVDA,214.2,246.47,241.49,243.61,72091283,0.11855457091693844,0.11203729013377925,2022,6,2,Friday
2022-06-06,NVDA,245.8,232.91,227.11,229.26,65672762,-0.05890562784778963,-0.06071185520943312,2022,6,2,Monday
2022-06-07,NVDA,231.18,245.8,232.9,239.0,35530509,0.04248451539736542,0.04160682124464707,2022,6,2,Tuesday
2022-06-08,NVDA,237.63,234.04,227.59,231.24,40765147,-0.03246861924686184,-0.03300741971723525,2022,6,2,Wednesday
2022-06-09,NVDA,234.69,239.91,220.87,233.03,57654018,0.00774087528109324,0.007711068427971551,2022,6,2,Thursday
2022-06-10,NVDA,233.09,264.18,252.98,259.48,55591648,0.1135046989657984,0.10751242770260777,2022,6,2,Friday
2022-06-13,NVDA,261.95,252.21,247.52,250.04,36485267,-0.036380453214120645,-0.03705872328124315,2022,6,2,Monday
2022-06-14,NVDA,250.95,246.42,240.78,243.3,62599731,-0.02695568709006546,-0.027325655274134542,2022,6,2,Tuesday
2022-06-15,NVDA,242.78,249.21,237.7,243.7,38273615,0.0016440608302505932,0.0016427108416834865,2022,6,2,Wednesday
2022-06-16,NVDA,240.84,240.09,233.22,235.94,73933869,-0.03184242921624947,-0.03236042521746411,2022,6,2,Thursday
2022-06-17,NVDA,235.52,248.12,241.91,245.21,58607211,0.03928964991099426,0.03853745085101228,2022,6,2,Friday
2022-06-20,NVDA,247.75,244.35,236.62,240.46,35603561,-0.01937115125810529,-0.0195612307179457,2022,6,2,Monday
2022-06-21,NVDA,238.96,250.88,244.16,247.57,42661633,0.029568327372536007,0.029139614756431197,2022,6,2,Tuesday
2022-06-22,NVDA,248.9,241.9,225.74,235.0,42439724,-0.050773518600799705,-0.052107856159035175,2022,6,2,Wednesday
2022-06-23,NVDA,231.88,224.9,212.52,218.75,52456592,-0.06914893617021278,-0.07165598890643517,2022,6,2,Thursday
2022-06-24,NVDA,220.85,220.93,213.25,217.22,47032080,-0.006994285714285731,-0.007018860385833835,2022,6,2,Friday
2022-06-27,NVDA,218.05,209.11,198.54,204.18,35458972,-0.06003130466807838,-0.06190870711102056,2022,6,2,Monday
2022-06-28,NVDA,201.17,223.34,211.26,217.79,32908969,0.06665687138799092,0.06452933802164798,2022,6,2,Tuesday
2022-06-29,NVDA,217.19,212.29,199.75,205.04,58952380,-0.0585426328114238,-0.06032621370670168,2022,6,2,Wednesday
2022-06-30,NVDA,207.39,198.71,195.51,196.97,54483290,-0.03935817401482633,-0.04015364917821235,2022,6,2,Thursday
2022-07-01,NVDA,193.93,204.73,193.44,200.81,51608390,0.01949535462253138,0.019307754496765122,2022,7,3,Friday
2022-07-04,NVDA,198.16,199.2,194.09,196.5,54230450,-0.021463074548080274,-0.02169675606505244,2022,7,3,Monday
2022-07-05,NVDA,196.33,188.25,180.74,185.09,41527142,-0.05806615776081425,-0.059820238040690615,2022,7,3,Tuesday
2022-07-06,NVDA,189.94,206.8,196.78,201.68,52837476,0.0896320708844347,0.08584008961103916,2022,7,3,Wednesday
2022-07-07,NVDA,200.02,201.17,185.37,194.03,107079834,-0.03793137643792144,-0.03866949659648326,2022,7,3,Thursday
2022-07-08,NVDA,195.21,196.33,189.54,192.93,71121746,-0.0056692264082873756,-0.005685357468299624,2022,7,3,Friday
2022-07-11,NVDA,193.54,200.64,185.25,191.73,45855744,-0.00621987249261402,-0.006239296484581498,2022,7,3,Monday
2022-07-12,NVDA,190.34,204.67,192.83,197.85,42734710,0.03191988734157403,0.03142103550113314,2022,7,3,Tuesday
2022-07-13,NVDA,198.24,207.34,195.58,202.1,21197668,0.021480919888804628,0.021253456578142007,2022,7,3,Wednesday
2022-07-14,NVDA,200.99,198.37,193.0,195.83,68898282,-0.031024245423057817,-0.03151568848083023,2022,7,3,Thursday
2022-07-15,NVDA,194.97,197.87,190.27,193.69,63307551,-0.010927845580350426,-0.010987993074597299,2022,7,3,Friday
2022-07-18,NVDA,189.74,197.64,186.18,192.35,42473256,-0.006918271464711689,-0.006942313655843751,2022,7,3,Monday
2022-07-19,NVDA,192.29,203.44,191.09,198.8,32541321,0.033532622822979086,0.03298266502416967,2022,7,3,Tuesday
2022-07-20,NVDA,201.0,194.23,183.75,189.96,35355104,-0.04446680080482901,-0.04548577054155261,2022,7,3,Wednesday
2022-07-21,NVDA,190.09,209.56,204.54,206.8,57130742,0.0886502421562434,0.08493861895335296,2022,7,3,Thursday
2022-07-22,NVDA,209.57,209.25,191.0,200.94,48677688,-0.02833655705996141,-0.028745786600105943,2022,7,3,Friday
2022-07-25,NVDA,202.38,204.43,199.68,201.34,61528507,0.00199064397332549,0.001988665267109145,2022,7,3,Monday
2022-07-26,NVDA,201.19,193.91,189.49,192.45,51313606,-0.0441541670805603,-0.045158641571522176,2022,7,3,Tuesday
2022-07-27,NVDA,190.97,187.68,180.7,182.91,66823222,-0.04957131722525332,-0.050842151141920706,2022,7,3,Wednesday
2022-07-28,NVDA,181.82,179.72,172.88,176.89,55862624,-0.03291236127057029,-0.03346615813241833,2022,7,3,Thursday
2022-07-29,NVDA,173.7,178.5,166.26,170.4,64113927,-0.03668946803097961,-0.037379456060200704,2022,7,3,Friday
2022-08-01,NVDA,169.84,174.83,159.82,167.93,26712135,-0.014495305164319294,-0.014601388488298893,2022,8,3,Monday
2022-08-02,NVDA,168.23,164.54,158.19,161.7,34526230,-0.037098791162984646,-0.03780445932385542,2022,8,3,Tuesday
2022-08-03,NVDA,165.11,170.2,162.91,166.77,44822825,0.03135435992578861,0.030872851050426742,2022,8,3,Wednesday
2022-08-04,NVDA,167.85,168.56,157.6,161.88,69123422,-0.029321820471307825,-0.02976029762582301,2022,8,3,Thursday
2022-08-05,NVDA,160.16,161.36,153.03,156.43,87898428,-0.03366691376328135,-0.03424669443398581,2022,8,3,Friday
2022-08-08,NVDA,153.66,156.0,151.98,154.29,47596168,-0.013680240363101781,-0.01377467711874447,2022,8,3,Monday
2022-08-09,NVDA,153.9,165.52,157.97,161.07,41618675,0.043943223799338904,0.04300510464765329,2022,8,3,Tuesday
2022-08-10,NVDA,162.68,166.05,159.91,162.87,27813803,0.011175265412553648,0.011113283482881695,2022,8,3,Wednesday
2022-08-11,NVDA,162.43,169.12,155.25,162.59,64786168,-0.0017191625222570117,-0.0017206419780057057,2022,8,3,Thursday
2022-08-12,NVDA,163.67,158.92,148.56,153.68,42392261,-0.05480041822990345,-0.0563591761471625,2022,8,3,Friday
2022-08-15,NVDA,153.34,148.98,144.91,147.0,121452520,-0.04346694429984388,-0.04443993168156496,2022,8,3,Monday
2022-08-16,NVDA,148.29,144.16,135.45,139.83,40052930,-0.04877551020408155,-0.050005187725976945,2022,8,3,Tuesday
2022-08-17,NVDA,137.09,149.96,145.54,147.86,94029215,0.05742687549166847,0.05583848107619474,2022,8,3,Wednesday
2022-08-18,NVDA,150.77,156.98,145.85,151.46,62585474,0.024347355606654908,0.024055683556722593,2022,8,3,Thursday
2022-08-19,NVDA,149.39,149.14,144.11,146.55,36728157,-0.03241780007922879,-0.032954896528775125,2022,8,3,Friday
2022-08-22,NVDA,147.98,145.94,140.96,143.54,53606275,-0.02053906516547266,-0.020752925154975732,2022,8,3,Monday
2022-08-23,NVDA,143.06,142.42,134.93,139.1,63019056,-0.030932144350006907,-0.031420643072528544,2022,8,3,Tuesday
2022-08-24,NVDA,138.9,137.43,132.7,134.45,46732850,-0.03342918763479519,-0.03400071621452363,2022,8,3,Wednesday
2022-08-25,NVDA,134.06,139.23,135.28,137.33,64290882,0.021420602454444104,0.021194405827316912,2022,8,3,Thursday
2022-08-26,NVDA,137.76,138.92,131.14,136.04,63867469,-0.00939343187941466,-0.009437828403195922,2022,8,3,Friday
2022-08-29,NVDA,136.81,153.41,143.45,148.49,59795150,0.0915172008232874,0.08756865576897553,2022,8,3,Monday
2022-08-30,NVDA,150.42,160.26,150.89,156.66,49753509,0.05502054010371049,0.05356023603112218,2022,8,3,Tuesday
2022-08-31,NVDA,159.37,168.59,161.29,165.67,35147060,0.057513085663219554,0.055920006011353426,2022,8,3,Wednesday
2022-09-01,NVDA,166.35,172.54,168.46,170.69,48861384,0.030301201183074777,0.029851187825795492,2022,9,3,Thursday
2022-09-02,NVDA,174.28,172.33,165.38,168.15,52711961,-0.014880778018630192,-0.014992607589962872,2022,9,3,Friday
2022-09-05,NVDA,168.34,176.04,167.66,172.72,28480161,0.02717811477847154,0.026815348020273244,2022,9,3,Monday
2022-09-06,NVDA,175.01,173.58,166.95,170.67,52604075,-0.011868920796665239,-0.011939918775886318,2022,9,3,Tuesday
2022-09-07,NVDA,171.57,191.87,178.44,182.88,48568862,0.07154157145368267,0.06909833261583494,2022,9,3,Wednesday
2022-09-08,NVDA,181.64,194.11,181.15,186.37,33887126,0.019083552055993103,0.01890374504607326,2022,9,3,Thursday
2022-09-09,NVDA,186.78,190.67,186.23,188.82,45246308,0.013145892579277785,0.013060235211796816,2022,9,3,Friday
2022-09-12,NVDA,189.99,194.53,183.1,190.25,45534446,0.007573350280690727,0.00754481643742484,2022,9,3,Monday
2022-09-13,NVDA,190.17,209.14,199.2,204.78,89215194,0.07637319316688562,0.07359723540487541,2022,9,3,Tuesday
2022-09-14,NVDA,205.82,197.26,189.91,193.55,53413232,-0.05483933977927524,-0.05640035512301348,2022,9,3,Wednesday
2022-09-15,NVDA,195.61,216.31,201.94,209.17,68226740,0.08070266081115984,0.07761144144217141,2022,9,3,Thursday
2022-09-16,NVDA,209.11,209.96,205.11,208.07,48263636,-0.005258880336568295,-0.005272756919338108,2022,9,3,Friday
2022-09-19,NVDA,200.55,198.71,195.15,196.89,28498402,-0.05373191714326908,-0.055229364392749336,2022,9,3,Monday
2022-09-20,NVDA,200.95,198.03,186.13,191.36,61174201,-0.02808674894611185,-0.02848872639147396,2022,9,3,Tuesday
2022-09-21,NVDA,190.66,183.84,174.2,179.27,41040812,-0.06317934782608692,-0.0652634214955197,2022,9,3,Wednesday
2022-09-22,NVDA,177.46,189.11,180.12,184.57,45211115,0.029564344285156308,0.029135746052452546,2022,9,3,Thursday
2022-09-23,NVDA,182.02,180.55,172.84,177.3,36456932,-0.039388849758899,-0.040185582239037614,2022,9,3,Friday
2022-09-26,NVDA,176.57,183.53,172.69,178.95,51103519,0.009306260575296044,0.009263224131872541,2022,9,3,Monday
2022-09-27,NVDA,177.71,191.82,181.98,187.89,68825651,0.04995808885163444,0.04875024799339628,2022,9,3,Tuesday
2022-09-28,NVDA,186.19,188.13,176.89,183.22,66144678,-0.024854968332534977,-0.025169068618368564,2022,9,3,Wednesday
2022-09-29,NVDA,181.68,186.34,174.89,181.64,80469630,-0.008623512716952386,-0.008660910357312307,2022,9,3,Thursday
2022-09-30,NVDA,182.82,175.93,170.12,172.6,83965906,-0.049768773397929955,-0.05104992758042279,2022,9,3,Friday
2022-10-03,NVDA,176.91,174.83,163.87,170.28,27065523,-0.013441483198145976,-0.013532637689375944,2022,10,4,Monday
2022-10-04,NVDA,172.0,193.55,182.93,189.65,34950641,0.11375381724218947,0.10773612717495647,2022,10,4,Tuesday
2022-10-05,NVDA,192.26,203.46,188.02,196.24,29065896,0.034748220406011,0.03415813181532585,2022,10,4,Wednesday
2022-10-06,NVDA,195.33,198.77,190.99,194.58,60437037,-0.00845902975947821,-0.00849501040295228,2022,10,4,Thursday
2022-10-07,NVDA,194.83,191.7,188.08,190.21,40613416,-0.022458628841607542,-0.022714664582531942,2022,10,4,Friday
2022-10-10,NVDA,191.21,194.13,188.16,190.33,43175314,0.0006308816571158893,0.000630682734943083,2022,10,4,Monday
2022-10-11,NVDA,188.78,196.42,184.12,191.79,46854346,0.007670887406084015,0.00764161574705235,2022,10,4,Tuesday
2022-10-12,NVDA,190.79,197.77,184.67,188.97,56080839,-0.014703582042859376,-0.014812751144797819,2022,10,4,Wednesday
2022-10-13,NVDA,190.95,202.28,186.32,193.57,32022112,0.02434248822564422,0.024050931855506958,2022,10,4,Thursday
2022-10-14,NVDA,196.16,191.57,180.47,186.59,34273208,-0.03605930671075053,-0.03672550774829661,2022,10,4,Friday
2022-10-17,NVDA,186.74,181.64,178.15,179.83,50019446,-0.036229165550136666,-0.03690173623205212,2022,10,4,Monday
2022-10-18,NVDA,177.19,185.5,181.24,183.0,71639513,0.017627759550686628,0.017474192664315297,2022,10,4,Tuesday
2022-10-19,NVDA,182.34,180.19,171.06,174.86,49620486,-0.04448087431693981,-0.045500499088675934,2022,10,4,Wednesday
2022-10-20,NVDA,171.76,184.16,175.46,180.58,39429926,0.032711883792748475,0.03218823912658819,2022,10,4,Thursday
2022-10-21,NVDA,180.75,187.35,172.24,180.9,26247228,0.0017720677815926678,0.00177049952191635,2022,10,4,Friday
2022-10-24,NVDA,181.46,170.79,165.82,168.24,66541491,-0.06998341625207294,-0.07255286100680508,2022,10,4,Monday
2022-10-25,NVDA,167.68,174.33,164.03,169.4,40094674,0.006894912030432687,0.006871250823509649,2022,10,4,Tuesday
2022-10-26,NVDA,169.9,165.68,154.2,158.47,35438256,-0.0645218417945691,-0.06669748126323716,2022,10,4,Wednesday
2022-10-27,NVDA,159.28,166.71,161.1,163.42,29887054,0.031236196125449478,0.030758273001844357,2022,10,4,Thursday
2022-10-28,NVDA,163.93,164.47,159.54,162.14,32469226,-0.007832578631746467,-0.007863414397000338,2022,10,4,Friday
2022-10-31,NVDA,159.75,181.23,168.4,175.31,37474426,0.08122610090045645,0.07809567580622173,2022,10,4,Monday
2022-11-01,NVDA,174.77,188.84,179.11,183.6,46542616,0.04728766185614042,0.0462036428206072,2022,11,4,Tuesday
2022-11-02,NVDA,184.53,185.88,168.26,176.21,34792452,-0.04025054466230926,-0.041083012605750736,2022,11,4,Wednesday
2022-11-03,NVDA,179.63,171.06,154.5,162.6,52864678,-0.07723738720844453,-0.08038326846692909,2022,11,4,Thursday
2022-11-04,NVDA,162.06,164.74,151.64,158.02,46436634,-0.02816728167281668,-0.028571589819122948,2022,11,4,Friday
2022-11-07,NVDA,159.09,152.65,148.86,150.66,97379984,-0.046576382736362554,-0.047695964897038645,2022,11,4,Monday
2022-11-08,NVDA,152.29,167.05,159.8,162.74,29984784,0.08018053896190103,0.07712819287096262,2022,11,4,Tuesday
2022-11-09,NVDA,162.34,168.02,158.99,163.05,52481820,0.001904878948015165,0.001903066966816861,2022,11,4,Wednesday
2022-11-10,NVDA,165.35,175.0,165.43,169.8,52679400,0.041398344066237325,0.04056437164191878,2022,11,4,Thursday
2022-11-11,NVDA,172.3,172.29,161.52,168.22,36702900,-0.009305064782096695,-0.009348627342955811,2022,11,4,Friday
2022-11-14,NVDA,171.07,171.34,163.37,167.38,51449396,-0.004993460944001882,-0.005005969929563227,2022,11,4,Monday
2022-11-15,NVDA,168.32,169.65,165.64,167.54,62985296,0.0009559087107180453,0.0009554521209353655,2022,11,4,Tuesday
2022-11-16,NVDA,172.4,180.58,171.56,175.72,51468524,0.04882416139429391,0.04766969038191538,2022,11,4,Wednesday
2022-11-17,NVDA,174.39,184.3,172.77,178.39,75744199,0.015194627816981443,0.015080345655597268,2022,11,4,Thursday
2022-11-18,NVDA,183.05,172.79,169.32,171.23,26016129,-0.04013677896743084,-0.04096448276229635,2022,11,4,Friday
2022-11-21,NVDA,172.85,186.03,179.95,183.42,38836206,0.07119079600537281,0.06877092312991828,2022,11,4,Monday
2022-11-22,NVDA,186.44,186.22,177.6,181.66,77831000,-0.009595463962490447,-0.009641797056730633,2022,11,4,Tuesday
2022-11-23,NVDA,180.95,181.09,175.24,178.72,65734960,-0.016184080149730273,-0.016316472753176922,2022,11,4,Wednesday
2022-11-24,NVDA,180.58,161.58,155.91,159.54,58802038,-0.10731871083258737,-0.11352566083790723,2022,11,4,Thursday
2022-11-25,NVDA,162.34,170.07,160.43,164.12,72384169,0.028707534160712145,0.028303193091001985,2022,11,4,Friday
2022-11-28,NVDA,161.93,169.68,159.91,165.19,28136161,0.006519619790397169,0.006498458993063847,2022,11,4,Monday
2022-11-29,NVDA,164.86,170.09,162.2,166.25,63478813,0.006416853320418969,0.006396352968914294,2022,11,4,Tuesday
2022-11-30,NVDA,161.88,169.55,156.9,163.92,68808965,-0.014015037593985036,-0.01411417560531928,2022,11,4,Wednesday
2022-12-01,NVDA,163.56,166.74,153.73,160.48,41034490,-0.020985846754514426,-0.021209179717018942,2022,12,4,Thursday
2022-12-02,NVDA,158.87,163.49,154.05,158.44,110034520,-0.012711864406779627,-0.01279335145990947,2022,12,4,Friday
2022-12-05,NVDA,158.01,163.61,159.0,161.85,53033707,0.02152234284271648,0.021294007618537454,2022,12,4,Monday
2022-12-06,NVDA,167.66,171.46,162.66,166.53,25898687,0.028915662650602414,0.02850549299792626,2022,12,4,Tuesday
2022-12-07,NVDA,170.04,168.72,162.87,165.34,56058994,-0.007145859604876015,-0.007171513545650078,2022,12,4,Wednesday
2022-12-08,NVDA,162.42,176.25,168.48,172.3,40288456,0.042095076811419,0.041233183709354485,2022,12,4,Thursday
2022-12-09,NVDA,173.47,178.29,167.45,172.14,70917809,-0.0009286128845039654,-0.000929044312555709,2022,12,4,Friday
2022-12-12,NVDA,173.83,174.19,165.46,169.02,58933295,-0.018124782154060548,-0.01829104810499209,2022,12,4,Monday
2022-12-13,NVDA,168.32,175.87,165.26,170.8,41789553,0.010531298071234207,0.01047623023813329,2022,12,4,Tuesday
2022-12-14,NVDA,171.17,167.81,158.77,161.93,78473311,-0.05193208430913354,-0.05332913826909012,2022,12,4,Wednesday
2022-12-15,NVDA,162.48,169.75,156.86,163.86,66278025,0.01191873031556856,0.011848261628289322,2022,12,4,Thursday
2022-12-16,NVDA,161.15,156.61,152.0,154.19,39003329,-0.059013792261686904,-0.06082679653040743,2022,12,4,Friday
2022-12-19,NVDA,152.24,152.12,142.99,148.18,47770556,-0.038977884428302634,-0.03975785719475035,2022,12,4,Monday
2022-12-20,NVDA,148.5,137.71,134.95,136.75,58387279,-0.07713591577810774,-0.08027330968642031,2022,12,4,Tuesday
2022-12-21,NVDA,136.91,139.75,133.06,136.09,44824014,-0.004826325411334542,-0.0048380097298643485,2022,12,4,Wednesday
2022-12-22,NVDA,134.9,151.21,140.8,145.7,45227403,0.07061503416856474,0.06823328162893275,2022,12,4,Thursday
2022-12-23,NVDA,144.28,148.61,142.38,145.34,50553921,-0.002470830473575769,-0.00247388801266924,2022,12,4,Friday
2022-12-26,NVDA,145.18,151.02,147.38,149.57,36316908,0.029104169533507473,0.02868868548274521,2022,12,4,Monday
2022-12-27,NVDA,151.2,171.37,160.7,165.08,25589788,0.10369726549441749,0.09866569421314601,2022,12,4,Tuesday
2022-12-28,NVDA,164.93,172.75,159.98,168.23,53718823,0.019081657378240635,0.018901885846687755,2022,12,4,Wednesday
2022-12-29,NVDA,171.58,166.31,158.72,163.42,27532111,-0.02859180883314516,-0.02900851677450772,2022,12,4,Thursday
2022-12-30,NVDA,162.02,162.81,154.4,159.65,37118347,-0.023069391751315504,-0.02333965479577023,2022,12,4,Friday
2023-01-02,NVDA,160.02,166.52,155.31,160.02,29386879,0.0023175696836830184,0.002314888261186841,2023,1,1,Monday
2023-01-03,NVDA,159.33,158.85,153.44,156.3,30492771,-0.02324709411323589,-0.02352156999454702,2023,1,1,Tuesday
2023-01-04,NVDA,157.42,158.5,150.11,153.12,56822339,-0.020345489443378106,-0.02055530972278678,2023,1,1,Wednesday
2023-01-05,NVDA,151.65,162.22,154.94,159.8,46774143,0.0436259143155695,0.04270110562753018,2023,1,1,Thursday
2023-01-06,NVDA,163.58,169.49,164.41,167.04,46270419,0.04530663329161433,0.044310271362099425,2023,1,1,Friday
2023-01-09,NVDA,163.58,164.21,152.37,156.52,33691732,-0.06297892720306508,-0.06504950735206212,2023,1,1,Monday
2023-01-10,NVDA,159.82,153.69,149.07,151.71,41069603,-0.030730897009966784,-0.03121299358221037,2023,1,1,Tuesday
2023-01-11,NVDA,151.88,154.64,142.0,149.21,55978044,-0.016478808252587185,-0.016616094107671116,2023,1,1,Wednesday
2023-01-12,NVDA,150.22,155.96,147.77,153.27,49224763,0.02720997252194901,0.026846362358486125,2023,1,1,Thursday
2023-01-13,NVDA,155.78,164.0,156.73,160.99,63996297,0.05036863052130225,0.04914117924338664,2023,1,1,Friday
2023-01-16,NVDA,162.69,184.31,176.12,180.24,66789815,0.11957264426361891,0.11294704486978609,2023,1,1,Monday
2023-01-17,NVDA,178.63,180.16,172.46,177.25,46356292,-0.01658899245450518,-0.016728130711752193,2023,1,1,Tuesday
2023-01-18,NVDA,178.56,180.94,166.88,174.67,28684250,-0.014555712270803989,-0.014662685971935428,2023,1,1,Wednesday
2023-01-19,NVDA,178.68,186.8,172.6,179.35,39846299,0.026793381805690686,0.026440724537990047,2023,1,1,Thursday
2023-01-20,NVDA,177.39,179.34,169.42,174.82,48555924,-0.02525787566211324,-0.02558233082594976,2023,1,1,Friday
2023-01-23,NVDA,179.37,176.98,169.72,174.22,39609812,-0.003432101590207015,-0.0034380047615958685,2023,1,1,Monday
2023-01-24,NVDA,175.04,175.63,167.65,171.68,36438858,-0.014579267592698786,-0.014686589508357509,2023,1,1,Tuesday
2023-01-25,NVDA,170.77,156.5,153.13,154.57,51057308,-0.09966216216216228,-0.10498521071816128,2023,1,1,Wednesday
2023-01-26,NVDA,152.87,162.65,150.88,155.71,103659753,0.007375299217183162,0.007348234689106126,2023,1,1,Thursday
2023-01-27,NVDA,155.29,157.93,152.62,154.92,43188168,-0.005073534133967161,-0.005086448206782047,2023,1,1,Friday
2023-01-30,NVDA,151.2,168.24,159.65,163.58,49957929,0.05589981926155452,0.054393312660276756,2023,1,1,Monday
2023-01-31,NVDA,162.74,169.41,159.07,163.99,33730829,0.002506418877613381,0.0025032830485261994,2023,1,1,Tuesday
2023-02-01,NVDA,163.47,158.85,153.37,156.15,72605692,-0.04780779315811945,-0.04898836662626673,2023,2,1,Wednesday
2023-02-02,NVDA,154.09,160.87,149.87,154.87,65003812,-0.008197246237592104,-0.008231028401004594,2023,2,1,Thursday
2023-02-03,NVDA,156.29,147.05,139.9,142.49,63671894,-0.07993801252663524,-0.0833142335203856,2023,2,1,Friday
2023-02-06,NVDA,142.11,142.73,128.73,135.92,75185752,-0.04610849884202417,-0.047205344444021025,2023,2,1,Monday
2023-02-07,NVDA,134.85,141.32,137.28,139.82,43983765,0.028693349028840576,0.028289403720162597,2023,2,1,Tuesday
2023-02-08,NVDA,139.27,142.4,134.8,138.74,45663425,-0.007724216850235943,-0.00775420312668379,2023,2,1,Wednesday
2023-02-09,NVDA,139.34,145.65,142.37,144.42,83511685,0.04093988755946354,0.04012404306588015,2023,2,1,Thursday
2023-02-10,NVDA,144.55,139.96,130.36,133.55,60451502,-0.07526658357568183,-0.07824978146706549,2023,2,1,Friday
2023-02-13,NVDA,132.4,135.06,127.61,132.54,25693973,-0.0075627105952827955,-0.0075914528958892,2023,2,1,Monday
2023-02-14,NVDA,132.75,132.28,126.72,130.29,57309665,-0.016976007243096447,-0.017121751445240634,2023,2,1,Tuesday
2023-02-15,NVDA,130.21,142.05,132.51,135.81,41993447,0.04236702740041465,0.04149411490113689,2023,2,1,Wednesday
2023-02-16,NVDA,133.91,142.78,135.24,139.93,65462309,0.03033649952139017,0.02988544745164508,2023,2,1,Thursday
2023-02-17,NVDA,139.43,146.67,142.46,143.99,56513533,0.029014507253626753,0.028601555152557048,2023,2,1,Friday
2023-02-20,NVDA,145.02,156.89,149.54,153.73,29661804,0.06764358636016365,0.06545396420432871,2023,2,1,Monday
2023-02-21,NVDA,154.81,153.9,150.4,151.79,54199520,-0.012619527743446324,-0.012699830285740251,2023,2,1,Tuesday
2023-02-22,NVDA,151.36,165.27,153.55,160.69,53261371,0.058633638579616676,0.0569790564148941,2023,2,1,Wednesday
2023-02-23,NVDA,162.03,159.2,151.02,154.33,55760277,-0.039579314207480176,-0.04038387614092164,2023,2,1,Thursday
2023-02-24,NVDA,152.47,153.09,144.69,147.99,59423018,-0.04108080088122856,-0.04194846299898357,2023,2,1,Friday
2023-02-27,NVDA,146.27,157.9,147.46,152.98,78320767,0.03371849449287101,0.033162489979963274,2023,2,1,Monday
2023-02-28,NVDA,152.51,148.17,137.23,144.18,56610229,-0.057523859328016624,-0.05924467491728731,2023,2,1,Tuesday
2023-03-01,NVDA,146.83,150.42,145.09,147.94,50344659,0.026078512969898604,0.025744267183288923,2023,3,1,Wednesday
2023-03-02,NVDA,148.24,151.31,146.65,148.9,70556462,0.006489117209679707,0.006468153530241809,2023,3,1,Thursday
2023-03-03,NVDA,148.4,158.44,152.51,155.95,97988019,0.04734721289456001,0.04626050336384887,2023,3,1,Friday
2023-03-06,NVDA,158.91,160.99,148.2,155.93,65795025,-0.00012824623276674885,-0.00012825445701801863,2023,3,1,Monday
2023-03-07,NVDA,155.38,162.02,151.53,156.66,53190767,0.004681587892002792,0.004670663342298365,2023,3,1,Tuesday
2023-03-08,NVDA,160.96,165.56,154.67,160.33,56927707,0.02342652878845919,0.023156339261653613,2023,3,1,Wednesday
2023-03-09,NVDA,159.33,159.41,152.89,156.41,53992013,-0.02444957275619042,-0.024753426514595885,2023,3,1,Thursday
2023-03-10,NVDA,154.46,154.63,150.17,152.3,50278549,-0.026277092257528167,-0.026628504785033914,2023,3,1,Friday
2023-03-13,NVDA,151.99,163.17,150.14,155.65,95734071,0.021996060407091234,0.021757636986501017,2023,3,1,Monday
2023-03-14,NVDA,155.18,158.43,152.85,155.83,39937150,0.0011564407324125003,0.001155772569905989,2023,3,1,Tuesday
2023-03-15,NVDA,154.29,159.11,149.86,153.61,70703477,-0.014246294038375185,-0.014348746696468982,2023,3,1,Wednesday
2023-03-16,NVDA,158.52,157.38,150.42,153.45,48147341,-0.0010415988542413768,-0.0010421416953091153,2023,3,1,Thursday
2023-03-17,NVDA,154.05,166.49,161.49,164.19,32069238,0.06999022482893458,0.06764951275819137,2023,3,1,Friday
2023-03-20,NVDA,165.12,168.55,155.35,161.61,47253545,-0.01571350264936955,-0.015838268463384313,2023,3,1,Monday
2023-03-21,NVDA,160.7,166.64,150.41,158.89,42435711,-0.016830641668213797,-0.01697388646027665,2023,3,1,Tuesday
2023-03-22,NVDA,157.76,153.87,142.91,148.51,59459547,-0.06532821448801052,-0.06755984285742174,2023,3,1,Wednesday
2023-03-23,NVDA,150.38,151.33,144.49,148.6,51388431,0.0006060197966466507,0.0006058362408049256,2023,3,1,Thursday
2023-03-24,NVDA,145.54,155.69,149.69,153.0,36796949,0.02960969044414541,0.029179789108776725,2023,3,1,Friday
2023-03-27,NVDA,150.86,165.31,155.02,158.7,77736537,0.03725490196078418,0.0365777061399278,2023,3,1,Monday
2023-03-28,NVDA,158.22,163.95,156.48,159.78,69342861,0.006805293005671231,0.0067822415215326275,2023,3,1,Tuesday
2023-03-29,NVDA,162.43,171.39,163.5,166.55,80466396,0.04237075979471783,0.04149769558579288,2023,3,1,Wednesday
2023-03-30,NVDA,165.78,176.83,168.29,172.01,53683860,0.032782948063644346,0.03225705001861065,2023,3,1,Thursday
2023-03-31,NVDA,172.89,183.65,176.9,180.45,49466866,0.049066914714260834,0.047901116430498096,2023,3,1,Friday
2023-04-03,NVDA,180.51,190.04,186.69,188.31,61749825,0.043557772236076486,0.04263580990875249,2023,4,2,Monday
2023-04-04,NVDA,191.31,206.61,196.38,201.29,42046682,0.06892889384525502,0.06665711331539025,2023,4,2,Tuesday
2023-04-05,NVDA,197.37,204.18,195.12,200.36,51989453,-0.004620199711858453,-0.004630905823524321,2023,4,2,Wednesday
2023-04-06,NVDA,202.17,193.86,187.88,190.21,47433068,-0.05065881413455786,-0.051987023524666484,2023,4,2,Thursday
2023-04-07,NVDA,189.74,199.87,193.18,195.91,32256278,0.02996687871300141,0.029526645135191182,2023,4,2,Friday
2023-04-10,NVDA,198.13,213.93,196.83,202.74,51948853,0.03486294727170636,0.03426899985431271,2023,4,2,Monday
2023-04-11,NVDA,200.7,224.43,211.52,216.71,43804341,0.06890598796488101,0.06663568426998569,2023,4,2,Tuesday
2023-04-12,NVDA,216.77,237.2,221.9,228.91,46490935,0.056296433021088,0.054768858979674144,2023,4,2,Wednesday
2023-04-13,NVDA,228.63,251.59,244.74,248.48,55765672,0.08549211480494523,0.08203344619646338,2023,4,2,Thursday
2023-04-14,NVDA,245.42,268.25,242.36,255.46,73243019,0.028090792015454058,0.02770348221425393,2023,4,2,Friday
2023-04-17,NVDA,251.44,271.64,246.78,258.47,38760123,0.011782666562279775,0.011713791440440728,2023,4,2,Monday
2023-04-18,NVDA,256.62,252.59,237.49,244.79,45198122,-0.0529268387046854,-0.0543789329244739,2023,4,2,Tuesday
2023-04-19,NVDA,245.18,251.83,241.97,248.48,39745562,0.015074145185669297,0.014961659269779107,2023,4,2,Wednesday
2023-04-20,NVDA,246.17,252.13,235.65,243.49,38976886,-0.020082099162910372,-0.020286485482842932,2023,4,2,Thursday
2023-04-21,NVDA,242.5,252.32,236.42,246.18,41831612,0.011047681629635653,0.010987101764615776,2023,4,2,Friday
2023-04-24,NVDA,240.48,252.93,239.4,247.31,47138398,0.0045901372979120225,0.004579634744217363,2023,4,2,Monday
2023-04-25,NVDA,246.18,264.46,243.95,252.72,59607684,0.021875379078888813,0.021639546067462566,2023,4,2,Tuesday
2023-04-26,NVDA,255.9,261.83,245.8,252.3,55045313,-0.001661918328584977,-0.0016633008468176732,2023,4,2,Wednesday
2023-04-27,NVDA,254.49,266.6,258.97,262.76,36414458,0.04145858105430045,0.040622212377260145,2023,4,2,Thursday
2023-04-28,NVDA,262.48,239.55,228.15,235.59,73719776,-0.10340234434464901,-0.10914806196937912,2023,4,2,Friday
2023-05-01,NVDA,236.29,248.98,232.57,237.98,66376740,0.010144742985695343,0.010093630472114305,2023,5,2,Monday
2023-05-02,NVDA,235.56,253.83,245.33,250.58,38155400,0.05294562568283068,0.0515915942903994,2023,5,2,Tuesday
2023-05-03,NVDA,255.58,274.11,265.08,271.15,72186732,0.08208955223880587,0.07889394246966294,2023,5,2,Wednesday
2023-05-04,NVDA,278.04,290.77,270.97,280.06,55152635,0.03286004056795133,0.03233169264056136,2023,5,2,Thursday
2023-05-05,NVDA,280.62,309.94,296.05,300.76,47707394,0.07391273298578871,0.0713087385821951,2023,5,2,Friday
2023-05-08,NVDA,310.33,314.4,293.45,303.56,55670312,0.009309748636786797,0.009266680025885904,2023,5,2,Monday
2023-05-09,NVDA,301.02,308.9,300.4,304.3,49614928,0.0024377388325207416,0.002434772367213316,2023,5,2,Tuesday
2023-05-10,NVDA,299.63,317.27,302.81,311.7,58882657,0.02431810713112048,0.024027129870365888,2023,5,2,Wednesday
2023-05-11,NVDA,308.98,316.95,305.73,312.39,52890178,0.002213666987487928,0.002211220436622839,2023,5,2,Thursday
2023-05-12,NVDA,311.54,314.81,291.94,303.25,45186356,-0.029258298921220227,-0.029694859385754724,2023,5,2,Friday
2023-05-15,NVDA,311.86,310.39,287.5,297.61,27228792,-0.01859851607584495,-0.01877364327922463,2023,5,2,Monday
2023-05-16,NVDA,296.58,290.95,276.96,285.03,58567373,-0.04227008501058449,-0.04318946665816718,2023,5,2,Tuesday
2023-05-17,NVDA,282.02,297.9,283.37,291.94,44697895,0.024243062133810556,0.02395386381566426,2023,5,2,Wednesday
2023-05-18,NVDA,288.72,296.17,290.03,292.76,63143315,0.002808796328012564,0.0028048590305943324,2023,5,2,Thursday
2023-05-19,NVDA,296.86,295.03,282.0,289.15,57773230,-0.012330919524525252,-0.012407576128799148,2023,5,2,Friday
2023-05-22,NVDA,292.69,292.69,276.14,283.18,45047781,-0.020646723154072233,-0.020862846747402422,2023,5,2,Monday
2023-05-23,NVDA,281.49,295.91,279.8,289.77,67960011,0.023271417472985334,0.023004767002489386,2023,5,2,Tuesday
2023-05-24,NVDA,283.09,306.19,293.21,299.88,53168999,0.034889740138730696,0.03429488977554708,2023,5,2,Wednesday
2023-05-25,NVDA,295.72,293.77,277.82,286.98,52515893,-0.04301720688275301,-0.04396986771460071,2023,5,2,Thursday
2023-05-26,NVDA,293.05,278.95,267.61,272.88,47970670,-0.04913234371733233,-0.05038038880987035,2023,5,2,Friday
2023-05-29,NVDA,275.19,287.71,280.16,284.42,82854803,0.04228965112870142,0.041419880834160115,2023,5,2,Monday
2023-05-30,NVDA,284.65,274.87,266.34,269.48,40368225,-0.05252795162084245,-0.053957842852091195,2023,5,2,Tuesday
2023-05-31,NVDA,275.66,281.29,273.79,276.23,45386769,0.025048241056850218,0.024739675928582755,2023,5,2,Wednesday
2023-06-01,NVDA,282.88,300.13,289.42,295.83,34495278,0.07095536328421947,0.06855111299130537,2023,6,2,Thursday
2023-06-02,NVDA,295.7,324.21,302.32,316.85,62180554,0.07105432173883663,0.06864351075717869,2023,6,2,Friday
2023-06-05,NVDA,316.78,334.88,320.11,327.33,41987766,0.033075587817579244,0.03254036056559102,2023,6,2,Monday
2023-06-06,NVDA,324.99,344.74,328.75,337.76,43424002,0.03186386826749765,0.03136674776489345,2023,6,2,Tuesday
2023-06-07,NVDA,336.58,382.63,351.14,371.25,42817290,0.09915324490762667,0.09454010601689886,2023,6,2,Wednesday
2023-06-08,NVDA,364.47,344.25,326.77,338.2,50949736,-0.089023569023569,-0.09323825365242942,2023,6,2,Thursday
2023-06-09,NVDA,332.0,343.63,323.08,332.6,34356634,-0.016558249556475335,-0.016696869705652498,2023,6,2,Friday
2023-06-12,NVDA,325.56,352.11,336.23,345.17,25509461,0.03779314491882135,0.037096482532520694,2023,6,2,Monday
2023-06-13,NVDA,349.76,345.71,336.67,341.23,57359255,-0.011414665237419186,-0.011480312568305935,2023,6,2,Tuesday
2023-06-14,NVDA,334.68,367.74,349.25,359.84,26521499,0.054537994900800024,0.05310275148796348,2023,6,2,Wednesday
2023-06-15,NVDA,368.46,370.42,348.24,360.1,64603225,0.0007225433526012459,0.0007222824438240891,2023,6,2,Thursday
2023-06-16,NVDA,356.87,373.69,349.28,362.89,79804614,0.007747847820049891,0.007717987384030953,2023,6,2,Friday
2023-06-19,NVDA,370.64,376.14,346.77,359.67,47596339,-0.008873212268180386,-0.008912813651188603,2023,6,2,Monday
2023-06-20,NVDA,358.06,368.09,338.05,352.88,73837806,-0.018878416326076786,-0.019058888590987758,2023,6,2,Tuesday
2023-06-21,NVDA,346.09,356.23,334.67,345.87,49637474,-0.01986510995239177,-0.02006507388371236,2023,6,2,Wednesday
2023-06-22,NVDA,351.33,358.8,341.87,350.55,80785327,0.013531095498308554,0.013440367740004644,2023,6,2,Thursday
2023-06-23,NVDA,356.59,355.61,332.29,340.4,43604381,-0.028954500071316613,-0.029381952953757697,2023,6,2,Friday
2023-06-26,NVDA,336.62,370.63,345.57,354.78,24595376,0.04224441833137482,0.04137648236157443,2023,6,2,Monday
2023-06-27,NVDA,353.34,373.64,354.22,365.25,48815577,0.029511246406223712,0.029084171570015468,2023,6,2,Tuesday
2023-06-28,NVDA,361.19,396.51,373.35,382.96,83463713,0.04848733744010936,0.04734849445344458,2023,6,2,Wednesday
2023-06-29,NVDA,382.39,375.1,357.79,366.52,58704330,-0.042928765406308744,-0.0438774549872411,2023,6,2,Thursday
2023-06-30,NVDA,367.0,348.59,330.93,342.68,42838020,-0.0650441994979809,-0.06725602300116916,2023,6,2,Friday
2023-07-03,NVDA,341.2,346.15,338.48,343.42,55185120,0.002159449048675155,0.002157120789813349,2023,7,3,Monday
2023-07-04,NVDA,335.75,391.72,383.6,387.61,66910804,0.12867625647894698,0.12104549159174725,2023,7,3,Tuesday
2023-07-05,NVDA,384.84,419.26,397.34,409.19,48732106,0.05567451820128477,0.054179916373792776,2023,7,3,Wednesday
2023-07-06,NVDA,412.72,407.98,394.31,400.94,109940579,-0.020161783034776004,-0.02036780567486652,2023,7,3,Thursday
2023-07-07,NVDA,399.91,421.41,399.5,408.92,42811108,0.019903227415573488,0.01970774771248327,2023,7,3,Friday
2023-07-10,NVDA,407.28,437.8,410.41,422.27,67543796,0.03264697251296078,0.03212538198230947,2023,7,3,Monday
2023-07-11,NVDA,417.45,416.57,385.8,400.2,62840776,-0.05226513841854741,-0.05368049772148997,2023,7,3,Tuesday
2023-07-12,NVDA,397.2,441.18,412.56,424.27,40531310,0.060144927536231796,0.05840562286887385,2023,7,3,Wednesday
2023-07-13,NVDA,431.62,432.31,405.6,422.36,44022062,-0.004501850236877436,-0.004512014080193317,2023,7,3,Thursday
2023-07-14,NVDA,416.45,432.91,415.23,421.78,67860396,-0.001373236101903652,-0.0013741798546953194,2023,7,3,Friday
2023-07-17,NVDA,425.51,428.27,416.96,423.18,52219676,0.0033192659680403303,0.0033137693645245835,2023,7,3,Monday
2023-07-18,NVDA,423.42,458.42,434.44,444.52,55337152,0.050427713975140565,0.049197427869302875,2023,7,3,Tuesday
2023-07-19,NVDA,445.86,441.3,427.64,431.99,30607124,-0.028187708089624675,-0.028592608489406007,2023,7,3,Wednesday
2023-07-20,NVDA,428.11,418.15,395.84,403.77,60875001,-0.06532558624042228,-0.06755703091430575,2023,7,3,Thursday
2023-07-21,NVDA,402.03,423.12,388.67,410.1,54500618,0.015677241994204616,0.015555623484279598,2023,7,3,Friday
2023-07-24,NVDA,410.08,390.27,370.46,378.07,49050481,-0.07810290173128509,-0.08132166873790055,2023,7,3,Monday
2023-07-25,NVDA,375.65,381.99,365.05,374.31,55717292,-0.009945248234453863,-0.0099950325690733,2023,7,3,Tuesday
2023-07-26,NVDA,375.83,401.46,385.18,393.87,44223560,0.05225615131842587,0.05093657452308896,2023,7,3,Wednesday
2023-07-27,NVDA,396.08,413.25,387.09,404.26,41865087,0.026379262193109376,0.02603732970472315,2023,7,3,Thursday
2023-07-28,NVDA,415.05,430.22,413.33,422.87,46500234,0.04603473012417747,0.0450065678871113,2023,7,3,Friday
2023-07-31,NVDA,424.32,447.59,419.74,434.77,43500048,0.02814103625227604,0.02775235242056166,2023,7,3,Monday
2023-08-01,NVDA,424.55,487.69,472.48,480.99,96176194,0.10630908296340591,0.10102932424233074,2023,8,3,Tuesday
2023-08-02,NVDA,487.86,479.03,456.59,470.64,65731891,-0.021518118879810477,-0.02175300931265524,2023,8,3,Wednesday
2023-08-03,NVDA,469.46,492.37,469.07,479.49,37392955,0.018804181540030607,0.01862956849247125,2023,8,3,Thursday
2023-08-04,NVDA,491.34,484.59,464.36,472.07,92103395,-0.01547477528207053,-0.015595759374482534,2023,8,3,Friday
2023-08-07,NVDA,480.6,507.29,469.47,492.08,43911051,0.04238778147308664,0.041514025225923616,2023,8,3,Monday
2023-08-08,NVDA,489.03,497.37,484.75,491.99,50443788,-0.00018289708990404385,-0.00018291381761645592,2023,8,3,Tuesday
2023-08-09,NVDA,496.35,543.91,517.13,529.1,65447491,0.07542836236508865,0.07271905882758964,2023,8,3,Wednesday
2023-08-10,NVDA,525.24,526.82,510.03,518.93,27688756,-0.01922131922131931,-0.019408450599767965,2023,8,3,Thursday
2023-08-11,NVDA,518.95,562.3,543.1,551.0,46568076,0.06180024280731522,0.05996580984259648,2023,8,3,Friday
2023-08-14,NVDA,555.57,574.23,559.22,565.86,42098952,0.026969147005444727,0.026611888630934038,2023,8,3,Monday
2023-08-15,NVDA,573.6,573.79,555.79,566.43,53172802,0.0010073162973172067,0.001006809294701886,2023,8,3,Tuesday
2023-08-16,NVDA,572.66,603.79,548.7,580.51,55870578,0.024857440460427593,0.024553520439875198,2023,8,3,Wednesday
2023-08-17,NVDA,581.04,602.63,567.16,588.12,48854436,0.01310916263285744,0.013023981191030886,2023,8,3,Thursday
2023-08-18,NVDA,606.07,623.07,575.81,598.15,48179268,0.01705434265115957,0.016910549907456704,2023,8,3,Friday
2023-08-21,NVDA,595.47,609.07,574.25,594.5,68824681,-0.006102148290562548,-0.006120842486076659,2023,8,3,Monday
2023-08-22,NVDA,582.76,595.14,563.67,579.01,54733107,-0.026055508830950425,-0.026400967549818515,2023,8,3,Tuesday
2023-08-23,NVDA,568.95,602.69,548.6,572.46,50625252,-0.011312412566276797,-0.011376884589208379,2023,8,3,Wednesday
2023-08-24,NVDA,582.82,550.55,519.82,535.58,52267992,-0.06442371519407464,-0.06659259217147295,2023,8,3,Thursday
2023-08-25,NVDA,535.08,560.06,548.05,555.67,86729120,0.037510736024496616,0.03682432104459481,2023,8,3,Friday
2023-08-28,NVDA,556.75,543.27,505.76,529.5,52658369,-0.04709629816257843,-0.0482414278234703,2023,8,3,Monday
2023-08-29,NVDA,525.97,544.82,512.57,526.03,42849263,-0.006553352219074604,-0.006574919709608291,2023,8,3,Tuesday
2023-08-30,NVDA,523.1,555.09,533.94,541.44,28200036,0.029294907134574277,0.028874011645951103,2023,8,3,Wednesday
2023-08-31,NVDA,536.2,574.66,551.84,561.68,32519561,0.03738179669030717,0.036700035731189476,2023,8,3,Thursday
2023-09-01,NVDA,564.93,532.29,515.45,523.53,43463227,-0.06792123629112656,-0.07033795745010382,2023,9,3,Friday
2023-09-04,NVDA,522.91,535.06,511.59,522.79,48400490,-0.0014134815578858984,-0.0014144814652879913,2023,9,3,Monday
2023-09-05,NVDA,525.58,549.95,511.44,533.97,42323249,0.021385259855773997,0.021159803813169894,2023,9,3,Tuesday
2023-09-06,NVDA,536.2,543.91,525.12,536.36,55554593,0.004475906886154624,0.0044659198046700325,2023,9,3,Wednesday
2023-09-07,NVDA,533.55,596.68,542.8,568.03,42159944,0.05904616302483401,0.057368656816355,2023,9,3,Thursday
2023-09-08,NVDA,557.85,562.15,533.41,550.52,38003422,-0.03082583666355654,-0.03131094811646464,2023,9,3,Friday
2023-09-11,NVDA,540.07,514.82,502.59,507.4,60088360,-0.07832594637796997,-0.08156363894615033,2023,9,3,Monday
2023-09-12,NVDA,526.26,548.68,502.17,525.74,75402569,0.03614505321245565,0.03550714678975615,2023,9,3,Tuesday
2023-09-13,NVDA,535.29,527.08,495.82,515.51,35868975,-0.01945828736637889,-0.019650092043979293,2023,9,3,Wednesday
2023-09-14,NVDA,524.0,495.61,469.77,480.82,53792699,-0.06729258404298655,-0.0696637222173355,2023,9,3,Thursday
2023-09-15,NVDA,476.83,493.68,462.57,478.83,28233849,-0.004138762946632846,-0.0041473513310462395,2023,9,3,Friday
2023-09-18,NVDA,478.88,524.35,486.65,504.75,32125868,0.05413194661988596,0.05271762883037016,2023,9,3,Monday
2023-09-19,NVDA,499.69,492.3,472.03,480.42,41904501,-0.04820208023774142,-0.049402535880349374,2023,9,3,Tuesday
2023-09-20,NVDA,472.68,535.01,521.97,529.88,70280623,0.10295158403063986,0.09798984450346335,2023,9,3,Wednesday
2023-09-21,NVDA,526.05,519.81,501.6,513.21,39583453,-0.03145995319695016,-0.0319654476837505,2023,9,3,Thursday
2023-09-22,NVDA,521.57,527.46,507.77,516.25,39141874,0.005923501100913775,0.005906026142932225,2023,9,3,Friday
2023-09-25,NVDA,521.58,502.75,472.71,492.26,50544249,-0.04646973365617435,-0.04758411208170192,2023,9,3,Monday
2023-09-26,NVDA,486.39,500.42,486.27,494.25,50559359,0.004042579124852841,0.0040344298571858075,2023,9,3,Tuesday
2023-09-27,NVDA,492.34,507.49,478.28,492.7,39507224,-0.0031360647445625167,-0.0031409925008089403,2023,9,3,Wednesday
2023-09-28,NVDA,497.23,472.97,449.96,464.63,90730128,-0.05697178810635273,-0.05865907962371069,2023,9,3,Thursday
2023-09-29,NVDA,461.37,546.05,504.57,522.85,46173867,0.12530400533758046,0.11805322611839109,2023,9,3,Friday
2023-10-02,NVDA,523.36,529.63,501.53,513.55,51733135,-0.01778712823945694,-0.01794722043278453,2023,10,4,Monday
2023-10-03,NVDA,516.08,529.36,491.07,504.43,44322353,-0.017758738194917578,-0.017918316683843537,2023,10,4,Tuesday
2023-10-04,NVDA,506.86,538.83,508.34,526.08,57054929,0.04291973118172998,0.04202421349979085,2023,10,4,Wednesday
2023-10-05,NVDA,527.72,576.5,559.67,567.97,72422011,0.07962667274939172,0.07661530799712084,2023,10,4,Thursday
2023-10-06,NVDA,563.41,620.02,582.28,596.17,82361831,0.04965050971001972,0.04845726086805712,2023,10,4,Friday
2023-10-09,NVDA,592.14,577.41,558.64,568.89,39779165,-0.045758760085210515,-0.046838767472511714,2023,10,4,Monday
2023-10-10,NVDA,560.97,598.87,560.63,575.24,69564999,0.011162087574047685,0.011100251197752126,2023,10,4,Tuesday
2023-10-11,NVDA,564.2,550.85,521.46,533.83,58964009,-0.07198734441276677,-0.07470990880268345,2023,10,4,Wednesday
2023-10-12,NVDA,533.08,564.6,543.99,555.21,66979324,0.04005020324822506,0.03926898434227126,2023,10,4,Thursday
2023-10-13,NVDA,560.77,528.11,512.88,520.46,48640631,-0.06258893031465573,-0.06463338463927032,2023,10,4,Friday
2023-10-16,NVDA,511.64,518.08,491.66,504.8,47271651,-0.030088767628636215,-0.03055072469149296,2023,10,4,Monday
2023-10-17,NVDA,506.5,518.37,485.61,505.92,66203769,0.0022187004754359307,0.0022162427941039096,2023,10,4,Tuesday
2023-10-18,NVDA,510.79,539.5,501.36,516.43,66581766,0.02077403542061984,0.02056119776434738,2023,10,4,Wednesday
2023-10-19,NVDA,504.77,518.25,508.27,512.13,79977006,-0.008326394671107296,-0.00836125272468332,2023,10,4,Thursday
2023-10-20,NVDA,510.43,553.62,535.7,546.27,53068698,0.06666276140823624,0.06453485995109051,2023,10,4,Friday
2023-10-23,NVDA,557.32,579.24,555.18,564.01,48421726,0.03247478353195299,0.03195862282546771,2023,10,4,Monday
2023-10-24,NVDA,567.83,595.93,563.87,580.45,23904504,0.02914841935426682,0.028731682946715437,2023,10,4,Tuesday
2023-10-25,NVDA,567.12,559.51,543.56,553.25,30834828,-0.04686019467654412,-0.04799368585288581,2023,10,4,Wednesday
2023-10-26,NVDA,557.72,611.21,581.12,594.5,44422563,0.07455942159963858,0.07191073719967755,2023,10,4,Thursday
2023-10-27,NVDA,589.04,601.99,555.93,576.62,35934769,-0.030075693860386887,-0.030537245437205703,2023,10,4,Friday
2023-10-30,NVDA,581.51,637.17,599.64,620.58,63832481,0.07623738337206487,0.07347105392413651,2023,10,4,Monday
2023-10-31,NVDA,615.32,704.33,660.5,675.73,33751225,0.08886847787553576,0.0851390633564393,2023,10,4,Tuesday
2023-11-01,NVDA,675.29,709.67,669.02,691.68,43018562,0.0236041022301805,0.023329832945114877,2023,11,4,Wednesday
2023-11-02,NVDA,687.11,740.12,701.24,723.22,43528463,0.045599120980800434,0.044590042643512996,2023,11,4,Thursday
2023-11-03,NVDA,723.25,653.03,621.41,638.95,71768519,-0.11652056082519835,-0.12388725950812221,2023,11,4,Friday
2023-11-06,NVDA,634.49,643.7,626.99,635.35,41660414,-0.005634243681039264,-0.005650175904168981,2023,11,4,Monday
2023-11-07,NVDA,633.6,677.51,657.59,666.23,57268265,0.04860313213189582,0.04745892811721281,2023,11,4,Tuesday
2023-11-08,NVDA,656.61,720.73,655.88,693.55,53023480,0.041006859492967784,0.040188378941542834,2023,11,4,Wednesday
2023-11-09,NVDA,697.73,690.28,642.09,661.31,65562871,-0.04648547328959707,-0.04760061891308879,2023,11,4,Thursday
2023-11-10,NVDA,662.73,675.48,626.94,654.93,64527243,-0.009647517805567718,-0.009694356600995904,2023,11,4,Friday
2023-11-13,NVDA,641.93,600.89,583.14,591.71,49500905,-0.09652940008855893,-0.10151170969906469,2023,11,4,Monday
2023-11-14,NVDA,598.93,611.73,596.68,603.21,30058174,0.019435196295482626,0.019248744809515966,2023,11,4,Tuesday
2023-11-15,NVDA,601.9,571.94,550.16,559.75,46641968,-0.07204787719036498,-0.07477513932680144,2023,11,4,Wednesday
2023-11-16,NVDA,560.86,607.32,569.93,587.64,49701559,0.049825815096024906,0.04862426002336201,2023,11,4,Thursday
2023-11-17,NVDA,593.15,647.08,597.66,618.24,54479570,0.05207269756994082,0.0507622160818722,2023,11,4,Friday
2023-11-20,NVDA,620.73,627.66,586.17,607.76,40075150,-0.01695134575569357,-0.017096664389132318,2023,11,4,Monday
2023-11-21,NVDA,616.46,638.61,602.65,622.33,70407045,0.02397327892589196,0.023690431477907222,2023,11,4,Tuesday
2023-11-22,NVDA,620.08,626.16,606.08,618.26,50204709,-0.006539938617775243,-0.006561417715541126,2023,11,4,Wednesday
2023-11-23,NVDA,626.12,639.17,601.94,625.88,37934986,0.01232491184938378,0.012249578476524326,2023,11,4,Thursday
2023-11-24,NVDA,626.82,609.3,592.46,598.55,43578096,-0.04366651754329909,-0.044648595736477684,2023,11,4,Friday
2023-11-27,NVDA,602.28,628.07,603.05,615.44,89173668,0.02821819396875802,0.027827395453300537,2023,11,4,Monday
2023-11-28,NVDA,618.49,599.25,560.15,576.79,61028219,-0.06280059794618498,-0.06485921036212826,2023,11,4,Tuesday
2023-11-29,NVDA,585.58,560.37,514.68,536.4,68481249,-0.07002548587874269,-0.07259809738102764,2023,11,4,Wednesday
2023-11-30,NVDA,541.15,541.17,525.03,534.98,36581656,-0.002647278150633814,-0.00265078838785536,2023,11,4,Thursday
2023-12-01,NVDA,532.07,540.23,519.07,531.61,40665257,-0.006299300908445216,-0.006319225221312411,2023,12,4,Friday
2023-12-04,NVDA,527.42,558.67,518.26,538.83,40755724,0.013581384849795874,0.013489984475124346,2023,12,4,Monday
2023-12-05,NVDA,538.5,534.7,521.0,525.92,52843838,-0.023959319265816847,-0.024251012357570958,2023,12,4,Tuesday
2023-12-06,NVDA,521.0,588.32,553.49,569.46,47456924,0.08278825676909052,0.0795394334545467,2023,12,4,Wednesday
2023-12-07,NVDA,562.1,587.09,561.8,574.56,43171246,0.008955852913286044,0.008915987107316656,2023,12,4,Thursday
2023-12-08,NVDA,559.54,589.11,566.71,581.42,44826618,0.011939571150097583,0.011868856780148193,2023,12,4,Friday
2023-12-11,NVDA,570.35,596.18,579.0,587.51,39401837,0.010474355887310383,0.010419879892128706,2023,12,4,Monday
2023-12-12,NVDA,601.83,623.51,605.9,613.57,47373889,0.04435669180099078,0.043401089921574834,2023,12,4,Tuesday
2023-12-13,NVDA,608.62,649.05,614.72,629.68,69824690,0.02625617288980875,0.025917396762570467,2023,12,4,Wednesday
2023-12-14,NVDA,644.4,661.5,632.05,642.68,31755984,0.02064540719095409,0.020435179340939576,2023,12,4,Thursday
2023-12-15,NVDA,645.86,685.18,649.81,663.89,55476906,0.03300242733553249,0.03246953992712456,2023,12,4,Friday
2023-12-18,NVDA,663.48,628.78,609.57,617.54,75644959,-0.0698157827350917,-0.07237262937015193,2023,12,4,Monday
2023-12-19,NVDA,606.16,590.3,551.62,575.31,47326333,-0.06838423421964568,-0.07083481777857303,2023,12,4,Tuesday
2023-12-20,NVDA,575.35,581.81,565.47,574.86,42664201,-0.0007821869948374527,-0.0007824930626968394,2023,12,4,Wednesday
2023-12-21,NVDA,588.23,578.54,565.85,571.56,65976093,-0.005740528128587941,-0.005757068290067751,2023,12,4,Thursday
2023-12-22,NVDA,582.5,609.4,562.85,586.67,37216657,0.02643641962348653,0.026093016565358725,2023,12,4,Friday
2023-12-25,NVDA,588.64,601.38,570.56,588.52,49660782,0.0031533911739138887,0.0031484296636182223,2023,12,4,Monday
2023-12-26,NVDA,580.22,618.32,590.57,604.12,36600788,0.02650717052946372,0.026161942868394582,2023,12,4,Tuesday
2023-12-27,NVDA,597.02,583.96,564.98,575.42,28531042,-0.04750711779116734,-0.048672644755834514,2023,12,4,Wednesday
2023-12-28,NVDA,569.4,595.02,552.48,576.52,47771428,0.0019116471446942729,0.0019098222725956102,2023,12,4,Thursday
2023-12-29,NVDA,585.57,557.24,540.33,546.99,34226646,-0.05122111982238253,-0.05257951049567906,2023,12,4,Friday
2024-01-01,NVDA,557.95,563.67,550.39,557.02,49825248,0.01833671547925908,0.018170625206161823,2024,1,1,Monday
2024-01-02,NVDA,558.36,525.25,504.04,516.99,69862700,-0.0718645650066424,-0.07457761396378938,2024,1,1,Tuesday
2024-01-03,NVDA,515.07,536.68,513.72,525.65,87208310,0.01675080755914027,0.01661206006024438,2024,1,1,Wednesday
2024-01-04,NVDA,535.65,509.81,478.12,496.12,51422807,-0.05617806525254443,-0.05781775907471106,2024,1,1,Thursday
2024-01-05,NVDA,490.16,499.9,475.91,489.53,67883143,-0.013283076674998062,-0.013372085826957791,2024,1,1,Friday
2024-01-08,NVDA,489.84,517.09,495.35,508.99,56357301,0.039752415582293255,0.03898262287193693,2024,1,1,Monday
2024-01-09,NVDA,511.89,524.86,496.86,514.95,44571245,0.011709463840154033,0.011641438579702774,2024,1,1,Tuesday
2024-01-10,NVDA,509.5,494.09,475.21,482.52,28066876,-0.06297698805709306,-0.06504743787462794,2024,1,1,Wednesday
2024-01-11,NVDA,478.75,482.92,460.13,470.52,81448482,-0.024869435463814926,-0.025183904604942336,2024,1,1,Thursday
2024-01-12,NVDA,466.39,449.75,438.89,443.5,36499273,-0.05742582674487795,-0.05914066434260634,2024,1,1,Friday
2024-01-15,NVDA,451.22,425.32,408.32,414.73,75705762,-0.0648703494926719,-0.06707009566216335,2024,1,1,Monday
2024-01-16,NVDA,424.49,427.06,405.96,417.71,58736732,0.007185397728642684,0.007159705756331002,2024,1,1,Tuesday
2024-01-17,NVDA,418.3,435.99,422.52,428.4,37308424,0.0255919178377344,0.025269926729791947,2024,1,1,Wednesday
2024-01-18,NVDA,426.99,441.19,431.29,437.22,54905993,0.020588235294117796,0.020379162336652264,2024,1,1,Thursday
2024-01-19,NVDA,434.0,456.96,438.55,449.2,94812032,0.02740039339462963,0.02703172195404222,2024,1,1,Friday
2024-01-22,NVDA,449.2,461.45,432.22,450.03,79258826,0.0018477292965271008,0.0018460243446204725,2024,1,1,Monday
2024-01-23,NVDA,446.98,453.73,439.07,446.06,42871577,-0.008821634113281296,-0.008860775089096811,2024,1,1,Tuesday
2024-01-24,NVDA,445.53,440.06,415.13,427.88,40383802,-0.04075684885441422,-0.04161068968188172,2024,1,1,Wednesday
2024-01-25,NVDA,430.05,435.52,401.89,421.22,51525942,-0.01556511171356445,-0.015687519924592882,2024,1,1,Thursday
2024-01-26,NVDA,419.13,413.53,385.92,399.97,47577924,-0.05044869664308438,-0.05176571821799576,2024,1,1,Friday
2024-01-29,NVDA,399.04,395.91,380.25,387.27,71660824,-0.03175238142860726,-0.03226742010861382,2024,1,1,Monday
2024-01-30,NVDA,386.39,401.05,379.17,389.59,62420874,0.00599065251633224,0.005972779901110892,2024,1,1,Tuesday
2024-01-31,NVDA,388.07,393.64,381.31,388.63,30094743,-0.0024641289560819457,-0.0024671699184140943,2024,1,1,Wednesday
2024-02-01,NVDA,386.52,464.85,423.58,441.62,57375970,0.13635077065589374,0.12782204962297908,2024,2,1,Thursday
2024-02-02,NVDA,445.75,430.37,403.58,418.92,47384525,-0.05140165753362613,-0.05276981288745845,2024,2,1,Friday
2024-02-05,NVDA,409.8,423.41,411.65,417.75,50559731,-0.00279289601833288,-0.0027968034294419053,2024,2,1,Monday
2024-02-06,NVDA,425.83,410.71,376.71,395.02,53877120,-0.05441053261520057,-0.05594677094479151,2024,2,1,Tuesday
2024-02-07,NVDA,395.67,399.87,376.04,389.7,71639149,-0.013467672522910257,-0.013559184186048163,2024,2,1,Wednesday
2024-02-08,NVDA,392.62,392.38,374.84,385.1,67044789,-0.011803951757762277,-0.011874171523800233,2024,2,1,Thursday
2024-02-09,NVDA,388.53,406.19,386.89,399.59,39928892,0.03762659049597494,0.036935980615378936,2024,2,1,Friday
2024-02-12,NVDA,396.11,404.45,378.13,393.22,49128504,-0.015941339873370097,-0.016069769756897383,2024,2,1,Monday
2024-02-13,NVDA,388.8,403.88,383.41,391.06,43705178,-0.005493108183714068,-0.005508250781216108,2024,2,1,Tuesday
2024-02-14,NVDA,386.1,402.85,368.99,385.13,30188746,-0.015163913465964352,-0.015280061267779706,2024,2,1,Wednesday
2024-02-15,NVDA,383.96,372.43,359.47,364.51,48386064,-0.05354036299431364,-0.05502695371571507,2024,2,1,Thursday
2024-02-16,NVDA,367.64,369.74,346.93,355.73,86960094,-0.024087130668568713,-0.024381969780128715,2024,2,1,Friday
2024-02-19,NVDA,353.18,366.17,341.82,351.03,29916494,-0.013212267731144589,-0.01330032623552926,2024,2,1,Monday
2024-02-20,NVDA,353.66,365.84,342.14,352.92,49640372,0.0053841552004103566,0.005369712454927853,2024,2,1,Tuesday
2024-02-21,NVDA,342.65,368.01,356.34,361.94,49164979,0.025558200158676048,0.02523704987815095,2024,2,1,Wednesday
2024-02-22,NVDA,360.22,366.7,353.01,359.31,54507791,-0.007266397745482656,-0.007292926604529927,2024,2,1,Thursday
2024-02-23,NVDA,364.47,369.49,348.98,356.45,37457446,-0.00795970053714068,-0.007991548063887686,2024,2,1,Friday
2024-02-26,NVDA,355.71,339.92,325.72,332.98,32605788,-0.06584373684948797,-0.06811154944693129,2024,2,1,Monday
2024-02-27,NVDA,329.59,345.44,333.78,341.22,33063954,0.02474623100486517,0.02444500243005718,2024,2,1,Tuesday
2024-02-28,NVDA,338.46,341.98,319.86,332.41,74537558,-0.025819119629564513,-0.02615828378213133,2024,2,1,Wednesday
2024-02-29,NVDA,320.04,349.11,337.46,343.53,37233809,0.03345266387894452,0.032905297328725616,2024,2,1,Thursday
2024-03-01,NVDA,339.27,366.97,360.1,363.41,43041051,0.05786976392163723,0.056257229376729376,2024,3,1,Friday
2024-03-04,NVDA,368.13,366.88,355.99,361.47,94011092,-0.00533832310613358,-0.00535262286679228,2024,3,1,Monday
2024-03-05,NVDA,358.88,357.73,339.87,347.44,40114838,-0.03881373281323497,-0.039587062376728446,2024,3,1,Tuesday
2024-03-06,NVDA,345.46,362.29,328.76,348.02,55409047,0.001669352981809702,0.0016679611608657703,2024,3,1,Wednesday
2024-03-07,NVDA,338.05,362.84,343.82,353.85,68797438,0.016751910809723602,0.016613145134361438,2024,3,1,Thursday
2024-03-08,NVDA,346.76,355.55,344.94,350.12,67811992,-0.01054118976967644,-0.0105971416575565,2024,3,1,Friday
2024-03-11,NVDA,355.24,352.27,334.72,342.93,33533673,-0.020535816291557207,-0.020749608158440538,2024,3,1,Monday
2024-03-12,NVDA,345.53,358.69,347.81,351.76,40367187,0.02574869506896449,0.025422780166757915,2024,3,1,Tuesday
2024-03-13,NVDA,346.15,372.58,344.63,359.84,54747526,0.022970206959290307,0.022710363338450758,2024,3,1,Wednesday
2024-03-14,NVDA,357.05,366.61,346.48,355.6,89186371,-0.011783014673187986,-0.01185298457125594,2024,3,1,Thursday
2024-03-15,NVDA,355.47,337.24,325.72,333.09,39788176,-0.06330146231721046,-0.06539377990546563,2024,3,1,Friday
2024-03-18,NVDA,328.2,352.26,330.52,340.17,43117938,0.02125551652706492,0.02103276891757429,2024,3,1,Monday
2024-03-19,NVDA,331.79,338.68,324.0,330.42,56706867,-0.02866213951847607,-0.02908092014941301,2024,3,1,Tuesday
2024-03-20,NVDA,329.77,344.77,325.2,334.11,60214938,0.011167604866533454,0.011105707570673322,2024,3,1,Wednesday
2024-03-21,NVDA,336.46,340.79,332.5,336.97,61319580,0.008560055071683115,0.00852362554514596,2024,3,1,Thursday
2024-03-22,NVDA,339.42,323.02,304.27,312.62,38788206,-0.07226162566400574,-0.07500551015093924,2024,3,1,Friday
2024-03-25,NVDA,315.98,326.9,302.35,314.39,42623620,0.005661825858870095,0.005645857966109048,2024,3,1,Monday
2024-03-26,NVDA,308.39,335.11,309.03,321.84,53339298,0.023696682464454888,0.023420274208098422,2024,3,1,Tuesday
2024-03-27,NVDA,322.07,345.63,315.53,331.12,73018760,0.02883420333084774,0.0284263197989443,2024,3,1,Wednesday
2024-03-28,NVDA,330.03,341.05,327.96,333.49,46547708,0.007157525972457224,0.007132032458145976,2024,3,1,Thursday
2024-03-29,NVDA,333.13,316.08,301.62,308.28,49666588,-0.07559447059881863,-0.0786044189888304,2024,3,1,Friday
2024-04-01,NVDA,307.47,339.02,310.57,325.58,36753904,0.05611781497340074,0.054599746270571244,2024,4,2,Monday
2024-04-02,NVDA,322.94,338.79,323.53,331.88,87443341,0.019350082928926815,0.01916525061572069,2024,4,2,Tuesday
2024-04-03,NVDA,319.58,320.92,312.21,316.67,52368323,-0.045829818006508316,-0.04691323560921946,2024,4,2,Wednesday
2024-04-04,NVDA,321.19,313.11,301.3,307.33,69085815,-0.029494426374459315,-0.02993813334418395,2024,4,2,Thursday
2024-04-05,NVDA,308.58,317.69,303.84,310.98,50450475,0.01187648456057011,0.011806512586989044,2024,4,2,Friday
2024-04-08,NVDA,305.31,327.66,311.24,320.51,51295504,0.03064505755997171,0.030184875692355662,2024,4,2,Monday
2024-04-09,NVDA,322.37,320.86,307.8,314.9,31878453,-0.017503354029515528,-0.017658349015046943,2024,4,2,Tuesday
2024-04-10,NVDA,313.17,335.03,313.88,326.49,26227131,0.03680533502699279,0.036144192269101115,2024,4,2,Wednesday
2024-04-11,NVDA,324.81,320.5,295.55,304.09,72791163,-0.0686085331863151,-0.07107561015321226,2024,4,2,Thursday
2024-04-12,NVDA,301.22,297.77,285.0,292.07,51184690,-0.039527771383471966,-0.040330210656881436,2024,4,2,Friday
2024-04-15,NVDA,293.99,277.08,261.05,269.02,53194310,-0.07891943712123806,-0.08220777328555082,2024,4,2,Monday
2024-04-16,NVDA,266.38,262.55,257.93,259.92,34374220,-0.03382648130250532,-0.03441183491959055,2024,4,2,Tuesday
2024-04-17,NVDA,256.42,280.7,274.66,277.13,38133903,0.06621268082486909,0.06411281881250759,2024,4,2,Wednesday
2024-04-18,NVDA,280.98,308.14,296.34,302.19,68766286,0.0904268754736044,0.08656924844934684,2024,4,2,Thursday
2024-04-19,NVDA,301.53,314.13,298.41,305.82,84273388,0.012012310136007232,0.011940734957305986,2024,4,2,Friday
2024-04-22,NVDA,305.27,307.24,293.02,298.63,41497816,-0.023510561768360416,-0.02379134466691758,2024,4,2,Monday
2024-04-23,NVDA,301.17,306.02,291.51,296.62,61158447,-0.006730737032448197,-0.0067534905992712516,2024,4,2,Tuesday
2024-04-24,NVDA,294.19,307.23,298.84,303.14,52933186,0.02198098577304286,0.02174288668969429,2024,4,2,Wednesday
2024-04-25,NVDA,301.39,287.86,282.31,285.01,48224361,-0.05980734973939428,-0.061670477631121635,2024,4,2,Thursday
2024-04-26,NVDA,286.08,288.38,268.78,279.06,87148251,-0.020876460475070968,-0.021097454908328418,2024,4,2,Friday
2024-04-29,NVDA,273.77,300.29,294.12,296.64,43643855,0.06299720490217142,0.061092469913429544,2024,4,2,Monday
2024-04-30,NVDA,297.44,292.49,277.14,284.87,72547157,-0.03967772384034518,-0.04048634652337312,2024,4,2,Tuesday
2024-05-01,NVDA,282.22,289.76,270.19,276.91,56061539,-0.02794257029522229,-0.028340392208678924,2024,5,2,Wednesday
2024-05-02,NVDA,279.82,284.47,268.12,277.71,49747300,0.0028890253150841705,0.0028848601017912607,2024,5,2,Thursday
2024-05-03,NVDA,279.57,288.11,272.35,281.6,75461919,0.014007417809945855,0.013910220536657972,2024,5,2,Friday
2024-05-06,NVDA,283.04,282.2,265.73,275.13,54547034,-0.02297585227272736,-0.023243911044924903,2024,5,2,Monday
2024-05-07,NVDA,269.7,287.33,267.81,276.64,48574307,0.005488314614909173,0.005473308696017709,2024,5,2,Tuesday
2024-05-08,NVDA,276.29,297.37,269.12,284.28,75630198,0.0276171197223829,0.02724264602371405,2024,5,2,Wednesday
2024-05-09,NVDA,280.17,321.38,296.74,308.77,72733471,0.08614746025045728,0.08263699521346725,2024,5,2,Thursday
2024-05-10,NVDA,308.63,316.92,298.64,307.9,71708694,-0.0028176312465589826,-0.002821608241707033,2024,5,2,Friday
2024-05-13,NVDA,299.14,319.34,298.06,308.1,15575227,0.0006495615459565229,0.0006493506721675918,2024,5,2,Monday
2024-05-14,NVDA,302.27,339.21,321.1,328.75,57058439,0.06702369360597205,0.06487317788935203,2024,5,2,Tuesday
2024-05-15,NVDA,333.55,326.25,318.06,322.19,53285175,-0.019954372623574135,-0.020156149853961643,2024,5,2,Wednesday
2024-05-16,NVDA,323.65,312.08,297.27,305.9,49479776,-0.05056022843663688,-0.051883182481155,2024,5,2,Thursday
2024-05-17,NVDA,304.57,319.18,299.24,309.77,60036751,0.012651193200392319,0.012571835468119,2024,5,2,Friday
2024-05-20,NVDA,306.32,331.76,316.7,324.49,54065164,0.04751912709429584,0.04642463240333945,2024,5,2,Monday
2024-05-21,NVDA,320.16,336.79,323.33,330.09,61274589,0.01725785078122577,0.01711062552161473,2024,5,2,Tuesday
2024-05-22,NVDA,330.9,336.02,321.25,329.55,46137887,-0.0016359174770516072,-0.0016372570512019856,2024,5,2,Wednesday
2024-05-23,NVDA,328.16,314.57,307.49,311.3,78372820,-0.055378546502806825,-0.056971010051166386,2024,5,2,Thursday
2024-05-24,NVDA,317.21,319.55,306.17,311.28,63162215,-6.424670735638571e-05,-6.424877126448878e-05,2024,5,2,Friday
2024-05-27,NVDA,310.58,342.33,317.99,328.17,58837592,0.054259830377795026,0.052838938123511106,2024,5,2,Monday
2024-05-28,NVDA,328.41,325.61,301.04,312.73,57982113,-0.04704878569034343,-0.04819156833853018,2024,5,2,Tuesday
2024-05-29,NVDA,307.39,314.59,302.03,310.33,70753881,-0.0076743516771656806,-0.007703951048568784,2024,5,2,Wednesday
2024-05-30,NVDA,308.96,309.92,299.97,306.16,67933503,-0.013437308671414128,-0.013528406295263251,2024,5,2,Thursday
2024-05-31,NVDA,306.83,307.29,284.51,298.24,48336713,-0.025868826757251107,-0.026209309620220455,2024,5,2,Friday
2024-06-03,NVDA,296.87,314.49,292.52,301.98,67297030,0.012540236051502118,0.012462258519097236,2024,6,2,Monday
2024-06-04,NVDA,300.18,318.52,300.99,308.24,52680147,0.020729849658917887,0.020517910301578596,2024,6,2,Tuesday
2024-06-05,NVDA,309.47,320.39,309.0,314.48,88863460,0.020243965740980974,0.02004178079570266,2024,6,2,Wednesday
2024-06-06,NVDA,320.33,307.85,299.57,302.86,69501014,-0.03694988552531164,-0.03764982858509546,2024,6,2,Thursday
2024-06-07,NVDA,303.4,294.13,272.19,283.78,41443879,-0.06299940566598439,-0.06507136244934227,2024,6,2,Friday
2024-06-10,NVDA,287.77,299.16,281.94,287.52,100608446,0.013179223342025592,0.013093132956081706,2024,6,2,Monday
2024-06-11,NVDA,289.71,286.44,277.39,282.28,26613299,-0.018224819143016213,-0.01839293690261949,2024,6,2,Tuesday
2024-06-12,NVDA,286.04,317.24,289.71,305.06,60535467,0.08070001417032735,0.07760899243915764,2024,6,2,Wednesday
2024-06-13,NVDA,302.78,341.12,319.61,330.3,40574865,0.0827378220677899,0.07949285382495681,2024,6,2,Thursday
2024-06-14,NVDA,329.46,370.98,350.32,359.19,87941963,0.08746594005449593,0.08385016400011795,2024,6,2,Friday
2024-06-17,NVDA,358.3,351.92,336.44,346.44,53939595,-0.03549653386786933,-0.036141852934017824,2024,6,2,Monday
2024-06-18,NVDA,348.76,360.96,346.79,355.44,39404671,0.025978524419812965,0.025646815164809007,2024,6,2,Tuesday
2024-06-19,NVDA,358.9,383.08,350.71,369.2,46158198,0.03871258158901636,0.03798204400104399,2024,6,2,Wednesday
2024-06-20,NVDA,369.77,399.23,364.37,381.74,40360176,0.0339653304442038,0.03340124597304927,2024,6,2,Thursday
2024-06-21,NVDA,385.85,394.51,368.07,377.12,45617431,-0.012102478126473581,-0.012176309413925333,2024,6,2,Friday
2024-06-24,NVDA,374.51,408.83,387.55,398.33,45305512,0.05624204497242258,0.05471736827382997,2024,6,2,Monday
2024-06-25,NVDA,402.66,411.82,391.4,399.27,39911968,0.0023598523837018437,0.002357072304923404,2024,6,2,Tuesday
2024-06-26,NVDA,404.25,408.36,394.5,402.31,54219582,0.007613895359030343,0.007585055952073232,2024,6,2,Wednesday
2024-06-27,NVDA,405.65,390.07,370.24,378.64,56226616,-0.058835226566578025,-0.060637050120655046,2024,6,2,Thursday
2024-06-28,NVDA,379.26,400.25,371.45,389.68,37081978,0.0291569828861189,0.02874000390029483,2024,6,2,Friday
2024-07-01,NVDA,393.09,396.94,378.09,386.45,30403033,-0.00828885239170607,-0.008323395945407274,2024,7,3,Monday
2024-07-02,NVDA,382.2,412.32,383.4,394.79,54888834,0.021581058351662685,0.021351484405006553,2024,7,3,Tuesday
2024-07-03,NVDA,395.75,418.94,389.02,399.54,58650680,0.012031713062640836,0.011959907392699497,2024,7,3,Wednesday
2024-07-04,NVDA,401.02,423.6,391.15,403.46,62245611,0.009811282975421554,0.009763464855618458,2024,7,3,Thursday
2024-07-05,NVDA,396.87,417.76,389.02,403.64,58990435,0.000446140881376067,0.0004460413901233597,2024,7,3,Friday
2024-07-08,NVDA,406.0,431.18,405.96,417.83,80145043,0.03515508869289463,0.034551259639543745,2024,7,3,Monday
2024-07-09,NVDA,411.42,426.61,401.19,415.41,67433597,-0.005791829212837607,-0.005808666901139399,2024,7,3,Tuesday
2024-07-10,NVDA,413.23,407.25,379.7,392.3,111717287,-0.05563178546496239,-0.057239131119225434,2024,7,3,Wednesday
2024-07-11,NVDA,392.49,411.99,394.76,402.48,126750066,0.025949528422125834,0.025618552967556135,2024,7,3,Thursday
2024-07-12,NVDA,398.87,395.48,385.77,390.28,29505958,-0.03031206519578622,-0.030780975943313915,2024,7,3,Friday
2024-07-15,NVDA,390.68,384.27,353.27,370.55,25864759,-0.050553448805985335,-0.051876041842381294,2024,7,3,Monday
2024-07-16,NVDA,370.85,370.98,349.37,356.19,49889253,-0.03875320469572263,-0.03952409205155737,2024,7,3,Tuesday
2024-07-17,NVDA,352.6,369.2,350.34,361.19,58165519,0.014037451921727229,0.013939839320967753,2024,7,3,Wednesday
2024-07-18,NVDA,363.71,364.32,356.84,360.6,48874583,-0.0016334892992606598,-0.00163482489756124,2024,7,3,Thursday
2024-07-19,NVDA,357.22,338.52,324.81,331.22,61750195,-0.08147531891292292,-0.08498650360787202,2024,7,3,Friday
2024-07-22,NVDA,340.53,342.3,313.4,326.82,46106336,-0.013284221967272636,-0.013373246537706919,2024,7,3,Monday
2024-07-23,NVDA,326.38,356.38,334.76,343.65,40602830,0.051496236460436995,0.050214136943976174,2024,7,3,Tuesday
2024-07-24,NVDA,338.71,343.45,330.66,338.15,42485198,-0.01600465589989819,-0.016134113546665302,2024,7,3,Wednesday
2024-07-25,NVDA,334.06,346.68,328.91,336.65,47085848,-0.004435901227266004,-0.004445769029659065,2024,7,3,Thursday
2024-07-26,NVDA,341.4,366.06,334.19,352.16,64397622,0.04607158770236164,0.045041802786861776,2024,7,3,Friday
2024-07-29,NVDA,350.39,380.51,353.05,364.67,43206925,0.035523625624716004,0.03490721726171319,2024,7,3,Monday
2024-07-30,NVDA,358.56,390.9,372.27,381.14,45848037,0.0451641209860969,0.044173926660365063,2024,7,3,Tuesday
2024-07-31,NVDA,385.14,354.52,328.38,341.03,59328396,-0.10523692081649794,-0.11119631174683256,2024,7,3,Wednesday
2024-08-01,NVDA,339.29,373.03,359.17,366.98,47105232,0.07609301234495502,0.07333690070341012,2024,8,3,Thursday
2024-08-02,NVDA,369.92,385.18,369.74,377.55,69897939,0.028802659545479337,0.02839565959262706,2024,8,3,Friday
2024-08-05,NVDA,381.89,426.13,411.15,418.56,37946267,0.10862137465236388,0.10311723857934459,2024,8,3,Monday
2024-08-06,NVDA,419.97,416.49,399.12,406.31,35556176,-0.029267010703363905,-0.029703833782574754,2024,8,3,Tuesday
2024-08-07,NVDA,418.27,389.28,367.9,378.89,54784741,-0.06748541753833281,-0.06987048955784163,2024,8,3,Wednesday
2024-08-08,NVDA,370.86,385.02,372.49,379.89,56447417,0.0026392884478345646,0.0026358116422640437,2024,8,3,Thursday
2024-08-09,NVDA,376.07,381.54,368.06,376.51,38572329,-0.008897312379899436,-0.008937129818433528,2024,8,3,Friday
2024-08-12,NVDA,375.33,395.4,380.26,387.63,74821226,0.0295344081166502,0.029106669090045285,2024,8,3,Monday
2024-08-13,NVDA,398.39,409.88,401.54,406.02,89077256,0.04744214844052319,0.04635114306995056,2024,8,3,Tuesday
2024-08-14,NVDA,414.98,419.46,396.86,405.51,41415977,-0.0012560957588295674,-0.0012568853083430261,2024,8,3,Wednesday
2024-08-15,NVDA,411.93,410.73,396.22,402.48,78117429,-0.007472072205370939,-0.007500127980782891,2024,8,3,Thursday
2024-08-16,NVDA,398.55,415.63,406.28,412.15,24468421,0.024026038560922114,0.023741954576173258,2024,8,3,Friday
2024-08-19,NVDA,408.72,421.81,393.72,408.8,69051781,-0.008128108698289394,-0.008161321869741781,2024,8,3,Monday
2024-08-20,NVDA,404.64,410.73,395.97,404.09,38655697,-0.011521526418786787,-0.011588413461176138,2024,8,3,Tuesday
2024-08-21,NVDA,400.2,438.65,406.58,422.6,67010197,0.04580662723650675,0.044788479753637714,2024,8,3,Wednesday
2024-08-22,NVDA,430.35,457.29,428.6,446.02,37473732,0.05541883577851392,0.053937688882015576,2024,8,3,Thursday
2024-08-23,NVDA,444.68,484.19,453.39,467.35,48983168,0.04782296757992932,0.04671464756462065,2024,8,3,Friday
2024-08-26,NVDA,466.71,475.21,456.72,465.23,39212215,-0.004536214828287144,-0.0045465346712806045,2024,8,3,Monday
2024-08-27,NVDA,469.65,431.38,421.52,427.2,46892549,-0.0817445134664575,-0.08527961931132678,2024,8,3,Tuesday
2024-08-28,NVDA,418.47,434.88,408.87,425.61,86574058,-0.00372191011235945,-0.003728853653981188,2024,8,3,Wednesday
2024-08-29,NVDA,425.88,426.49,401.69,413.56,48406866,-0.028312304692089008,-0.028720827273511444,2024,8,3,Thursday
2024-08-30,NVDA,407.99,420.03,405.28,412.34,94171114,-0.0029499951639424538,-0.0029543549760703883,2024,8,3,Friday
2024-09-02,NVDA,410.84,420.51,390.29,402.1,44535171,-0.024833874957559177,-0.02514743783919361,2024,9,3,Monday
2024-09-03,NVDA,399.2,409.59,389.72,402.7,78222115,0.0014921661278288756,0.001491053954180123,2024,9,3,Tuesday
2024-09-04,NVDA,399.54,401.93,366.87,386.82,30701613,-0.039433821703501404,-0.04023239930682474,2024,9,3,Wednesday
2024-09-05,NVDA,387.89,381.55,356.62,367.92,45881880,-0.048859934853420106,-0.05009394531891531,2024,9,3,Thursday
2024-09-06,NVDA,368.92,392.88,384.34,387.71,42571712,0.053788867145031505,0.05239211425160277,2024,9,3,Friday
2024-09-09,NVDA,386.66,388.94,360.47,373.49,79307657,-0.03667689768125648,-0.03736640703053612,2024,9,3,Monday
2024-09-10,NVDA,375.19,383.45,361.18,374.37,52857395,0.0023561541138985564,0.0023533827351376537,2024,9,3,Tuesday
2024-09-11,NVDA,370.37,404.45,372.26,390.2,26724962,0.04228437107674221,0.04141481500113814,2024,9,3,Wednesday
2024-09-12,NVDA,393.47,410.88,400.55,406.03,33750124,0.04056893900563807,0.03976762030848582,2024,9,3,Thursday
2024-09-13,NVDA,405.01,438.39,403.61,420.45,36900471,0.03551461714651638,0.03489851778141038,2024,9,3,Friday
2024-09-16,NVDA,417.95,436.34,409.58,426.69,66170721,0.014841241526935445,0.014732187971339388,2024,9,3,Monday
2024-09-17,NVDA,422.52,451.22,430.52,440.56,63658015,0.0325060348262205,0.03198889070397976,2024,9,3,Tuesday
2024-09-18,NVDA,439.25,486.34,453.16,467.12,45691083,0.0602869075721808,0.05853953902105606,2024,9,3,Wednesday
2024-09-19,NVDA,477.86,491.19,462.15,476.44,42413642,0.01995204658331895,0.019755613037417897,2024,9,3,Thursday
2024-09-20,NVDA,476.07,454.9,428.08,442.94,61987916,-0.07031315590630505,-0.0729074763210009,2024,9,3,Friday
2024-09-23,NVDA,436.72,449.68,421.92,434.48,35629219,-0.019099652323113725,-0.019284406965109364,2024,9,3,Monday
2024-09-24,NVDA,439.38,458.27,436.25,448.09,57358652,0.0313248020622352,0.03084419136927018,2024,9,3,Tuesday
2024-09-25,NVDA,445.49,455.19,423.28,437.75,55911965,-0.023075721395255377,-0.023346133929898854,2024,9,3,Wednesday
2024-09-26,NVDA,439.28,480.23,456.17,468.87,46046240,0.07109080525414058,0.06867757335625076,2024,9,3,Thursday
2024-09-27,NVDA,465.38,477.72,459.84,468.75,56335584,-0.00025593448077287917,-0.00025596723759128883,2024,9,3,Friday
2024-09-30,NVDA,476.13,480.37,463.57,471.49,51555108,0.005845333333333258,0.005828315656238224,2024,9,3,Monday
2024-10-01,NVDA,468.07,503.51,487.14,494.87,58046757,0.04958747799529162,0.04839720887288916,2024,10,4,Tuesday
2024-10-02,NVDA,503.36,506.62,473.81,492.32,33508271,-0.005152868430092772,-0.005166190240016261,2024,10,4,Wednesday
2024-10-03,NVDA,485.98,510.61,484.11,497.05,60121865,0.009607572310692314,0.00956171308442252,2024,10,4,Thursday
2024-10-04,NVDA,495.26,540.89,499.52,516.9,68033715,0.03993562015893759,0.03915880754383935,2024,10,4,Friday
2024-10-07,NVDA,525.79,509.96,475.2,487.8,55053664,-0.05629715612304109,-0.0579439464201736,2024,10,4,Monday
2024-10-08,NVDA,488.8,501.87,467.31,483.26,59882706,-0.009307093070930805,-0.009350674684512034,2024,10,4,Tuesday
2024-10-09,NVDA,496.74,510.76,492.22,501.12,48378098,0.036957331457186715,0.03629078226507572,2024,10,4,Wednesday
2024-10-10,NVDA,499.46,520.11,483.9,503.64,65328133,0.005028735632183867,0.005016133771116179,2024,10,4,Thursday
2024-10-11,NVDA,505.23,540.49,529.6,536.08,50988348,0.06441108728456846,0.06242167653141558,2024,10,4,Friday
2024-10-14,NVDA,548.62,526.62,480.48,503.75,35432894,-0.06030816296075214,-0.06220329040402256,2024,10,4,Monday
2024-10-15,NVDA,494.39,487.58,456.5,471.17,63949125,-0.06467493796526047,-0.06686115018295762,2024,10,4,Tuesday
2024-10-16,NVDA,461.69,505.9,470.43,487.4,30623850,0.03444616592737226,0.03386617811317078,2024,10,4,Wednesday
2024-10-17,NVDA,482.63,521.05,493.94,506.17,54426813,0.038510463684858554,0.03778744005106806,2024,10,4,Thursday
2024-10-18,NVDA,511.22,516.25,492.31,503.35,44556415,-0.005571250765553093,-0.005586828066741496,2024,10,4,Friday
2024-10-21,NVDA,493.4,533.56,484.3,512.87,43710365,0.018913281017184813,0.018736648575223783,2024,10,4,Monday
2024-10-22,NVDA,516.63,546.58,516.81,530.0,52647546,0.03340027687328173,0.03285460479551138,2024,10,4,Tuesday
2024-10-23,NVDA,533.42,534.88,492.7,513.82,40416436,-0.03052830188679234,-0.031003996975963063,2024,10,4,Wednesday
2024-10-24,NVDA,526.54,515.43,482.85,500.33,58304822,-0.026254330310225504,-0.026605128852228148,2024,10,4,Thursday
2024-10-25,NVDA,506.76,513.85,489.68,505.41,50859249,0.010153298822777046,0.010102100348246141,2024,10,4,Friday
2024-10-28,NVDA,507.67,537.96,508.76,525.7,41547394,0.04014562434459146,0.03936072675917991,2024,10,4,Monday
2024-10-29,NVDA,534.48,519.18,484.11,502.37,74699759,-0.04437892334030824,-0.04539380783012431,2024,10,4,Tuesday
2024-10-30,NVDA,505.69,515.06,486.33,499.48,53168057,-0.005752732050082532,-0.0057693427483336964,2024,10,4,Wednesday
2024-10-31,NVDA,496.65,519.92,480.58,495.66,60416562,-0.00764795387202688,-0.007677349444475419,2024,10,4,Thursday
2024-11-01,NVDA,488.69,516.94,493.03,505.4,76477732,0.01965056692087308,0.019459987151624832,2024,11,4,Friday
2024-11-04,NVDA,501.86,525.68,487.98,506.4,76102153,0.0019786307874951614,0.001976675875872689,2024,11,4,Monday
2024-11-05,NVDA,506.15,504.18,483.88,496.36,59498948,-0.019826224328593933,-0.020025400923547515,2024,11,4,Tuesday
2024-11-06,NVDA,497.43,538.44,510.7,523.62,45660132,0.054919816262390286,0.05346476049685619,2024,11,4,Wednesday
2024-11-07,NVDA,509.89,526.76,490.45,513.39,32560889,-0.019537068866735452,-0.019730440145804908,2024,11,4,Thursday
2024-11-08,NVDA,512.0,523.65,486.62,508.47,53198500,-0.009583357681294813,-0.009629573559397238,2024,11,4,Friday
2024-11-11,NVDA,508.65,485.21,468.83,477.5,69435502,-0.06090821484060027,-0.06284205677728784,2024,11,4,Monday
2024-11-12,NVDA,480.72,471.88,457.8,464.84,55607464,-0.026513089005235635,-0.026870899566112015,2024,11,4,Tuesday
2024-11-13,NVDA,474.13,482.47,465.91,475.88,17790200,0.023750107563893064,0.023472461253652422,2024,11,4,Wednesday
2024-11-14,NVDA,476.96,490.66,478.26,483.29,64912593,0.01557115239135931,0.015451165946506272,2024,11,4,Thursday
2024-11-15,NVDA,477.89,506.61,483.31,496.46,66120097,0.027250719029981996,0.026886028737313307,2024,11,4,Friday
2024-11-18,NVDA,485.37,524.3,489.28,508.98,45679807,0.02521854731499018,0.02490580675555372,2024,11,4,Monday
2024-11-19,NVDA,513.27,572.24,543.1,555.7,67257699,0.0917914259892334,0.08781985723817722,2024,11,4,Tuesday
2024-11-20,NVDA,549.76,551.21,531.34,540.2,60365190,-0.02789274788554974,-0.028289138927360354,2024,11,4,Wednesday
2024-11-21,NVDA,545.95,529.06,483.57,506.72,40705815,-0.061977045538689435,-0.0639808585681856,2024,11,4,Thursday
2024-11-22,NVDA,515.42,495.61,476.86,486.52,73215953,-0.03986422481844021,-0.04068057204009406,2024,11,4,Friday
2024-11-25,NVDA,477.29,479.07,463.32,473.81,34184759,-0.02612431143632321,-0.02647161329639954,2024,11,4,Monday
2024-11-26,NVDA,477.03,480.02,434.73,456.35,49148661,-0.03685021422089019,-0.037546338490949696,2024,11,4,Tuesday
2024-11-27,NVDA,463.59,466.69,452.93,459.17,47699566,0.006179467513969472,0.0061604528978539096,2024,11,4,Wednesday
2024-11-28,NVDA,464.92,496.8,469.42,484.47,39032380,0.05509941851601807,0.053634998048345046,2024,11,4,Thursday
2024-11-29,NVDA,471.99,532.06,501.78,517.2,54771016,0.0675583627469194,0.0653741369886172,2024,11,4,Friday
2024-12-02,NVDA,511.78,538.04,519.92,529.23,74079117,0.023259860788862996,0.022993473078721675,2024,12,4,Monday
2024-12-03,NVDA,520.9,589.84,570.12,579.07,72700304,0.09417455548627252,0.09000024838915742,2024,12,4,Tuesday
2024-12-04,NVDA,582.8,583.87,563.97,572.02,62123371,-0.012174693905745548,-0.012249412562081402,2024,12,4,Wednesday
2024-12-05,NVDA,574.92,547.58,522.99,536.28,30061529,-0.06248033285549459,-0.06451754307013993,2024,12,4,Thursday
2024-12-06,NVDA,518.51,576.95,542.8,561.23,33489679,0.04652420377414801,0.04547439094429592,2024,12,4,Friday
2024-12-09,NVDA,559.15,529.67,507.24,521.74,52555709,-0.07036330916023736,-0.07296142417139079,2024,12,4,Monday
2024-12-10,NVDA,526.87,515.24,491.11,507.04,49489102,-0.028174953041744888,-0.028579483563654792,2024,12,4,Tuesday
2024-12-11,NVDA,507.97,528.36,508.25,519.17,43060196,0.023923161880719412,0.023641486576022618,2024,12,4,Wednesday
2024-12-12,NVDA,520.1,536.67,504.21,518.21,88554657,-0.0018491053026945536,-0.001850817008312872,2024,12,4,Thursday
2024-12-13,NVDA,515.88,524.74,507.29,515.37,51613385,-0.005480403697342817,-0.005495476203856469,2024,12,4,Friday
2024-12-16,NVDA,508.67,506.61,481.13,492.2,58835583,-0.044957991346023296,-0.04599995134950842,2024,12,4,Monday
2024-12-17,NVDA,492.09,501.69,480.83,493.13,67248261,0.001889475822836273,0.0018876930087632093,2024,12,4,Tuesday
2024-12-18,NVDA,493.45,530.9,494.2,515.02,50831210,0.04438991746598253,0.043432903895416514,2024,12,4,Wednesday
2024-12-19,NVDA,518.91,527.31,506.44,516.65,108781540,0.003164925633955873,0.0031599277992285907,2024,12,4,Thursday
2024-12-20,NVDA,521.07,507.54,493.79,500.55,37709472,-0.03116229555792116,-0.03165816879487116,2024,12,4,Friday
2024-12-23,NVDA,501.07,489.55,464.07,476.73,41687508,-0.047587653581060874,-0.048757200972838054,2024,12,4,Monday
2024-12-24,NVDA,483.14,473.11,455.42,462.27,37681727,-0.030331634258385365,-0.03080115693078311,2024,12,4,Tuesday
2024-12-25,NVDA,460.14,492.78,457.89,470.85,79903566,0.01856058147835693,0.01839043599420067,2024,12,4,Wednesday
2024-12-26,NVDA,462.5,497.13,465.07,478.64,63602244,0.016544547095677986,0.016409177125704066,2024,12,4,Thursday
2024-12-27,NVDA,481.44,482.38,445.15,464.29,42469128,-0.029980778873474723,-0.030439392086678885,2024,12,4,Friday
2024-12-30,NVDA,465.01,431.24,420.23,425.1,38584864,-0.08440845161429278,-0.0881849216303529,2024,12,4,Monday
2024-12-31,NVDA,427.69,448.24,421.56,433.48,75753917,0.01971300870383441,0.01952122369005003,2024,12,4,Tuesday
2022-01-04,TSLA,395.64,405.4,392.48,398.49,106493703,-0.010085703639299504,-0.01013690893346815,2022,1,1,Tuesday
2022-01-05,TSLA,392.1,403.53,364.12,383.21,79767646,-0.038344751436673485,-0.03909926202290884,2022,1,1,Wednesday
2022-01-06,TSLA,384.01,407.32,392.92,398.91,64762059,0.04096970329584315,0.04015268574711147,2022,1,1,Thursday
2022-01-07,TSLA,401.61,418.12,393.85,405.77,71316711,0.017196861447444256,0.017050669078806552,2022,1,1,Friday
2022-01-10,TSLA,395.47,405.11,391.44,398.22,101505217,-0.018606599797915013,-0.0187818802296421,2022,1,1,Monday
2022-01-11,TSLA,396.64,408.32,395.85,400.42,91612938,0.005524584400582455,0.005509379857664629,2022,1,1,Tuesday
2022-01-12,TSLA,408.38,418.71,384.94,398.87,64350047,-0.003870935517706453,-0.003878446979118629,2022,1,1,Wednesday
2022-01-13,TSLA,397.81,391.67,379.96,384.78,98886543,-0.03532479253892251,-0.03596380687560828,2022,1,1,Thursday
2022-01-14,TSLA,391.82,389.67,380.96,385.72,90889191,0.0024429544155102345,0.0024399752533571842,2022,1,1,Friday
2022-01-17,TSLA,388.8,383.76,369.04,375.87,70338234,-0.02553665871616717,-0.025868378716612662,2022,1,1,Monday
2022-01-18,TSLA,370.87,374.72,351.01,361.45,89489068,-0.038364328092159616,-0.03911961947926496,2022,1,1,Tuesday
2022-01-19,TSLA,360.15,343.97,330.06,338.06,90820432,-0.06471157836491903,-0.06690032492427442,2022,1,1,Wednesday
2022-01-20,TSLA,337.53,339.38,329.57,332.99,83111164,-0.014997337750695117,-0.015110935022528233,2022,1,1,Thursday
2022-01-21,TSLA,329.09,354.51,327.75,340.66,132048758,0.02303372473647869,0.022772452932927872,2022,1,1,Friday
2022-01-24,TSLA,336.6,340.99,318.94,330.96,56503338,-0.02847413843715152,-0.028887390279275227,2022,1,1,Monday
2022-01-25,TSLA,337.08,378.5,350.61,366.78,55115472,0.10823060188542422,0.10276469111553296,2022,1,1,Tuesday
2022-01-26,TSLA,362.38,394.24,371.59,380.16,100098622,0.03647963356780637,0.035830003465536435,2022,1,1,Wednesday
2022-01-27,TSLA,385.19,413.74,384.56,400.84,102925800,0.05439814814814792,0.05297012845590248,2022,1,1,Thursday
2022-01-28,TSLA,398.69,420.34,403.16,413.92,112892351,0.032631473904799924,0.03211037324759089,2022,1,1,Friday
2022-01-31,TSLA,413.79,458.03,438.49,446.35,85070313,0.07834847313490534,0.0754306791876521,2022,1,1,Monday
2022-02-01,TSLA,449.43,444.37,415.13,432.0,75928571,-0.032149658339867826,-0.03267780938126077,2022,2,1,Tuesday
2022-02-02,TSLA,428.83,400.69,374.0,388.83,99780756,-0.09993055555555563,-0.10528335814071701,2022,2,1,Wednesday
2022-02-03,TSLA,391.54,393.13,365.36,381.62,87592619,-0.018542807910912118,-0.018716881001197623,2022,2,1,Thursday
2022-02-04,TSLA,372.03,401.55,378.96,390.27,159252597,0.022666526911587326,0.02241345817938159,2022,2,1,Friday
2022-02-07,TSLA,392.38,401.32,383.54,392.53,90731265,0.005790862736054558,0.005774160141042739,2022,2,1,Monday
2022-02-08,TSLA,380.63,409.89,382.77,396.81,98417106,0.010903625200621603,0.010844609283445567,2022,2,1,Tuesday
2022-02-09,TSLA,395.7,426.48,405.73,418.67,210144550,0.05508933746629374,0.05362544340571336,2022,2,1,Wednesday
2022-02-10,TSLA,423.07,438.77,412.71,425.09,94324608,0.015334272816299066,0.01521789109953971,2022,2,1,Thursday
2022-02-11,TSLA,428.34,456.66,420.91,439.03,118157354,0.032793055588228315,0.03226683665881772,2022,2,1,Friday
2022-02-14,TSLA,432.03,432.12,406.98,422.27,121396617,-0.03817506776302304,-0.03892282799901366,2022,2,1,Monday
2022-02-15,TSLA,416.21,406.82,397.78,403.57,124535482,-0.044284462547659054,-0.04529496517516897,2022,2,1,Tuesday
2022-02-16,TSLA,400.16,440.96,421.94,430.96,109072889,0.06786926679386474,0.06566532367632431,2022,2,1,Wednesday
2022-02-17,TSLA,431.94,449.26,423.14,432.55,105987633,0.003689437534805995,0.0036826482541049716,2022,2,1,Thursday
2022-02-18,TSLA,421.75,434.93,404.19,421.47,103055788,-0.025615535776210785,-0.02594932609471348,2022,2,1,Friday
2022-02-21,TSLA,421.4,419.84,401.66,410.7,84130739,-0.02555342017225437,-0.025885579569156995,2022,2,1,Monday
2022-02-22,TSLA,412.27,412.73,387.97,399.75,110258303,-0.02666179693206716,-0.02702366924844924,2022,2,1,Tuesday
2022-02-23,TSLA,398.36,400.64,376.21,388.14,183784511,-0.029043151969981307,-0.029473252430114623,2022,2,1,Wednesday
2022-02-24,TSLA,390.64,379.13,354.95,368.11,143792999,-0.051605090946565624,-0.05298429273714307,2022,2,1,Thursday
2022-02-25,TSLA,369.12,351.14,342.05,346.02,109546113,-0.06000923636956357,-0.061885229691429816,2022,2,1,Friday
2022-02-28,TSLA,343.72,352.7,327.89,343.12,129272053,-0.008381018438240462,-0.008416336646751134,2022,2,1,Monday
2022-03-01,TSLA,334.96,351.39,325.06,334.74,77047137,-0.024422942410818327,-0.024726129123132996,2022,3,1,Tuesday
2022-03-02,TSLA,335.29,357.89,340.37,350.11,92482232,0.04591623349465257,0.04489327973484347,2022,3,1,Wednesday
2022-03-03,TSLA,346.01,360.98,348.2,354.18,132890454,0.011624917882951058,0.011557867660317536,2022,3,1,Thursday
2022-03-04,TSLA,351.66,363.82,353.58,357.89,156228603,0.010474899768479151,0.01042041813539953,2022,3,1,Friday
2022-03-07,TSLA,360.0,354.57,336.73,347.01,79353323,-0.030400402358266465,-0.030872078640632787,2022,3,1,Monday
2022-03-08,TSLA,353.05,350.88,335.54,345.14,86495612,-0.005388893691824492,-0.005403466155987043,2022,3,1,Tuesday
2022-03-09,TSLA,344.98,362.47,337.58,350.13,192401228,0.014457901141565754,0.014354382272939155,2022,3,1,Wednesday
2022-03-10,TSLA,352.51,363.99,356.66,360.39,102929939,0.029303401593693712,0.028882264309021372,2022,3,1,Thursday
2022-03-11,TSLA,354.0,366.98,351.89,358.85,172807589,-0.004273148533533,-0.004282304525312417,2022,3,1,Friday
2022-03-14,TSLA,359.93,382.61,369.95,374.9,106402319,0.04472620872230726,0.04375484986578534,2022,3,1,Monday
2022-03-15,TSLA,374.62,388.54,359.22,374.85,107664969,-0.00013336889837278765,-0.00013337779279514923,2022,3,1,Tuesday
2022-03-16,TSLA,380.51,401.14,371.78,387.05,91242693,0.032546351874082946,0.03202793770165133,2022,3,1,Wednesday
2022-03-17,TSLA,384.48,383.92,373.59,379.2,132679537,-0.020281617362097992,-0.02049011326985576,2022,3,1,Thursday
2022-03-18,TSLA,378.07,360.66,345.17,351.92,150280485,-0.07194092827004217,-0.07465989334040239,2022,3,1,Friday
2022-03-21,TSLA,356.49,371.62,343.53,355.65,73307983,0.010598999772675421,0.010543224139059676,2022,3,1,Monday
2022-03-22,TSLA,355.25,373.9,354.04,366.21,89966287,0.029692113032475653,0.029259838170293696,2022,3,1,Tuesday
2022-03-23,TSLA,361.22,378.32,370.67,374.77,131590357,0.023374566505556915,0.02310556512142777,2022,3,1,Wednesday
2022-03-24,TSLA,386.52,386.61,375.2,381.14,96188094,0.0169970915494837,0.016854257228984208,2022,3,1,Thursday
2022-03-25,TSLA,376.09,383.16,368.71,375.57,86241762,-0.014614052579104753,-0.014721889760549278,2022,3,1,Friday
2022-03-28,TSLA,375.27,371.43,354.42,363.21,135372851,-0.032909976835210464,-0.03346369255192197,2022,3,1,Monday
2022-03-29,TSLA,364.75,384.09,362.05,371.34,139240986,0.022383744940943195,0.02213690559156646,2022,3,1,Tuesday
2022-03-30,TSLA,372.56,383.18,374.8,377.72,87380973,0.01718102008940603,0.01703509541554338,2022,3,1,Wednesday
2022-03-31,TSLA,376.84,377.16,356.96,368.98,106578323,-0.023138832997987913,-0.02341073836524911,2022,3,1,Thursday
2022-04-01,TSLA,368.14,400.13,373.02,385.95,69590477,0.04599165266410088,0.04496538536624341,2022,4,2,Friday
2022-04-04,TSLA,384.84,381.78,361.8,372.09,76441513,-0.03591138748542566,-0.036572066900515086,2022,4,2,Monday
2022-04-05,TSLA,366.99,365.83,358.58,363.14,103795202,-0.024053320433228498,-0.024347325652826952,2022,4,2,Tuesday
2022-04-06,TSLA,372.73,397.3,380.59,388.14,100946656,0.0688439720218097,0.0665776644414281,2022,4,2,Wednesday
2022-04-07,TSLA,387.09,410.84,390.49,402.01,74821655,0.03573452877827599,0.0351108646475695,2022,4,2,Thursday
2022-04-08,TSLA,404.96,404.46,387.47,395.99,80670907,-0.014974751871843939,-0.015088005521140774,2022,4,2,Friday
2022-04-11,TSLA,394.36,410.03,393.96,400.5,72650253,0.01138917649435589,0.011324808098036248,2022,4,2,Monday
2022-04-12,TSLA,398.75,406.5,396.32,402.87,114627546,0.005917602996254656,0.005900162752779669,2022,4,2,Tuesday
2022-04-13,TSLA,400.61,364.61,354.13,359.87,55416557,-0.10673418224241071,-0.11287107413846702,2022,4,2,Wednesday
2022-04-14,TSLA,353.02,354.73,334.29,346.6,73824969,-0.03687442687637199,-0.037571477841220856,2022,4,2,Thursday
2022-04-15,TSLA,345.92,353.97,340.04,345.73,57184776,-0.0025100980957876162,-0.0025132536736588956,2022,4,2,Friday
2022-04-18,TSLA,344.0,353.16,331.01,340.57,113394894,-0.014924941428282268,-0.015037439117589757,2022,4,2,Monday
2022-04-19,TSLA,345.47,347.4,341.44,343.88,58227055,0.009719000499163188,0.009672074815986248,2022,4,2,Tuesday
2022-04-20,TSLA,338.82,370.12,346.27,360.0,100956420,0.04687681749447492,0.04581127214391246,2022,4,2,Wednesday
2022-04-21,TSLA,357.45,364.11,346.55,355.13,163535058,-0.013527777777777805,-0.013620111825465214,2022,4,2,Thursday
2022-04-22,TSLA,351.21,354.4,329.05,339.93,165207189,-0.04280122771942663,-0.04374420556410556,2022,4,2,Friday
2022-04-25,TSLA,345.95,352.18,332.1,344.33,58171637,0.012943841379107424,0.012860785801976835,2022,4,2,Monday
2022-04-26,TSLA,340.65,344.18,334.93,339.61,109365235,-0.01370778032701181,-0.013802599451368094,2022,4,2,Tuesday
2022-04-27,TSLA,341.95,344.14,329.98,337.29,74327335,-0.006831365389711741,-0.006854805981415664,2022,4,2,Wednesday
2022-04-28,TSLA,341.31,338.4,326.84,333.14,69911445,-0.01230395208870716,-0.012380272380816322,2022,4,2,Thursday
2022-04-29,TSLA,332.54,374.98,354.65,365.01,96653188,0.09566548598186952,0.09136192841850571,2022,4,2,Friday
2022-05-02,TSLA,358.83,335.87,327.65,332.86,144554635,-0.08807977863620164,-0.09220276930888688,2022,5,2,Monday
2022-05-03,TSLA,327.28,334.64,318.76,327.47,119709484,-0.016192994051553167,-0.016325533332524803,2022,5,2,Tuesday
2022-05-04,TSLA,330.93,332.22,321.67,327.27,80691069,-0.000610742968821687,-0.0006109295482805991,2022,5,2,Wednesday
2022-05-05,TSLA,322.21,324.97,302.01,316.83,123554256,-0.031900265835548614,-0.03242016585128229,2022,5,2,Thursday
2022-05-06,TSLA,318.36,339.05,323.44,328.58,51011836,0.037086134520089686,0.03641498705169804,2022,5,2,Friday
2022-05-09,TSLA,329.04,349.95,328.45,339.55,79781085,0.03338608558037626,0.03284087208160974,2022,5,2,Monday
2022-05-10,TSLA,341.13,345.31,330.28,338.74,78100989,-0.00238551023413347,-0.0023883600968252513,2022,5,2,Tuesday
2022-05-11,TSLA,340.7,341.29,329.61,334.86,102377441,-0.011454212670484742,-0.011520317434578015,2022,5,2,Wednesday
2022-05-12,TSLA,331.02,337.85,329.03,333.18,94096588,-0.00501702203906107,-0.005029649546826344,2022,5,2,Thursday
2022-05-13,TSLA,329.19,347.88,321.83,331.61,95844669,-0.004712167597094696,-0.004723304859698281,2022,5,2,Friday
2022-05-16,TSLA,334.52,342.58,321.68,330.4,94893416,-0.0036488646301379157,-0.0036555379750496855,2022,5,2,Monday
2022-05-17,TSLA,327.84,332.4,322.94,327.72,100674481,-0.008111380145278346,-0.008144456373208944,2022,5,2,Tuesday
2022-05-18,TSLA,316.65,345.57,323.2,330.98,117590644,0.00994751617234213,0.009898365317183135,2022,5,2,Wednesday
2022-05-19,TSLA,333.62,351.2,332.31,341.2,104581795,0.03087799867061447,0.03041086502672679,2022,5,2,Thursday
2022-05-20,TSLA,336.85,328.63,321.91,324.29,91823168,-0.049560375146541547,-0.05083063842568678,2022,5,2,Friday
2022-05-23,TSLA,326.15,316.91,305.39,310.5,112808836,-0.04252366708810018,-0.043454275818303766,2022,5,2,Monday
2022-05-24,TSLA,315.81,291.89,285.4,288.92,128125115,-0.06950080515297896,-0.07203406819088728,2022,5,2,Tuesday
2022-05-25,TSLA,288.98,304.97,295.46,299.22,84636229,0.035650006922331556,0.03502925560344023,2022,5,2,Wednesday
2022-05-26,TSLA,302.88,311.48,288.88,302.17,98233703,0.009858966646614453,0.009810684119466784,2022,5,2,Thursday
2022-05-27,TSLA,302.74,314.76,303.64,308.35,141704252,0.02045206340801542,0.020245728531948844,2022,5,2,Friday
2022-05-30,TSLA,314.36,303.91,282.18,290.69,71832856,-0.05727257986054812,-0.058978094189157934,2022,5,2,Monday
2022-05-31,TSLA,286.9,320.54,305.39,312.59,171842927,0.07533798892290755,0.07263502046407315,2022,5,2,Tuesday
2022-06-01,TSLA,312.56,313.79,294.95,304.76,66915035,-0.025048785949646435,-0.025367846107608127,2022,6,2,Wednesday
2022-06-02,TSLA,307.28,315.6,297.04,306.73,90157739,0.006464102900643143,0.006443300186619168,2022,6,2,Thursday
2022-06-03,TSLA,306.02,327.11,303.15,317.51,75197139,0.03514491572392653,0.03454143210831979,2022,6,2,Friday
2022-06-06,TSLA,322.01,312.18,299.0,304.8,192779738,-0.0400302352681805,-0.04085349008725665,2022,6,2,Monday
2022-06-07,TSLA,303.19,307.6,289.04,297.93,85984339,-0.022539370078740184,-0.022797264229114357,2022,6,2,Tuesday
2022-06-08,TSLA,305.5,307.64,292.28,299.99,86049080,0.006914375860101352,0.006890581183922932,2022,6,2,Wednesday
2022-06-09,TSLA,307.81,352.18,320.72,337.08,89473774,0.1236374545818193,0.1165711501368527,2022,6,2,Thursday
2022-06-10,TSLA,338.24,346.37,335.6,341.11,102909609,0.011955618844191385,0.011884715006575602,2022,6,2,Friday
2022-06-13,TSLA,343.42,376.06,355.66,364.14,90616621,0.06751487789862498,0.06533340316509058,2022,6,2,Monday
2022-06-14,TSLA,369.47,392.36,367.54,382.4,96091815,0.050145548415444496,0.04892877210142732,2022,6,2,Tuesday
2022-06-15,TSLA,376.82,398.01,377.5,388.03,34688464,0.014722803347280378,0.014615475044650885,2022,6,2,Wednesday
2022-06-16,TSLA,381.78,388.56,359.11,372.46,101729582,-0.04012576347189645,-0.0409530067185372,2022,6,2,Thursday
2022-06-17,TSLA,378.21,395.67,377.09,388.81,100535628,0.04389733125704787,0.04296114291677563,2022,6,2,Friday
2022-06-20,TSLA,390.12,371.46,358.1,365.51,136556824,-0.0599264422211363,-0.061797153823452355,2022,6,2,Monday
2022-06-21,TSLA,364.5,404.22,381.78,390.1,148100110,0.06727586112555062,0.06510947791592789,2022,6,2,Tuesday
2022-06-22,TSLA,390.16,400.42,381.95,393.14,94524377,0.007792873622147978,0.007762666017041512,2022,6,2,Wednesday
2022-06-23,TSLA,381.62,357.04,348.48,352.55,127745360,-0.10324566312255168,-0.10897332636460284,2022,6,2,Thursday
2022-06-24,TSLA,351.73,353.38,343.1,347.52,71858546,-0.01426747979010079,-0.01437023885953376,2022,6,2,Friday
2022-06-27,TSLA,344.3,364.28,350.94,356.79,125885515,0.02667472375690627,0.026325156101747915,2022,6,2,Monday
2022-06-28,TSLA,360.82,364.21,337.85,353.19,84219580,-0.010089968889262613,-0.01014121764904855,2022,6,2,Tuesday
2022-06-29,TSLA,357.51,378.38,348.63,363.52,70088655,0.02924771369517809,0.028828160334516576,2022,6,2,Wednesday
2022-06-30,TSLA,366.1,364.13,341.18,350.93,94584496,-0.034633582746478764,-0.035247542715142674,2022,6,2,Thursday
2022-07-01,TSLA,352.64,337.24,329.65,332.51,152217728,-0.05248910039039134,-0.0539168385459598,2022,7,3,Friday
2022-07-04,TSLA,326.4,337.51,322.93,331.4,105580304,-0.0033382454663017924,-0.0033438298391668467,2022,7,3,Monday
2022-07-05,TSLA,333.8,339.38,315.62,331.68,156666075,0.0008449004224502232,0.0008445436950069323,2022,7,3,Tuesday
2022-07-06,TSLA,334.24,340.23,314.13,326.84,79881986,-0.014592378195851574,-0.01469989417096292,2022,7,3,Wednesday
2022-07-07,TSLA,331.84,349.71,339.31,343.53,136937623,0.051064741157752946,0.04980368957685098,2022,7,3,Thursday
2022-07-08,TSLA,352.47,335.34,325.54,331.63,82230162,-0.034640351643233425,-0.03525455447810092,2022,7,3,Friday
2022-07-11,TSLA,324.73,346.93,319.71,335.76,106993575,0.01245363809064326,0.012376729410078736,2022,7,3,Monday
2022-07-12,TSLA,334.16,351.35,323.82,336.55,106716419,0.0023528710984037637,0.0023501074313868283,2022,7,3,Tuesday
2022-07-13,TSLA,333.48,319.27,313.31,315.63,121950802,-0.06216015450898826,-0.064176084968416,2022,7,3,Wednesday
2022-07-14,TSLA,316.29,312.65,287.75,298.9,107812366,-0.05300510090929256,-0.05446157219841398,2022,7,3,Thursday
2022-07-15,TSLA,298.95,303.61,296.37,298.91,80111132,3.345600535320514e-05,3.345544571354022e-05,2022,7,3,Friday
2022-07-18,TSLA,298.05,329.47,320.65,324.03,130224810,0.08403867384831543,0.08069357936288689,2022,7,3,Monday
2022-07-19,TSLA,328.12,346.24,319.39,331.66,168118176,0.023547202419529123,0.023274243687460304,2022,7,3,Tuesday
2022-07-20,TSLA,327.17,315.53,297.92,308.9,83933864,-0.068624494964723,-0.07109274786141678,2022,7,3,Wednesday
2022-07-21,TSLA,304.95,278.88,266.31,271.84,57662126,-0.11997410165101974,-0.1278039420009141,2022,7,3,Thursday
2022-07-22,TSLA,268.42,286.56,266.3,280.0,116159710,0.0300176574455564,0.0295759452456279,2022,7,3,Friday
2022-07-25,TSLA,278.76,292.76,265.37,278.77,90542202,-0.004392857142857198,-0.004402534089825084,2022,7,3,Monday
2022-07-26,TSLA,274.57,294.82,289.82,291.98,96143256,0.04738673458406595,0.0462982376924095,2022,7,3,Tuesday
2022-07-27,TSLA,291.81,290.81,275.02,281.52,118158094,-0.035824371532296895,-0.03648181375850431,2022,7,3,Wednesday
2022-07-28,TSLA,280.94,297.85,274.14,285.45,87204196,0.013959931798806613,0.013863389396938607,2022,7,3,Thursday
2022-07-29,TSLA,282.7,301.23,285.72,295.39,92251135,0.034822210544753984,0.03422963471048513,2022,7,3,Friday
2022-08-01,TSLA,298.56,304.88,279.19,289.9,97041073,-0.018585598700023742,-0.01876048119314347,2022,8,3,Monday
2022-08-02,TSLA,289.69,290.19,274.73,284.76,155414597,-0.01773025181096921,-0.017889315691937212,2022,8,3,Tuesday
2022-08-03,TSLA,288.47,288.58,280.76,284.93,100906169,0.00059699395982582,0.0005968158298232837,2022,8,3,Wednesday
2022-08-04,TSLA,284.24,295.85,285.53,291.2,69024955,0.022005404836275444,0.021766780257034987,2022,8,3,Thursday
2022-08-05,TSLA,291.11,300.22,278.73,290.9,69853950,-0.0010302197802197766,-0.0010307508213749522,2022,8,3,Friday
2022-08-08,TSLA,288.89,315.82,294.34,302.6,104265357,0.040220006875214986,0.039432235853099726,2022,8,3,Monday
2022-08-09,TSLA,302.58,302.04,293.94,296.8,71260472,-0.019167217448777252,-0.01935329006103015,2022,8,3,Tuesday
2022-08-10,TSLA,299.4,284.19,278.32,280.97,62582090,-0.053335579514824705,-0.05481060922473745,2022,8,3,Wednesday
2022-08-11,TSLA,279.55,315.43,290.72,304.52,121004893,0.08381677759191364,0.08048886436952392,2022,8,3,Thursday
2022-08-12,TSLA,306.46,301.67,292.12,296.94,122795418,-0.02489163273348216,-0.025206668246162106,2022,8,3,Friday
2022-08-15,TSLA,293.98,294.34,285.55,289.98,89543919,-0.023439078601737662,-0.023718143106801926,2022,8,3,Monday
2022-08-16,TSLA,292.69,295.94,281.55,289.08,109209490,-0.0031036623215395798,-0.00310848867026756,2022,8,3,Tuesday
2022-08-17,TSLA,287.02,303.41,279.06,289.74,105805941,0.0022831050228311334,0.002280502698725303,2022,8,3,Wednesday
2022-08-18,TSLA,292.78,291.84,277.09,285.07,119808663,-0.016117898805825925,-0.01624920496795633,2022,8,3,Thursday
2022-08-19,TSLA,285.28,293.95,277.04,284.74,119892457,-0.0011576104114777719,-0.001158280959949366,2022,8,3,Friday
2022-08-22,TSLA,290.06,290.22,279.49,284.15,45761064,-0.0020720657441878343,-0.0020742154424693905,2022,8,3,Monday
2022-08-23,TSLA,280.12,299.45,272.31,286.06,93039161,0.006721801865212207,0.006699311283623682,2022,8,3,Tuesday
2022-08-24,TSLA,280.88,263.25,256.02,259.63,116809154,-0.09239320422289032,-0.09694403846994129,2022,8,3,Wednesday
2022-08-25,TSLA,257.66,284.18,274.43,280.29,88414254,0.07957477949389524,0.0765672409161613,2022,8,3,Thursday
2022-08-26,TSLA,275.52,291.01,264.01,278.48,101091998,-0.006457597488315647,-0.006478537969790469,2022,8,3,Friday
2022-08-29,TSLA,273.75,291.44,274.85,285.05,125258572,0.02359235851766739,0.02331835997440746,2022,8,3,Monday
2022-08-30,TSLA,287.23,279.21,262.55,269.3,102457466,-0.05525346430450795,-0.056838603660037616,2022,8,3,Tuesday
2022-08-31,TSLA,269.28,268.74,258.77,264.03,157204265,-0.019569253620497773,-0.019763266763723364,2022,8,3,Wednesday
2022-09-01,TSLA,262.48,268.12,245.45,256.75,140227494,-0.027572624322993455,-0.027959884245162294,2022,9,3,Thursday
2022-09-02,TSLA,255.53,278.64,264.92,272.56,96505590,0.061577409931840243,0.05975592454404345,2022,9,3,Friday
2022-09-05,TSLA,270.56,272.88,256.76,265.98,94231670,-0.024141473437041316,-0.024437655367693895,2022,9,3,Monday
2022-09-06,TSLA,271.37,288.69,260.55,274.24,42524184,0.031054966538837547,0.03058251742439785,2022,9,3,Tuesday
2022-09-07,TSLA,271.77,272.53,261.17,266.92,90669363,-0.026691948658109643,-0.027054647374009127,2022,9,3,Wednesday
2022-09-08,TSLA,262.58,267.28,253.22,261.9,66632304,-0.018807133223437855,-0.01898623652173971,2022,9,3,Thursday
2022-09-09,TSLA,264.46,265.18,251.71,259.17,106862081,-0.010423825887743265,-0.010478534474763572,2022,9,3,Friday
2022-09-12,TSLA,258.48,281.25,266.85,273.04,104692910,0.05351699656596054,0.05213408755954908,2022,9,3,Monday
2022-09-13,TSLA,279.87,265.95,240.86,252.59,123214521,-0.07489745092294176,-0.07785068374756621,2022,9,3,Tuesday
2022-09-14,TSLA,250.96,245.51,234.02,239.24,152044209,-0.052852448632170645,-0.05430038867452912,2022,9,3,Wednesday
2022-09-15,TSLA,241.73,222.5,218.32,220.81,99215014,-0.07703561277378368,-0.08016462894389811,2022,9,3,Thursday
2022-09-16,TSLA,223.74,214.48,208.05,211.1,198203658,-0.04397445767854724,-0.04497064837818334,2022,9,3,Friday
2022-09-19,TSLA,209.75,209.49,197.46,204.11,107222446,-0.033112269066792877,-0.03367289064832357,2022,9,3,Monday
2022-09-20,TSLA,202.24,197.22,183.93,190.97,67498492,-0.06437705158982909,-0.06654271655862865,2022,9,3,Tuesday
2022-09-21,TSLA,192.71,195.54,177.13,185.23,84482855,-0.030057077027805468,-0.03051805151269107,2022,9,3,Wednesday
2022-09-22,TSLA,186.54,172.74,168.84,170.49,89420161,-0.07957674242833224,-0.08292165215749173,2022,9,3,Thursday
2022-09-23,TSLA,167.53,165.76,160.8,163.45,119439304,-0.041292744442489426,-0.04216951080692033,2022,9,3,Friday
2022-09-26,TSLA,161.19,177.14,164.15,171.61,75263494,0.0499235240134599,0.04871732724399221,2022,9,3,Monday
2022-09-27,TSLA,166.27,178.69,166.39,174.4,91448632,0.016257793834858036,0.016127051060667464,2022,9,3,Tuesday
2022-09-28,TSLA,175.67,177.24,173.48,175.66,95283637,0.007224770642201728,0.007198797014091977,2022,9,3,Wednesday
2022-09-29,TSLA,175.1,173.74,164.32,168.52,87420861,-0.040646703859728905,-0.041495871378155434,2022,9,3,Thursday
2022-09-30,TSLA,168.19,160.5,156.7,158.18,127561015,-0.06135770234986948,-0.06332081201954465,2022,9,3,Friday
2022-10-03,TSLA,154.89,155.48,148.49,150.9,121215093,-0.04602351751169553,-0.047116259317467955,2022,10,4,Monday
2022-10-04,TSLA,148.87,154.05,148.15,150.57,141902517,-0.002186878727634234,-0.002189273438851266,2022,10,4,Tuesday
2022-10-05,TSLA,149.69,157.43,153.46,155.95,90546418,0.03573088928737467,0.0351073507188603,2022,10,4,Wednesday
2022-10-06,TSLA,154.66,164.5,159.32,161.75,143441667,0.03719140750240468,0.03651649032719774,2022,10,4,Thursday
2022-10-07,TSLA,161.98,172.34,160.33,165.91,66418196,0.025718701700154556,0.025393539274254036,2022,10,4,Friday
2022-10-10,TSLA,167.1,165.2,153.58,160.9,65934043,-0.030197094810439307,-0.03066241865692637,2022,10,4,Monday
2022-10-11,TSLA,165.39,168.98,155.09,160.99,69479356,0.0005593536357986206,0.0005591972558654188,2022,10,4,Tuesday
2022-10-12,TSLA,160.95,161.28,155.6,158.82,100276732,-0.013479098080626195,-0.013570765787138124,2022,10,4,Wednesday
2022-10-13,TSLA,160.99,161.23,154.05,157.44,143435236,-0.0086890819795995,-0.00872705216312156,2022,10,4,Thursday
2022-10-14,TSLA,155.84,175.34,168.27,171.06,83473361,0.08650914634146334,0.08296993884869226,2022,10,4,Friday
2022-10-17,TSLA,167.54,162.91,153.02,159.09,86674711,-0.06997544721150473,-0.0725442923354873,2022,10,4,Monday
2022-10-18,TSLA,158.4,161.77,154.55,157.5,93724984,-0.00999434282481615,-0.01004462155146057,2022,10,4,Tuesday
2022-10-19,TSLA,154.4,169.78,159.26,165.43,118749783,0.050349206349206366,0.04912268635323688,2022,10,4,Wednesday
2022-10-20,TSLA,165.46,162.63,150.78,155.73,86650483,-0.05863507223599118,-0.06042440611167741,2022,10,4,Thursday
2022-10-21,TSLA,154.23,155.34,144.17,151.61,85212241,-0.026456045720156585,-0.02681230441375697,2022,10,4,Friday
2022-10-24,TSLA,147.97,150.21,145.37,148.3,66789882,-0.021832332959567324,-0.02207418494960388,2022,10,4,Monday
2022-10-25,TSLA,151.46,150.39,143.04,146.88,84238650,-0.0095751854349293,-0.009621322271706182,2022,10,4,Tuesday
2022-10-26,TSLA,145.91,140.55,135.87,137.53,142367068,-0.06365740740740733,-0.06577385174556385,2022,10,4,Wednesday
2022-10-27,TSLA,134.76,142.01,138.74,140.86,102765324,0.024212899003853705,0.023924414190647888,2022,10,4,Thursday
2022-10-28,TSLA,142.41,150.71,139.89,144.69,80095032,0.027190117847508022,0.026827033431725773,2022,10,4,Friday
2022-10-31,TSLA,143.4,150.81,144.36,147.67,144895584,0.02059575644481293,0.02038653173669225,2022,10,4,Monday
2022-11-01,TSLA,149.65,146.89,136.41,142.44,83898365,-0.0354168077470034,-0.036059196076105526,2022,11,4,Tuesday
2022-11-02,TSLA,141.15,144.51,141.69,142.88,153110037,0.0030890199382196393,0.003084258718611975,2022,11,4,Wednesday
2022-11-03,TSLA,141.93,141.55,132.87,137.65,152360935,-0.036604143337065964,-0.03729088553957249,2022,11,4,Thursday
2022-11-04,TSLA,138.24,143.23,130.03,135.73,101694546,-0.01394841990555773,-0.014046613278742737,2022,11,4,Friday
2022-11-07,TSLA,136.72,151.63,145.01,148.18,63790567,0.09172622117439055,0.08776013267863732,2022,11,4,Monday
2022-11-08,TSLA,149.58,155.0,143.32,148.69,198744557,0.0034417600215952415,0.0034358507206209226,2022,11,4,Tuesday
2022-11-09,TSLA,148.53,144.23,139.54,141.57,112320119,-0.04788486112045198,-0.04906930730272609,2022,11,4,Wednesday
2022-11-10,TSLA,142.49,147.25,139.26,142.56,90740526,0.006993006993007089,0.0069686693160934355,2022,11,4,Thursday
2022-11-11,TSLA,143.87,140.31,131.66,134.82,133220887,-0.05429292929292939,-0.055822408297206486,2022,11,4,Friday
2022-11-14,TSLA,135.16,134.27,125.02,128.31,123453062,-0.048286604361370666,-0.0494913445183658,2022,11,4,Monday
2022-11-15,TSLA,128.08,127.91,117.01,122.9,148183547,-0.04216351024861664,-0.04307819433493783,2022,11,4,Tuesday
2022-11-16,TSLA,120.72,123.66,117.5,120.63,81979224,-0.01847030105777059,-0.018643006994696835,2022,11,4,Wednesday
2022-11-17,TSLA,121.52,130.25,120.89,125.29,110025505,0.038630523087126,0.037903040680169045,2022,11,4,Thursday
2022-11-18,TSLA,125.36,132.61,124.58,128.24,70064000,0.0235453747306249,0.02327245804383615,2022,11,4,Friday
2022-11-21,TSLA,127.59,132.73,128.77,130.96,122128101,0.021210230817217735,0.020988424761581966,2022,11,4,Monday
2022-11-22,TSLA,133.01,127.03,123.91,125.14,99314002,-0.04444105070250459,-0.045458822492662046,2022,11,4,Tuesday
2022-11-23,TSLA,122.94,126.31,118.93,122.34,108795825,-0.022374940067124816,-0.022629056755798616,2022,11,4,Wednesday
2022-11-24,TSLA,124.81,128.05,119.56,123.66,95704495,0.010789602746444249,0.01073181031600377,2022,11,4,Thursday
2022-11-25,TSLA,123.62,124.8,117.36,120.46,92746831,-0.025877405790069585,-0.02621811651484769,2022,11,4,Friday
2022-11-28,TSLA,120.93,125.25,113.53,119.05,77068977,-0.01170513033372067,-0.01177417468270316,2022,11,4,Monday
2022-11-29,TSLA,118.47,125.81,116.29,121.16,126760470,0.017723645527089493,0.0175684132261648,2022,11,4,Tuesday
2022-11-30,TSLA,118.68,122.28,116.03,119.39,156347547,-0.01460878177616376,-0.014716540801739638,2022,11,4,Wednesday
2022-12-01,TSLA,119.19,123.76,118.38,120.45,84619918,0.008878465533126656,0.008839283703583377,2022,12,4,Thursday
2022-12-02,TSLA,120.94,131.26,126.02,128.51,118064647,0.06691573266915718,0.06477199325816929,2022,12,4,Friday
2022-12-05,TSLA,129.58,131.76,124.4,127.55,113843565,-0.007470235779316714,-0.007498277731229327,2022,12,4,Monday
2022-12-06,TSLA,127.24,136.78,129.28,133.8,100243229,0.049000392003136106,0.04783770310630775,2022,12,4,Tuesday
2022-12-07,TSLA,130.2,138.98,132.13,136.84,63256093,0.02272047832585944,0.022466212415275803,2022,12,4,Wednesday
2022-12-08,TSLA,134.25,134.57,123.19,128.81,67673250,-0.0586816720257235,-0.06047390970140744,2022,12,4,Thursday
2022-12-09,TSLA,132.05,128.14,119.78,123.07,79112872,-0.044561757627513465,-0.045585151223751307,2022,12,4,Friday
2022-12-12,TSLA,121.42,123.18,113.48,118.89,52639604,-0.033964410498090514,-0.034554603313791954,2022,12,4,Monday
2022-12-13,TSLA,120.97,115.87,113.31,114.75,152563271,-0.0348221044663134,-0.035442846929798794,2022,12,4,Tuesday
2022-12-14,TSLA,113.43,118.68,109.47,114.27,111662525,-0.00418300653594772,-0.004191779782032177,2022,12,4,Wednesday
2022-12-15,TSLA,114.02,120.02,113.97,117.13,99105195,0.025028441410694047,0.024720359923160993,2022,12,4,Thursday
2022-12-16,TSLA,118.03,125.18,122.15,123.26,51836754,0.05233501237940752,0.051011516452313825,2022,12,4,Friday
2022-12-19,TSLA,122.01,130.2,122.19,124.77,57858994,0.012250527340580852,0.012176096888832874,2022,12,4,Monday
2022-12-20,TSLA,127.21,125.93,117.06,122.46,99929783,-0.01851406588122151,-0.01868759637312163,2022,12,4,Tuesday
2022-12-21,TSLA,122.57,114.75,109.62,112.4,180605875,-0.08214927323207566,-0.0857205085902176,2022,12,4,Wednesday
2022-12-22,TSLA,113.04,115.85,109.24,112.67,81091401,0.0024021352313166044,0.0023992547164837234,2022,12,4,Thursday
2022-12-23,TSLA,112.3,114.22,110.8,112.74,129581443,0.0006212833939822637,0.0006210904773542407,2022,12,4,Friday
2022-12-26,TSLA,113.66,115.25,111.86,113.54,86591309,0.007095973035302627,0.00707091508915138,2022,12,4,Monday
2022-12-27,TSLA,115.74,125.31,120.19,123.71,101670985,0.08957195701955256,0.08578491913216005,2022,12,4,Tuesday
2022-12-28,TSLA,123.51,132.16,128.17,130.1,143965737,0.051653059574812143,0.05036326864371944,2022,12,4,Wednesday
2022-12-29,TSLA,132.87,137.76,131.34,134.29,90141864,0.032205995388163045,0.03169825507462441,2022,12,4,Thursday
2022-12-30,TSLA,133.28,132.45,123.29,129.05,81299406,-0.0390200312755975,-0.03980171442846095,2022,12,4,Friday
2023-01-02,TSLA,130.26,131.16,122.06,126.31,153023476,-0.021232080588919122,-0.021460723378739097,2023,1,1,Monday
2023-01-03,TSLA,127.07,127.11,124.39,125.77,101376117,-0.004275195946480959,-0.004284360726819779,2023,1,1,Tuesday
2023-01-04,TSLA,124.11,125.16,120.14,121.78,138730293,-0.031724576608094135,-0.03223870387863615,2023,1,1,Wednesday
2023-01-05,TSLA,122.1,125.71,122.79,124.25,81417929,0.02028247659714233,0.020079526796310032,2023,1,1,Thursday
2023-01-06,TSLA,124.26,128.73,122.83,126.02,152501197,0.014245472837022044,0.01414495953717124,2023,1,1,Friday
2023-01-09,TSLA,124.7,121.78,119.16,120.48,108555153,-0.04396127598793831,-0.044956860462325866,2023,1,1,Monday
2023-01-10,TSLA,121.01,130.38,123.89,126.47,113932534,0.049717795484727656,0.04852136184030147,2023,1,1,Tuesday
2023-01-11,TSLA,126.7,130.48,121.72,126.95,104027884,0.0037953664900767237,0.0037881822588024545,2023,1,1,Wednesday
2023-01-12,TSLA,126.83,121.89,113.53,118.22,85929542,-0.06876723119338324,-0.07124601275446403,2023,1,1,Thursday
2023-01-13,TSLA,118.12,119.49,114.9,117.92,99949528,-0.002537641684994041,-0.002540866955196919,2023,1,1,Friday
2023-01-16,TSLA,117.79,122.62,117.0,119.23,87566028,0.011109226594301136,0.011047972377014041,2023,1,1,Monday
2023-01-17,TSLA,118.69,126.65,120.8,124.02,133357568,0.0401744527384047,0.03938844210369123,2023,1,1,Tuesday
2023-01-18,TSLA,124.23,125.34,117.62,122.26,94090119,-0.01419125947427824,-0.014292918321152448,2023,1,1,Wednesday
2023-01-19,TSLA,121.3,128.56,124.4,126.42,63829662,0.03402584655651886,0.03345977244357329,2023,1,1,Thursday
2023-01-20,TSLA,130.55,131.1,122.48,127.34,60421383,0.007277329536465871,0.007250977544726726,2023,1,1,Friday
2023-01-23,TSLA,125.14,123.16,118.09,120.61,59570157,-0.05285063609235119,-0.05429847499372772,2023,1,1,Monday
2023-01-24,TSLA,119.74,117.28,111.36,113.77,120368926,-0.05671171544648046,-0.058383333043526484,2023,1,1,Tuesday
2023-01-25,TSLA,113.06,120.66,117.1,119.07,70790081,0.04658521578623542,0.045532688911458584,2023,1,1,Wednesday
2023-01-26,TSLA,122.05,126.63,122.17,124.99,109420244,0.049718652893256055,0.04852217863904674,2023,1,1,Thursday
2023-01-27,TSLA,122.96,129.04,125.02,126.6,104182330,0.012881030482438494,0.012798775607945265,2023,1,1,Friday
2023-01-30,TSLA,127.26,136.06,131.12,134.53,98077463,0.06263823064770935,0.06075471278737574,2023,1,1,Monday
2023-01-31,TSLA,134.94,145.58,136.3,140.42,114056249,0.04378205604697816,0.04285070909165104,2023,1,1,Tuesday
2023-02-01,TSLA,141.0,148.27,140.56,144.34,104863682,0.027916251246261403,0.027533696055024575,2023,2,1,Wednesday
2023-02-02,TSLA,146.54,144.56,134.98,138.99,44356145,-0.03706526257447684,-0.03776963954746038,2023,2,1,Thursday
2023-02-03,TSLA,141.07,153.59,142.07,149.14,90747653,0.07302683646305463,0.07048347401898182,2023,2,1,Friday
2023-02-06,TSLA,148.31,155.39,149.31,152.38,113602001,0.021724554110231997,0.021491938929214825,2023,2,1,Monday
2023-02-07,TSLA,152.75,152.21,148.58,149.93,163572289,-0.016078225488909248,-0.01620888253805174,2023,2,1,Tuesday
2023-02-08,TSLA,146.5,149.07,140.43,145.82,165853931,-0.02741279263656382,-0.027795534128527637,2023,2,1,Wednesday
2023-02-09,TSLA,146.0,155.13,140.53,147.29,66435066,0.010080921684268329,0.01003044812316749,2023,2,1,Thursday
2023-02-10,TSLA,145.86,142.87,131.08,137.49,90039872,-0.06653540634123145,-0.06885224531230916,2023,2,1,Friday
2023-02-13,TSLA,137.18,143.34,140.24,141.43,62510574,0.028656629573059922,0.028253707843266137,2023,2,1,Monday
2023-02-14,TSLA,138.5,137.93,132.77,135.95,157769594,-0.03874708336279442,-0.03951772395392885,2023,2,1,Tuesday
2023-02-15,TSLA,136.63,139.08,136.42,137.97,135507508,0.01485840382493575,0.01474909914146253,2023,2,1,Wednesday
2023-02-16,TSLA,135.09,140.55,131.75,134.99,111090651,-0.021598898311226966,-0.021835568599206365,2023,2,1,Thursday
2023-02-17,TSLA,135.24,138.11,130.91,133.48,105109077,-0.011186013778798576,-0.01124904773756255,2023,2,1,Friday
2023-02-20,TSLA,131.47,132.41,126.8,129.35,151314358,-0.030940964938567572,-0.031429745251135115,2023,2,1,Monday
2023-02-21,TSLA,128.0,130.61,125.55,128.44,143820751,-0.007035175879396949,-0.007060039410724919,2023,2,1,Tuesday
2023-02-22,TSLA,130.26,141.84,136.22,138.71,141540174,0.07995951417004066,0.0769235535538857,2023,2,1,Wednesday
2023-02-23,TSLA,139.71,149.96,141.69,146.74,114683268,0.05789056304520224,0.056276890510649484,2023,2,1,Thursday
2023-02-24,TSLA,148.81,150.27,147.57,148.82,90053298,0.014174730816409964,0.01407520868326696,2023,2,1,Friday
2023-02-27,TSLA,151.67,153.53,142.37,148.6,125877301,-0.0014782959279666663,-0.0014793896854563798,2023,2,1,Monday
2023-02-28,TSLA,147.19,157.19,150.08,153.76,127738187,0.03472409152086131,0.03413481293832351,2023,2,1,Tuesday
2023-03-01,TSLA,156.59,164.24,155.6,160.97,94441344,0.04689125910509895,0.045825066996155794,2023,3,1,Wednesday
2023-03-02,TSLA,158.07,157.5,151.26,155.52,89998725,-0.033857240479592376,-0.03444367150600903,2023,3,1,Thursday
2023-03-03,TSLA,156.95,162.32,147.98,154.96,140493913,-0.0036008230452675427,-0.0036073216133885614,2023,3,1,Friday
2023-03-06,TSLA,154.02,147.69,138.58,143.76,164746020,-0.07227671657201873,-0.075021776623437,2023,3,1,Monday
2023-03-07,TSLA,142.12,152.87,147.96,150.46,79866097,0.046605453533667296,0.04555202565677197,2023,3,1,Tuesday
2023-03-08,TSLA,151.59,167.36,161.78,163.66,92402790,0.0877309583942576,0.08409383696716013,2023,3,1,Wednesday
2023-03-09,TSLA,165.56,169.68,161.15,164.13,111102156,0.0028718074055968934,0.002867691644608512,2023,3,1,Thursday
2023-03-10,TSLA,165.97,153.32,147.66,150.38,115717269,-0.08377505635776517,-0.08749337279396338,2023,3,1,Friday
2023-03-13,TSLA,150.78,156.29,152.67,154.11,85495203,0.024803830296582063,0.024501209197405407,2023,3,1,Monday
2023-03-14,TSLA,154.36,150.45,146.47,148.45,175954664,-0.03672701317240945,-0.03741843193751751,2023,3,1,Tuesday
2023-03-15,TSLA,149.41,146.79,142.68,144.4,113499537,-0.02728191310205441,-0.0276609747510428,2023,3,1,Wednesday
2023-03-16,TSLA,144.94,153.13,143.17,148.09,117282459,0.02555401662049861,0.025232970590686108,2023,3,1,Thursday
2023-03-17,TSLA,149.08,154.89,143.94,149.58,169497030,0.010061449118779153,0.010011169714109579,2023,3,1,Friday
2023-03-20,TSLA,149.95,148.71,143.67,146.55,87396190,-0.020256718812675545,-0.020464699606620132,2023,3,1,Monday
2023-03-21,TSLA,148.07,146.61,137.28,142.64,97381925,-0.02668031388604586,-0.027042693602016613,2023,3,1,Tuesday
2023-03-22,TSLA,139.79,146.85,141.36,143.32,68660462,0.004767246214245624,0.004755918881868065,2023,3,1,Wednesday
2023-03-23,TSLA,143.09,142.85,139.09,140.87,94960882,-0.017094613452414142,-0.017242413164537545,2023,3,1,Thursday
2023-03-24,TSLA,138.48,137.5,131.97,134.56,63974971,-0.04479307162632218,-0.0458272830475776,2023,3,1,Friday
2023-03-27,TSLA,135.01,136.34,127.6,132.68,125151498,-0.013971462544589697,-0.014069982145786175,2023,3,1,Monday
2023-03-28,TSLA,135.35,140.74,129.69,134.48,113428106,0.013566475731082273,0.013475275021508467,2023,3,1,Tuesday
2023-03-29,TSLA,133.69,137.65,130.13,133.44,92023998,-0.00773349196906592,-0.0077635504899234275,2023,3,1,Wednesday
2023-03-30,TSLA,133.65,127.31,124.44,125.88,97032218,-0.05665467625899279,-0.05832286641423049,2023,3,1,Thursday
2023-03-31,TSLA,127.05,132.83,129.13,131.03,125663802,0.040911979663171394,0.04009723242028792,2023,3,1,Friday
2023-04-03,TSLA,127.7,119.33,115.57,117.07,71124464,-0.1065404869113944,-0.11265425812491292,2023,4,2,Monday
2023-04-04,TSLA,116.32,118.61,111.02,114.9,106316505,-0.018535918681130803,-0.018709861636870922,2023,4,2,Tuesday
2023-04-05,TSLA,115.42,113.2,110.42,111.97,123349665,-0.025500435161009638,-0.025831206582604464,2023,4,2,Wednesday
2023-04-06,TSLA,107.99,117.14,106.47,112.6,58585543,0.005626507100116029,0.005610737433484334,2023,4,2,Thursday
2023-04-07,TSLA,111.25,118.26,111.81,115.17,122811613,0.02282415630550627,0.022567581975226077,2023,4,2,Friday
2023-04-10,TSLA,116.73,124.17,116.82,120.56,60518641,0.04680038204393511,0.04573825663742404,2023,4,2,Monday
2023-04-11,TSLA,122.04,120.05,111.75,117.04,96533668,-0.029197080291970767,-0.029631797606371114,2023,4,2,Tuesday
2023-04-12,TSLA,117.58,121.09,118.92,119.83,70538090,0.02383800410116188,0.02355831498255626,2023,4,2,Wednesday
2023-04-13,TSLA,121.13,126.15,116.12,120.74,153629546,0.007594091629808952,0.007565401673854914,2023,4,2,Thursday
2023-04-14,TSLA,121.06,113.5,110.99,112.52,70670898,-0.0680801722709955,-0.07050848974662396,2023,4,2,Friday
2023-04-17,TSLA,113.29,125.81,116.94,121.57,60953618,0.08043014575186636,0.0773592449460465,2023,4,2,Monday
2023-04-18,TSLA,121.1,117.99,112.65,114.57,104081664,-0.0575799950645719,-0.0593042386621681,2023,4,2,Tuesday
2023-04-19,TSLA,114.73,118.35,114.63,116.5,88328188,0.016845596578511035,0.0167052831002208,2023,4,2,Wednesday
2023-04-20,TSLA,115.6,122.88,112.55,118.33,63674783,0.0157081545064377,0.015586058390712147,2023,4,2,Thursday
2023-04-21,TSLA,120.16,121.28,118.82,119.62,117086706,0.010901715541282941,0.010842720219943577,2023,4,2,Friday
2023-04-24,TSLA,121.85,118.49,115.86,117.17,55021304,-0.020481524828623976,-0.020694179936346754,2023,4,2,Monday
2023-04-25,TSLA,119.15,124.86,118.02,121.15,73280745,0.03396773918238449,0.03340357558247046,2023,4,2,Tuesday
2023-04-26,TSLA,120.54,117.37,110.19,113.6,84150318,-0.062319438712340136,-0.06434594097548382,2023,4,2,Wednesday
2023-04-27,TSLA,112.27,118.77,108.69,113.24,127209699,-0.0031690140845069825,-0.003174046043352063,2023,4,2,Thursday
2023-04-28,TSLA,115.02,114.05,108.17,110.61,147497421,-0.023225008830801808,-0.023498959329535985,2023,4,2,Friday
2023-05-01,TSLA,111.35,110.64,103.58,107.54,139212961,-0.027755175843052093,-0.028147629532630735,2023,5,2,Monday
2023-05-02,TSLA,107.97,111.41,107.54,109.39,95505902,0.017202901246047952,0.01705660675016738,2023,5,2,Tuesday
2023-05-03,TSLA,108.54,115.34,112.69,114.28,48278084,0.044702440808117805,0.04373209923087294,2023,5,2,Wednesday
2023-05-04,TSLA,114.88,118.52,108.56,112.63,112440713,-0.014438221911095561,-0.014543467302967183,2023,5,2,Thursday
2023-05-05,TSLA,111.13,118.2,114.65,116.24,155452824,0.03205185119417564,0.031548909202422336,2023,5,2,Friday
2023-05-08,TSLA,117.15,119.4,113.39,116.43,144793314,0.0016345492085341196,0.001633214786897217,2023,5,2,Monday
2023-05-09,TSLA,118.4,113.92,110.49,112.2,114899161,-0.03633084256634889,-0.037007240960328695,2023,5,2,Tuesday
2023-05-10,TSLA,114.45,112.75,109.06,110.97,69987689,-0.010962566844919808,-0.01102309857612365,2023,5,2,Wednesday
2023-05-11,TSLA,111.94,111.75,105.43,109.57,85419813,-0.01261602234838255,-0.012696280095170494,2023,5,2,Thursday
2023-05-12,TSLA,107.71,110.8,102.73,106.44,178629620,-0.028566213379574656,-0.028982168307813444,2023,5,2,Friday
2023-05-15,TSLA,106.7,112.14,103.35,108.28,65375745,0.017286734310409724,0.017139018636612102,2023,5,2,Monday
2023-05-16,TSLA,111.12,112.45,105.08,109.27,70867916,0.009142962689324019,0.009101418836553611,2023,5,2,Tuesday
2023-05-17,TSLA,108.11,104.5,99.95,102.34,132679394,-0.06342088404868662,-0.06552128020570812,2023,5,2,Wednesday
2023-05-18,TSLA,102.26,98.85,93.65,95.6,87866833,-0.06585890170021502,-0.0681277833195902,2023,5,2,Thursday
2023-05-19,TSLA,97.27,97.95,95.98,97.24,70150550,0.017154811715481166,0.017009329390567006,2023,5,2,Friday
2023-05-22,TSLA,97.98,97.02,91.47,94.01,158152781,-0.03321678321678312,-0.033780989857463,2023,5,2,Monday
2023-05-23,TSLA,96.87,96.98,93.99,95.13,114833927,0.01191362620997749,0.011843217627905968,2023,5,2,Tuesday
2023-05-24,TSLA,94.28,100.16,96.21,98.18,89177595,0.03206138967728389,0.031558151411540954,2023,5,2,Wednesday
2023-05-25,TSLA,96.99,94.64,92.27,93.16,70911862,-0.051130576492157354,-0.05248408361376628,2023,5,2,Thursday
2023-05-26,TSLA,94.56,91.27,83.67,87.89,184821806,-0.05656934306569339,-0.05823241243958636,2023,5,2,Friday
2023-05-29,TSLA,86.6,96.5,89.43,94.09,99269129,0.07054272385936966,0.06816573844212043,2023,5,2,Monday
2023-05-30,TSLA,93.86,97.98,91.12,95.41,152074206,0.014029121054309535,0.013931623745080108,2023,5,2,Tuesday
2023-05-31,TSLA,95.33,95.15,92.99,93.74,130746488,-0.017503406351535467,-0.017658402269194472,2023,5,2,Wednesday
2023-06-01,TSLA,94.94,93.3,85.34,90.19,85532781,-0.037870706208662175,-0.03860643631694319,2023,6,2,Thursday
2023-06-02,TSLA,90.87,90.02,86.4,88.28,85737289,-0.02117751413682223,-0.021404974789081106,2023,6,2,Friday
2023-06-05,TSLA,88.78,85.87,82.61,84.04,154325599,-0.04802899864068866,-0.04922070541173592,2023,6,2,Monday
2023-06-06,TSLA,83.63,89.08,85.54,87.1,155077561,0.036411232746311084,0.035764007881657255,2023,6,2,Tuesday
2023-06-07,TSLA,88.4,86.19,82.58,84.34,56945541,-0.03168771526980474,-0.032200635540043224,2023,6,2,Wednesday
2023-06-08,TSLA,88.51,91.21,86.68,88.16,117931537,0.045292862224330044,0.04429709708619051,2023,6,2,Thursday
2023-06-09,TSLA,88.91,88.37,85.16,86.69,96428880,-0.016674228675136127,-0.01681480852405534,2023,6,2,Friday
2023-06-12,TSLA,86.79,84.8,80.83,83.03,73344919,-0.04221940246856615,-0.04313654860660977,2023,6,2,Monday
2023-06-13,TSLA,81.7,83.82,79.69,81.55,108168912,-0.017824882572564205,-0.01798565920691644,2023,6,2,Tuesday
2023-06-14,TSLA,80.91,75.59,70.7,73.21,66705749,-0.1022685469037401,-0.10788430540847163,2023,6,2,Wednesday
2023-06-15,TSLA,73.02,74.96,70.46,72.82,86941334,-0.005327141100942456,-0.005341380911263885,2023,6,2,Thursday
2023-06-16,TSLA,72.34,73.73,69.83,72.28,78698812,-0.007415545179895511,-0.007443177023259519,2023,6,2,Friday
2023-06-19,TSLA,72.27,75.77,73.22,74.73,86076187,0.03389596015495311,0.03333415221817115,2023,6,2,Monday
2023-06-20,TSLA,76.36,71.37,66.03,69.15,97878473,-0.07466880770774786,-0.0776035598314315,2023,6,2,Tuesday
2023-06-21,TSLA,70.21,73.0,71.58,72.48,73736666,0.04815618221258133,0.04703260362395666,2023,6,2,Wednesday
2023-06-22,TSLA,72.34,76.05,73.46,74.93,160312317,0.033802428256070716,0.03324368264149554,2023,6,2,Thursday
2023-06-23,TSLA,73.81,79.97,77.81,78.83,115949546,0.05204857867342838,0.050739290695597364,2023,6,2,Friday
2023-06-26,TSLA,80.13,81.2,76.12,78.63,171321017,-0.00253710516300909,-0.0025403290683922853,2023,6,2,Monday
2023-06-27,TSLA,78.58,84.12,80.78,81.93,95311092,0.041968714231209514,0.041111918150298715,2023,6,2,Tuesday
2023-06-28,TSLA,80.19,79.51,74.4,77.1,84820155,-0.05895276455510812,-0.06076194358443963,2023,6,2,Wednesday
2023-06-29,TSLA,77.78,81.48,77.41,79.35,169473211,0.029182879377431803,0.028765166403134174,2023,6,2,Thursday
2023-06-30,TSLA,80.35,79.15,74.97,76.85,84078615,-0.031505986137366104,-0.03201297698781322,2023,6,2,Friday
2023-07-03,TSLA,74.56,72.98,69.53,71.79,94791768,-0.06584255042290166,-0.06811027939621311,2023,7,3,Monday
2023-07-04,TSLA,71.07,69.64,67.63,68.53,124112003,-0.04541022426521801,-0.046473584990659345,2023,7,3,Tuesday
2023-07-05,TSLA,68.44,69.5,67.09,68.52,68982472,-0.00014592149423620082,-0.0001459321418132604,2023,7,3,Wednesday
2023-07-06,TSLA,69.14,68.35,65.0,66.22,123786535,-0.03356684179801517,-0.034143141336818936,2023,7,3,Thursday
2023-07-07,TSLA,65.8,69.45,66.04,67.21,119125112,0.014950166112956742,0.014839513862774217,2023,7,3,Friday
2023-07-10,TSLA,66.53,63.07,61.7,62.39,146345136,-0.07171551852402902,-0.07441703985917936,2023,7,3,Monday
2023-07-11,TSLA,62.95,59.06,55.46,57.16,130605788,-0.08382753646417707,-0.08755065306102845,2023,7,3,Tuesday
2023-07-12,TSLA,56.83,61.5,59.56,60.44,147697120,0.05738278516445061,0.055796784342872115,2023,7,3,Wednesday
2023-07-13,TSLA,60.84,63.12,62.19,62.69,96741610,0.037227001985440156,0.03655080788133838,2023,7,3,Thursday
2023-07-14,TSLA,61.83,60.57,59.32,60.03,77197655,-0.04243100973041947,-0.04335750802212536,2023,7,3,Friday
2023-07-17,TSLA,59.03,61.03,58.12,59.99,188324362,-0.0006663334999167381,-0.0006665555987500361,2023,7,3,Monday
2023-07-18,TSLA,60.55,63.36,61.02,62.52,63254198,0.04217369561593598,0.041308623888274124,2023,7,3,Tuesday
2023-07-19,TSLA,62.72,65.76,61.76,63.58,65184144,0.016954574536148348,0.0168124499293807,2023,7,3,Wednesday
2023-07-20,TSLA,64.3,65.09,63.1,63.93,118475785,0.005504875747090354,0.00548977929597889,2023,7,3,Thursday
2023-07-21,TSLA,63.52,69.03,65.27,66.84,162823371,0.04551853589863919,0.04451296894855755,2023,7,3,Friday
2023-07-24,TSLA,66.18,66.26,64.01,64.84,105851317,-0.029922202274087373,-0.03037900685971761,2023,7,3,Monday
2023-07-25,TSLA,65.92,66.06,63.16,64.89,134957686,0.0007711289327574367,0.000770831765601617,2023,7,3,Tuesday
2023-07-26,TSLA,63.68,66.66,63.38,64.82,54950312,-0.0010787486515643208,-0.0010793309196759054,2023,7,3,Wednesday
2023-07-27,TSLA,65.81,65.8,62.84,64.07,86082548,-0.011570502931194104,-0.011637962062471153,2023,7,3,Thursday
2023-07-28,TSLA,65.11,64.0,62.02,63.03,56996270,-0.016232245980958182,-0.01636543212591131,2023,7,3,Friday
2023-07-31,TSLA,63.69,64.79,61.49,63.19,126380029,0.0025384737426621395,0.0025352572603450666,2023,7,3,Monday
2023-08-01,TSLA,62.65,64.96,60.0,63.25,62865705,0.0009495173286913072,0.000949066822265783,2023,8,3,Tuesday
2023-08-02,TSLA,62.61,63.56,58.86,60.56,68157726,-0.0425296442687747,-0.04346051847843628,2023,8,3,Wednesday
2023-08-03,TSLA,60.41,63.95,61.69,62.56,116673303,0.03302509907529716,0.03249148710786224,2023,8,3,Thursday
2023-08-04,TSLA,61.56,61.95,57.35,60.08,137512867,-0.03964194373401542,-0.04044908878117641,2023,8,3,Friday
2023-08-07,TSLA,59.37,60.5,58.39,59.52,95342889,-0.009320905459387352,-0.009364616931042746,2023,8,3,Monday
2023-08-08,TSLA,59.99,59.34,57.78,58.78,118655215,-0.012432795698924748,-0.012510729534065148,2023,8,3,Tuesday
2023-08-09,TSLA,59.25,61.58,57.09,59.62,117508025,0.014290575025518892,0.0141894272591541,2023,8,3,Wednesday
2023-08-10,TSLA,58.85,56.5,53.18,54.64,93741606,-0.08352901710835281,-0.08722487298739066,2023,8,3,Thursday
2023-08-11,TSLA,55.09,58.38,55.36,56.64,72006654,0.03660322108345526,0.03594923412292962,2023,8,3,Friday
2023-08-14,TSLA,56.96,56.75,53.06,55.07,118467375,-0.027718926553672363,-0.028110346111074245,2023,8,3,Monday
2023-08-15,TSLA,56.09,59.19,57.1,57.87,120193013,0.05084437988015256,0.0495940123113573,2023,8,3,Tuesday
2023-08-16,TSLA,58.27,58.93,55.52,56.72,130761820,-0.019872127181613908,-0.02007223336187529,2023,8,3,Wednesday
2023-08-17,TSLA,57.46,57.77,55.85,56.58,109814229,-0.0024682651622003338,-0.0024713163504509836,2023,8,3,Thursday
2023-08-18,TSLA,56.91,62.05,60.24,61.17,70430063,0.08112407211028638,0.07800130738105243,2023,8,3,Friday
2023-08-21,TSLA,61.9,61.66,58.95,60.45,123010809,-0.011770475723393847,-0.011840296193671846,2023,8,3,Monday
2023-08-22,TSLA,59.49,65.77,61.47,63.57,99958576,0.05161290322580636,0.05032508388751563,2023,8,3,Tuesday
2023-08-23,TSLA,63.47,65.34,62.4,63.64,86517694,0.0011011483404121947,0.0011005425212687757,2023,8,3,Wednesday
2023-08-24,TSLA,63.61,65.56,63.7,64.7,91540311,0.016656191074795768,0.016518998037268803,2023,8,3,Thursday
2023-08-25,TSLA,64.51,67.67,62.14,64.86,81295692,0.0024729520865531818,0.002469899372316889,2023,8,3,Friday
2023-08-28,TSLA,65.21,69.83,64.88,67.12,130558750,0.034844279987665816,0.0342509612797789,2023,8,3,Monday
2023-08-29,TSLA,67.65,67.49,63.1,65.24,65348583,-0.028009535160905985,-0.028409284406137766,2023,8,3,Tuesday
2023-08-30,TSLA,65.55,64.23,60.4,62.63,74226735,-0.040006131207847795,-0.040828381215491476,2023,8,3,Wednesday
2023-08-31,TSLA,62.5,62.37,59.24,60.99,90607620,-0.026185534089094742,-0.02653448022895659,2023,8,3,Thursday
2023-09-01,TSLA,60.44,62.73,58.92,61.21,162275489,0.003607148712903685,0.003600658554613446,2023,9,3,Friday
2023-09-04,TSLA,62.04,63.15,58.85,60.63,137202007,-0.009475575886293108,-0.009520754779339159,2023,9,3,Monday
2023-09-05,TSLA,60.89,64.47,60.8,62.39,61124816,0.02902853372917691,0.028615186039055586,2023,9,3,Tuesday
2023-09-06,TSLA,61.61,67.9,63.57,65.79,149990853,0.05449591280653965,0.053062844975211666,2023,9,3,Wednesday
2023-09-07,TSLA,65.63,64.86,61.9,63.19,149904174,-0.03951968384252935,-0.040321790312542724,2023,9,3,Thursday
2023-09-08,TSLA,61.83,61.84,60.17,61.29,70313772,-0.030068048741889508,-0.030529363287723477,2023,9,3,Friday
2023-09-11,TSLA,61.31,59.56,56.75,57.76,46933546,-0.05759503997389459,-0.05932020291306958,2023,9,3,Monday
2023-09-12,TSLA,57.62,63.69,61.7,62.74,97856654,0.0862188365650971,0.08270270817796144,2023,9,3,Tuesday
2023-09-13,TSLA,62.3,64.24,62.48,63.5,140035716,0.012113484220592996,0.012040703136113945,2023,9,3,Wednesday
2023-09-14,TSLA,64.74,66.68,62.45,64.73,161184355,0.019370078740157615,0.019184866658772986,2023,9,3,Thursday
2023-09-15,TSLA,63.81,63.49,59.17,61.25,77008977,-0.05376177970029361,-0.05526092313258254,2023,9,3,Friday
2023-09-18,TSLA,61.78,64.07,58.18,61.22,169146282,-0.0004897959183673972,-0.0004899159075699693,2023,9,3,Monday
2023-09-19,TSLA,62.86,64.41,61.07,62.48,51253836,0.0205815093106827,0.020372572014163995,2023,9,3,Tuesday
2023-09-20,TSLA,63.31,63.76,59.8,61.81,89546227,-0.010723431498079306,-0.010781341860248494,2023,9,3,Wednesday
2023-09-21,TSLA,61.79,67.1,63.25,64.57,88235289,0.04465296877527902,0.043684742967193615,2023,9,3,Thursday
2023-09-22,TSLA,63.67,73.35,67.82,70.94,141298022,0.09865262505807659,0.09408454270710023,2023,9,3,Friday
2023-09-25,TSLA,69.76,69.01,67.26,68.22,147622881,-0.038342261065689276,-0.03909667235497606,2023,9,3,Monday
2023-09-26,TSLA,67.87,67.4,64.19,65.39,133144803,-0.04148343594253878,-0.04236843541731503,2023,9,3,Tuesday
2023-09-27,TSLA,64.84,64.12,62.51,63.05,66686675,-0.035785288270377746,-0.03644127916225602,2023,9,3,Wednesday
2023-09-28,TSLA,62.5,67.92,66.59,67.31,129535619,0.06756542426645518,0.06538075161169316,2023,9,3,Thursday
2023-09-29,TSLA,67.04,71.32,69.36,70.22,116499010,0.043232803446738854,0.04232435671766434,2023,9,3,Friday
2023-10-02,TSLA,70.13,71.6,66.63,69.8,60570009,-0.0059812019367702085,-0.005999160971959454,2023,10,4,Monday
2023-10-03,TSLA,70.21,72.01,68.19,69.87,53788841,0.001002865329513103,0.001002362796032739,2023,10,4,Tuesday
2023-10-04,TSLA,68.81,70.55,64.26,67.54,136533085,-0.03334764562759407,-0.03391635760693765,2023,10,4,Wednesday
2023-10-05,TSLA,66.98,72.82,67.07,70.02,94740388,0.036718981344388446,0.036060900569097915,2023,10,4,Thursday
2023-10-06,TSLA,69.88,71.25,66.57,68.91,68007334,-0.015852613538988813,-0.015979610157402995,2023,10,4,Friday
2023-10-09,TSLA,68.74,69.42,67.45,68.15,93945855,-0.011028878246988727,-0.011090147226574854,2023,10,4,Monday
2023-10-10,TSLA,69.68,73.0,66.2,69.84,111539915,0.024798239178283055,0.024495753388805004,2023,10,4,Tuesday
2023-10-11,TSLA,70.04,71.82,66.54,69.27,97545101,-0.008161512027491491,-0.008194999496833168,2023,10,4,Wednesday
2023-10-12,TSLA,67.9,72.03,66.16,68.58,62776094,-0.009961022087483729,-0.010010964999739361,2023,10,4,Thursday
2023-10-13,TSLA,68.93,69.54,67.66,68.58,176062185,0.0,0.0,2023,10,4,Friday
2023-10-16,TSLA,69.04,72.02,69.52,70.81,135156798,0.032516768737241186,0.0319992866289083,2023,10,4,Monday
2023-10-17,TSLA,70.71,77.87,72.05,75.72,90428270,0.06934048863154918,0.06704209267743948,2023,10,4,Tuesday
2023-10-18,TSLA,74.59,78.52,76.02,77.52,91527711,0.023771790808240878,0.023493641241388682,2023,10,4,Wednesday
2023-10-19,TSLA,79.2,81.58,78.19,80.08,111387643,0.03302373581011353,0.03249016742445437,2023,10,4,Thursday
2023-10-20,TSLA,79.03,80.71,76.87,79.39,71256337,-0.008616383616383616,-0.00865371926994312,2023,10,4,Friday
2023-10-23,TSLA,80.04,78.18,76.18,77.09,110164325,-0.02897090313641515,-0.029398845265851185,2023,10,4,Monday
2023-10-24,TSLA,77.28,79.8,78.15,79.15,67084328,0.0267220132312882,0.026371215855850425,2023,10,4,Tuesday
2023-10-25,TSLA,79.73,83.27,76.67,79.67,97906204,0.006569804169298754,0.006548317065253476,2023,10,4,Wednesday
2023-10-26,TSLA,81.34,77.23,72.11,75.13,70428551,-0.05698506338646925,-0.058673157011205505,2023,10,4,Thursday
2023-10-27,TSLA,75.65,76.07,70.13,74.09,71503399,-0.013842672700652092,-0.013939375952503582,2023,10,4,Friday
2023-10-30,TSLA,73.58,75.74,71.87,73.81,163839447,-0.003779187474692969,-0.003786346646604604,2023,10,4,Monday
2023-10-31,TSLA,74.81,73.63,71.01,72.25,101792655,-0.021135347513887015,-0.021361896789419434,2023,10,4,Tuesday
2023-11-01,TSLA,71.69,79.15,74.84,76.74,106419851,0.062145328719723114,0.06029075782626472,2023,11,4,Wednesday
2023-11-02,TSLA,76.89,80.1,75.73,78.22,54694121,0.01928590044305456,0.019102284508561825,2023,11,4,Thursday
2023-11-03,TSLA,76.98,83.25,81.52,82.71,83602185,0.05740219892610576,0.05581514437644692,2023,11,4,Friday
2023-11-06,TSLA,81.66,86.6,80.08,83.57,114839307,0.010397775359690442,0.010344090309529689,2023,11,4,Monday
2023-11-07,TSLA,83.62,87.4,81.58,83.81,105997029,0.002871843963144771,0.0028677280974701252,2023,11,4,Tuesday
2023-11-08,TSLA,84.19,81.93,78.79,80.62,52402863,-0.03806228373702414,-0.03880557442179501,2023,11,4,Wednesday
2023-11-09,TSLA,78.94,82.93,78.27,80.63,106411277,0.00012403870007426931,0.00012403100791078865,2023,11,4,Thursday
2023-11-10,TSLA,81.12,82.61,78.45,80.64,111624194,0.0001240233163835036,0.000124015626127841,2023,11,4,Friday
2023-11-13,TSLA,79.82,77.41,75.01,76.21,146980332,-0.05493551587301593,-0.056502116645032456,2023,11,4,Monday
2023-11-14,TSLA,77.41,75.88,72.96,74.51,82154436,-0.022306783886628878,-0.022559343112389774,2023,11,4,Tuesday
2023-11-15,TSLA,74.19,75.57,71.74,73.5,51036934,-0.013555227486243493,-0.013647938346845181,2023,11,4,Wednesday
2023-11-16,TSLA,72.49,76.14,73.1,74.72,74153625,0.016598639455782216,0.016462387701796092,2023,11,4,Thursday
2023-11-17,TSLA,74.79,78.95,73.55,76.12,71955701,0.01873661670235549,0.01856324850736159,2023,11,4,Friday
2023-11-20,TSLA,75.26,76.78,72.04,74.29,124733922,-0.024040987913820255,-0.02433468926423385,2023,11,4,Monday
2023-11-21,TSLA,75.45,76.65,74.21,75.7,44263004,0.018979674249562484,0.01880180727968819,2023,11,4,Tuesday
2023-11-22,TSLA,75.7,75.64,74.12,75.1,87414681,-0.0079260237780715,-0.0079576016733142,2023,11,4,Wednesday
2023-11-23,TSLA,74.96,67.59,65.78,66.75,153378516,-0.11118508655126491,-0.11786626148973008,2023,11,4,Thursday
2023-11-24,TSLA,67.23,66.71,64.6,65.41,100216608,-0.020074906367041234,-0.020279145307237574,2023,11,4,Friday
2023-11-27,TSLA,64.6,70.83,66.07,68.33,130851779,0.04464149212658608,0.04367375681956548,2023,11,4,Monday
2023-11-28,TSLA,67.25,66.35,62.23,63.76,61107260,-0.0668813112834773,-0.06922287431072738,2023,11,4,Tuesday
2023-11-29,TSLA,64.08,67.36,62.32,64.02,61841417,0.004077791718946067,0.004069500059757418,2023,11,4,Wednesday
2023-11-30,TSLA,63.16,70.68,66.39,68.29,153906138,0.06669790690409272,0.06456780843128113,2023,11,4,Thursday
2023-12-01,TSLA,67.36,67.47,65.2,66.16,103083031,-0.031190511055791625,-0.031687292257562165,2023,12,4,Friday
2023-12-04,TSLA,66.84,67.21,64.79,66.14,103146725,-0.00030229746070131736,-0.00030234316178913786,2023,12,4,Monday
2023-12-05,TSLA,66.57,63.61,60.8,62.67,71501922,-0.05246446930752946,-0.05389084331706259,2023,12,4,Tuesday
2023-12-06,TSLA,61.71,68.03,66.09,66.96,103069622,0.06845380564863568,0.06621256194463575,2023,12,4,Wednesday
2023-12-07,TSLA,66.45,69.01,63.57,66.7,70908400,-0.0038829151732375777,-0.0038904732596416695,2023,12,4,Thursday
2023-12-08,TSLA,65.96,68.08,65.11,66.8,142769482,0.0014992503748125774,0.0014981276210219918,2023,12,4,Friday
2023-12-11,TSLA,68.26,72.23,69.17,70.58,226675481,0.0565868263473055,0.055043737704524066,2023,12,4,Monday
2023-12-12,TSLA,71.37,74.42,70.67,72.49,115625035,0.027061490507225727,0.026701803065662274,2023,12,4,Tuesday
2023-12-13,TSLA,72.11,70.81,68.83,69.9,82655905,-0.035729066078079574,-0.03638297207302166,2023,12,4,Wednesday
2023-12-14,TSLA,70.4,71.1,66.23,68.04,46762083,-0.026609442060085864,-0.02696988171210359,2023,12,4,Thursday
2023-12-15,TSLA,66.91,70.16,68.91,69.41,60330088,0.020135214579658944,0.019935181823831243,2023,12,4,Friday
2023-12-18,TSLA,68.83,68.14,66.91,67.63,159433791,-0.02564471978101135,-0.02597927776464372,2023,12,4,Monday
2023-12-19,TSLA,67.71,62.84,60.65,61.98,73435879,-0.08354280644684309,-0.08723991922724637,2023,12,4,Tuesday
2023-12-20,TSLA,62.33,63.53,59.52,61.82,89471462,-0.0025814778960954188,-0.0025848156556318325,2023,12,4,Wednesday
2023-12-21,TSLA,61.75,59.48,56.78,58.16,121725435,-0.059204141054674975,-0.061029103478706444,2023,12,4,Thursday
2023-12-22,TSLA,58.34,63.52,60.97,62.11,156000174,0.06791609353507577,0.0657091733459478,2023,12,4,Friday
2023-12-25,TSLA,62.17,63.45,60.77,62.53,94188124,0.0067621961036870015,0.006739435007994933,2023,12,4,Monday
2023-12-26,TSLA,62.41,60.81,59.59,60.23,88567956,-0.03678234447465223,-0.0374758745235769,2023,12,4,Tuesday
2023-12-27,TSLA,60.01,61.34,56.02,58.51,102171880,-0.02855719740992857,-0.028972887255484935,2023,12,4,Wednesday
2023-12-28,TSLA,58.2,54.71,53.12,54.13,82837332,-0.07485899846180133,-0.07780911899125813,2023,12,4,Thursday
2023-12-29,TSLA,54.28,52.22,51.26,51.72,84185645,-0.044522445963421475,-0.04554400690522988,2023,12,4,Friday
2024-01-01,TSLA,51.98,55.43,52.92,53.9,113152245,0.04215003866976019,0.04128592401129469,2024,1,1,Monday
2024-01-02,TSLA,54.03,59.7,58.34,59.03,105716146,0.09517625231910953,0.09091531133764659,2024,1,1,Tuesday
2024-01-03,TSLA,58.17,61.6,60.1,60.78,189549798,0.029645942740979203,0.029214998236049054,2024,1,1,Wednesday
2024-01-04,TSLA,60.04,61.87,58.08,60.53,114071429,-0.0041131951299769876,-0.004121677585051166,2024,1,1,Thursday
2024-01-05,TSLA,60.82,61.13,57.55,59.44,141247525,-0.018007599537419483,-0.018171709494092164,2024,1,1,Friday
2024-01-08,TSLA,60.51,58.19,56.35,57.13,72514361,-0.03886271870794067,-0.039638027673132445,2024,1,1,Monday
2024-01-09,TSLA,57.24,63.62,60.8,62.13,117063599,0.08751969193068443,0.08389959133923135,2024,1,1,Tuesday
2024-01-10,TSLA,61.82,63.75,60.35,61.63,80501497,-0.008047642040882041,-0.008080199101450726,2024,1,1,Wednesday
2024-01-11,TSLA,61.8,67.96,66.54,67.17,112595997,0.08989128671101732,0.08607795430462133,2024,1,1,Thursday
2024-01-12,TSLA,66.24,71.95,69.9,71.09,122943458,0.05835938663093643,0.05671996066261858,2024,1,1,Friday
2024-01-15,TSLA,72.23,67.67,63.78,66.17,101507312,-0.06920804613869747,-0.07171949191742366,2024,1,1,Monday
2024-01-16,TSLA,66.32,66.22,62.09,64.36,205895323,-0.027353785703491007,-0.02773486589978565,2024,1,1,Tuesday
2024-01-17,TSLA,63.83,64.15,60.8,62.59,153479056,-0.02750155376009933,-0.02788680118757225,2024,1,1,Wednesday
2024-01-18,TSLA,62.46,63.53,60.95,62.36,142357825,-0.0036747084198754942,-0.003681476747034442,2024,1,1,Thursday
2024-01-19,TSLA,61.96,63.05,61.46,62.18,125770151,-0.0028864656831302238,-0.0028906395589680294,2024,1,1,Friday
2024-01-22,TSLA,63.18,71.55,67.65,70.26,169724821,0.1299453200385976,0.1221692422070732,2024,1,1,Monday
2024-01-23,TSLA,70.09,68.51,64.95,67.2,64979991,-0.043552519214346774,-0.04452939930857718,2024,1,1,Tuesday
2024-01-24,TSLA,67.33,68.91,66.48,67.81,150845347,0.009077380952380976,0.009036429166646915,2024,1,1,Wednesday
2024-01-25,TSLA,68.28,71.24,68.15,69.51,74276669,0.025070048665388533,0.024760950416643727,2024,1,1,Thursday
2024-01-26,TSLA,68.88,70.88,68.38,69.47,84425412,-0.0005754567688103229,-0.0005756224076050664,2024,1,1,Friday
2024-01-29,TSLA,69.64,73.16,66.68,69.76,118343086,0.0041744637973226695,0.00416577489593473,2024,1,1,Monday
2024-01-30,TSLA,69.99,70.08,64.66,66.81,144768546,-0.042287844036697275,-0.04320800966333827,2024,1,1,Tuesday
2024-01-31,TSLA,65.53,68.55,65.33,67.07,70746084,0.003891632989073246,0.0038840801742596664,2024,1,1,Wednesday
2024-02-01,TSLA,67.28,70.67,65.7,68.46,85747482,0.020724616072759883,0.02051278299039349,2024,2,1,Thursday
2024-02-02,TSLA,68.42,72.39,65.45,69.35,102969189,0.01300029214139653,0.012916513658801417,2024,2,1,Friday
2024-02-05,TSLA,69.46,72.07,70.21,70.96,94562442,0.02321557317952405,0.022950191240483357,2024,2,1,Monday
2024-02-06,TSLA,70.99,76.93,72.97,75.15,129202353,0.05904735062006772,0.05736977819765952,2024,2,1,Tuesday
2024-02-07,TSLA,75.39,79.97,75.99,78.05,280324671,0.03858948769128401,0.037863530762457485,2024,2,1,Wednesday
2024-02-08,TSLA,79.34,78.9,77.27,78.25,113405103,0.002562459961563235,0.0025591824588216613,2024,2,1,Thursday
2024-02-09,TSLA,77.11,75.81,72.87,74.55,80207037,-0.04728434504792334,-0.048438788209515186,2024,2,1,Friday
2024-02-12,TSLA,74.24,73.67,71.63,72.71,67776646,-0.024681421864520492,-0.024991114548782,2024,2,1,Monday
2024-02-13,TSLA,73.3,74.01,68.13,72.02,90703324,-0.009489753816531388,-0.009535068441236246,2024,2,1,Tuesday
2024-02-14,TSLA,72.45,74.97,70.53,72.74,75421714,0.009997222993612942,0.009947581338113855,2024,2,1,Wednesday
2024-02-15,TSLA,73.15,72.77,67.99,71.3,115057859,-0.019796535606268928,-0.019995112138592747,2024,2,1,Thursday
2024-02-16,TSLA,73.71,70.23,66.47,68.59,114523114,-0.03800841514726494,-0.0387495759090201,2024,2,1,Friday
2024-02-19,TSLA,69.11,66.57,64.24,65.3,87027113,-0.047966175827380164,-0.049154715228844716,2024,2,1,Monday
2024-02-20,TSLA,66.21,63.0,58.85,61.01,181391320,-0.06569678407350688,-0.06795425111862428,2024,2,1,Tuesday
2024-02-21,TSLA,60.78,61.03,59.6,60.4,80201000,-0.00999836092443862,-0.010048680222991817,2024,2,1,Wednesday
2024-02-22,TSLA,59.66,57.63,56.42,56.84,96480495,-0.05894039735099332,-0.06074880171186932,2024,2,1,Thursday
2024-02-23,TSLA,56.62,55.54,53.06,54.54,121136618,-0.04046446164672768,-0.04130592581145744,2024,2,1,Friday
2024-02-26,TSLA,55.01,55.29,51.96,53.64,130684582,-0.01650165016501648,-0.01663931900396467,2024,2,1,Monday
2024-02-27,TSLA,53.91,52.08,49.57,50.76,146707842,-0.05369127516778527,-0.0551864155672909,2024,2,1,Tuesday
2024-02-28,TSLA,51.01,52.29,50.97,51.54,113717707,0.015366430260047359,0.01524956237803217,2024,2,1,Wednesday
2024-02-29,TSLA,51.4,54.42,52.15,53.1,137063455,0.030267753201397074,0.02981872302367424,2024,2,1,Thursday
2024-03-01,TSLA,52.85,53.18,51.32,51.89,81911363,-0.022787193973634712,-0.023050834868244944,2024,3,1,Friday
2024-03-04,TSLA,51.78,51.43,50.45,50.95,131708977,-0.01811524378492957,-0.018281333710914352,2024,3,1,Monday
2024-03-05,TSLA,51.4,53.72,50.78,52.06,131182427,0.02178606476938172,0.02155213989768547,2024,3,1,Tuesday
2024-03-06,TSLA,52.6,51.3,50.0,50.54,157438701,-0.02919708029197088,-0.02963179760637123,2024,3,1,Wednesday
2024-03-07,TSLA,49.92,49.98,48.18,48.92,60620880,-0.03205381875741986,-0.032578791141076556,2024,3,1,Thursday
2024-03-08,TSLA,49.38,53.19,49.72,51.36,76173623,0.04987735077677846,0.04867334856273418,2024,3,1,Friday
2024-03-11,TSLA,50.95,55.3,51.75,53.23,128010523,0.03640965732087231,0.035762487802960326,2024,3,1,Monday
2024-03-12,TSLA,53.53,55.84,53.27,54.53,45139642,0.024422318241593244,0.024128861753304334,2024,3,1,Tuesday
2024-03-13,TSLA,54.4,57.63,55.82,56.61,115905133,0.03814414083990458,0.037434639110598286,2024,3,1,Wednesday
2024-03-14,TSLA,57.7,53.23,51.2,52.19,137429562,-0.0780780780780781,-0.08129474239324669,2024,3,1,Thursday
2024-03-15,TSLA,51.92,56.94,53.55,55.14,84121115,0.056524238359838996,0.054984499940328765,2024,3,1,Friday
2024-03-18,TSLA,55.26,56.97,55.08,56.0,87892386,0.015596663039535663,0.015476285139498488,2024,3,1,Monday
2024-03-19,TSLA,56.42,59.46,57.38,58.35,72452341,0.041964285714285676,0.04110766799741572,2024,3,1,Tuesday
2024-03-20,TSLA,57.72,61.0,57.67,59.25,85516218,0.015424164524421524,0.015306421282675507,2024,3,1,Wednesday
2024-03-21,TSLA,59.2,60.24,58.45,59.34,86262902,0.0015189873417722488,0.0015178348474352771,2024,3,1,Thursday
2024-03-22,TSLA,59.15,59.54,57.76,58.65,81476758,-0.011627906976744318,-0.011696039763191411,2024,3,1,Friday
2024-03-25,TSLA,58.28,60.2,58.93,59.52,80147343,0.014833759590793028,0.014724815425352143,2024,3,1,Monday
2024-03-26,TSLA,59.19,60.03,57.03,58.73,92191575,-0.013272849462365732,-0.013361720990408454,2024,3,1,Tuesday
2024-03-27,TSLA,59.54,62.26,59.25,60.83,91857539,0.035756853396901045,0.035132418798185835,2024,3,1,Wednesday
2024-03-28,TSLA,60.39,59.27,55.03,56.98,175459764,-0.06329113924050633,-0.06538275926285174,2024,3,1,Thursday
2024-03-29,TSLA,57.38,57.31,53.91,55.71,88846898,-0.022288522288522183,-0.02254066503703801,2024,3,1,Friday
2024-04-01,TSLA,55.92,62.24,59.04,60.55,110876309,0.08687847783162805,0.08330980596637712,2024,4,2,Monday
2024-04-02,TSLA,59.51,60.79,56.85,58.99,84108303,-0.025763831544178273,-0.02610153198411726,2024,4,2,Tuesday
2024-04-03,TSLA,59.36,60.64,56.88,58.39,83788138,-0.010171215460247574,-0.010223295719537739,2024,4,2,Wednesday
2024-04-04,TSLA,57.37,58.37,54.68,56.29,59970874,-0.03596506251070386,-0.036627742819511,2024,4,2,Thursday
2024-04-05,TSLA,56.72,59.18,55.87,57.04,62412171,0.013323858589447513,0.013235876630105291,2024,4,2,Friday
2024-04-08,TSLA,56.69,56.64,54.11,55.33,69621310,-0.029978962131837372,-0.03043751919602218,2024,4,2,Monday
2024-04-09,TSLA,55.33,56.09,53.57,54.88,105665583,-0.008133020061449447,-0.00816627349238856,2024,4,2,Tuesday
2024-04-10,TSLA,54.01,58.54,55.2,56.8,138106107,0.03498542274052463,0.03438734230947573,2024,4,2,Wednesday
2024-04-11,TSLA,56.88,55.94,54.48,55.17,58508428,-0.028697183098591483,-0.029116998442766183,2024,4,2,Thursday
2024-04-12,TSLA,55.8,57.86,55.92,56.96,84812856,0.03244516947616449,0.031929939819380825,2024,4,2,Friday
2024-04-15,TSLA,56.39,59.44,58.0,58.88,66360564,0.03370786516853941,0.03315220731690055,2024,4,2,Monday
2024-04-16,TSLA,58.44,62.2,61.04,61.45,92377833,0.04364809782608692,0.042722361591422994,2024,4,2,Tuesday
2024-04-17,TSLA,61.8,64.17,59.58,61.78,138089363,0.005370219690805422,0.00535585147839171,2024,4,2,Wednesday
2024-04-18,TSLA,62.15,72.82,67.67,70.52,87453346,0.14146973130462914,0.13231667003923367,2024,4,2,Thursday
2024-04-19,TSLA,68.41,75.78,71.75,73.6,98584603,0.04367555303460002,0.04274866820516099,2024,4,2,Friday
2024-04-22,TSLA,75.42,75.95,73.48,74.55,154738826,0.012907608695652106,0.012825015475916805,2024,4,2,Monday
2024-04-23,TSLA,75.03,74.33,70.27,71.89,114725287,-0.035680751173708836,-0.036332868214967166,2024,4,2,Tuesday
2024-04-24,TSLA,72.51,74.75,68.67,71.58,79610232,-0.004312143552649861,-0.004321467657900401,2024,4,2,Wednesday
2024-04-25,TSLA,71.45,78.54,74.19,75.85,104882929,0.05965353450684541,0.05794200045666143,2024,4,2,Thursday
2024-04-26,TSLA,74.12,84.05,78.68,81.31,78015340,0.07198417930125256,0.06951130442520499,2024,4,2,Friday
2024-04-29,TSLA,81.98,89.11,84.35,86.35,113444620,0.06198499569548632,0.06013979437294136,2024,4,2,Monday
2024-04-30,TSLA,85.75,91.13,87.52,89.13,116719337,0.03219455703532148,0.03168717354993847,2024,4,2,Tuesday
2024-05-01,TSLA,89.72,88.31,82.5,84.62,66355209,-0.05060024683047226,-0.05192533285070446,2024,5,2,Wednesday
2024-05-02,TSLA,84.4,88.71,81.91,86.29,105394980,0.01973528716615469,0.01954307122829484,2024,5,2,Thursday
2024-05-03,TSLA,86.54,84.09,80.23,81.98,96534282,-0.0499478502723375,-0.051238401444024674,2024,5,2,Friday
2024-05-06,TSLA,81.2,79.12,75.05,77.1,117751138,-0.059526713832642186,-0.06137203450690778,2024,5,2,Monday
2024-05-07,TSLA,77.92,79.61,76.09,77.82,128326051,0.009338521400778177,0.009295186987123677,2024,5,2,Tuesday
2024-05-08,TSLA,76.69,81.01,78.23,79.47,115400082,0.021202775636083304,0.020981124395680548,2024,5,2,Wednesday
2024-05-09,TSLA,81.67,85.92,79.24,82.43,91305605,0.037246759783566175,0.03656985637304817,2024,5,2,Thursday
2024-05-10,TSLA,84.7,86.49,81.39,84.09,132312849,0.020138299162925977,0.019938205519670314,2024,5,2,Friday
2024-05-13,TSLA,85.78,88.33,84.14,85.9,76957348,0.02152455702223821,0.021296175145403214,2024,5,2,Monday
2024-05-14,TSLA,87.25,84.05,80.24,82.47,67290131,-0.039930151338766096,-0.04074923814494574,2024,5,2,Tuesday
2024-05-15,TSLA,82.39,83.51,79.52,82.08,38343467,-0.004728992360858553,-0.004740209422804691,2024,5,2,Wednesday
2024-05-16,TSLA,83.26,78.07,76.06,77.14,97917755,-0.06018518518518512,-0.0620724286423776,2024,5,2,Thursday
2024-05-17,TSLA,77.05,72.75,69.03,71.03,78155955,-0.07920663728286237,-0.08251962977036319,2024,5,2,Friday
2024-05-20,TSLA,69.67,74.93,70.53,73.18,112673756,0.030268900464592408,0.029819836581342136,2024,5,2,Monday
2024-05-21,TSLA,74.54,73.21,68.52,70.93,55356936,-0.030746105493304143,-0.03122868437706533,2024,5,2,Tuesday
2024-05-22,TSLA,71.91,74.71,72.48,73.48,82353142,0.035950937544057426,0.03531978513292943,2024,5,2,Wednesday
2024-05-23,TSLA,73.45,78.71,73.73,76.86,115151788,0.0459989112683723,0.04497232478977293,2024,5,2,Thursday
2024-05-24,TSLA,75.7,77.51,71.79,74.9,73421686,-0.025500910746812266,-0.02583169461352396,2024,5,2,Friday
2024-05-27,TSLA,74.36,78.18,75.55,76.7,113063228,0.024032042723631575,0.023747817850036775,2024,5,2,Monday
2024-05-28,TSLA,74.98,77.29,71.72,74.62,84610926,-0.027118644067796627,-0.027493140580198732,2024,5,2,Tuesday
2024-05-29,TSLA,75.48,70.94,66.59,69.15,99020578,-0.07330474403645137,-0.0761305096822446,2024,5,2,Wednesday
2024-05-30,TSLA,67.79,71.47,67.12,69.47,119547954,0.004627621113521219,0.004616946594022215,2024,5,2,Thursday
2024-05-31,TSLA,69.72,69.45,66.81,68.12,133087830,-0.019432848711674056,-0.019624148910301963,2024,5,2,Friday
2024-06-03,TSLA,67.41,68.01,66.11,66.87,102813627,-0.018349970640046953,-0.01852041972860033,2024,6,2,Monday
2024-06-04,TSLA,65.7,73.6,71.34,72.47,78332853,0.08374457903394639,0.0804222470553028,2024,6,2,Tuesday
2024-06-05,TSLA,72.68,69.04,67.36,68.05,87161134,-0.06099075479508764,-0.062929954023715,2024,6,2,Wednesday
2024-06-06,TSLA,67.77,70.3,67.42,69.1,121056429,0.01542983100661277,0.01531200167614912,2024,6,2,Thursday
2024-06-07,TSLA,69.81,69.12,64.3,66.31,73610973,-0.040376266280752415,-0.04121401539284784,2024,6,2,Friday
2024-06-10,TSLA,65.28,69.98,67.41,68.79,94798179,0.037400090484089876,0.036717670157146505,2024,6,2,Monday
2024-06-11,TSLA,68.15,71.94,68.24,69.61,89068430,0.011920337258322311,0.01184984964265222,2024,6,2,Tuesday
2024-06-12,TSLA,67.56,74.61,68.3,70.66,96946729,0.015084039649475578,0.014971406750423985,2024,6,2,Wednesday
2024-06-13,TSLA,68.77,69.39,66.01,67.95,73875809,-0.03835267478063964,-0.0391075013338464,2024,6,2,Thursday
2024-06-14,TSLA,69.45,67.87,64.81,65.83,57373749,-0.03119941133186177,-0.0316964791173675,2024,6,2,Friday
2024-06-17,TSLA,67.51,69.94,66.13,68.34,116908662,0.03812851283609309,0.03741958520736056,2024,6,2,Monday
2024-06-18,TSLA,68.42,74.74,72.39,73.45,133541142,0.07477319285923323,0.07210965593274052,2024,6,2,Tuesday
2024-06-19,TSLA,72.71,76.07,73.35,74.88,58411786,0.019469026548672552,0.019281929549450284,2024,6,2,Wednesday
2024-06-20,TSLA,74.6,73.58,69.56,72.14,111703499,-0.03659188034188032,-0.03727815669394365,2024,6,2,Thursday
2024-06-21,TSLA,72.92,74.11,72.07,73.12,138396819,0.013584696423620812,0.013493251670501707,2024,6,2,Friday
2024-06-24,TSLA,72.66,81.72,79.68,80.73,119574965,0.10407549234135671,0.0990083262610296,2024,6,2,Monday
2024-06-25,TSLA,80.96,81.67,80.42,81.03,88249597,0.00371609067261236,0.0037092030657097123,2024,6,2,Tuesday
2024-06-26,TSLA,81.02,88.5,81.75,85.99,75348293,0.061211896828335055,0.05941155395017113,2024,6,2,Wednesday
2024-06-27,TSLA,85.39,84.63,82.31,83.38,102459091,-0.030352366554250443,-0.030822537970154263,2024,6,2,Thursday
2024-06-28,TSLA,82.85,86.01,80.6,83.2,107716815,-0.002158791076996791,-0.0021611246254878338,2024,6,2,Friday
2024-07-01,TSLA,83.5,87.62,83.88,85.3,102915929,0.02524038461538458,0.024927106670470493,2024,7,3,Monday
2024-07-02,TSLA,84.28,89.82,83.44,86.67,94739384,0.016060961313012934,0.015933348648620175,2024,7,3,Tuesday
2024-07-03,TSLA,87.15,85.73,82.81,83.95,72267511,-0.031383408330448836,-0.03188641962270375,2024,7,3,Wednesday
2024-07-04,TSLA,83.46,82.29,79.76,81.18,113519732,-0.03299583085169744,-0.03355247211279815,2024,7,3,Thursday
2024-07-05,TSLA,81.3,87.4,81.77,84.49,115171985,0.04077358955407728,0.039964272754001696,2024,7,3,Friday
2024-07-08,TSLA,85.93,92.02,86.34,88.68,106209846,0.049591667652976845,0.04840120058335743,2024,7,3,Monday
2024-07-09,TSLA,88.5,96.13,92.76,94.3,103385867,0.06337392873252123,0.061446804891300916,2024,7,3,Tuesday
2024-07-10,TSLA,95.37,104.65,99.62,101.49,165495670,0.07624602332979857,0.07347908182131505,2024,7,3,Wednesday
2024-07-11,TSLA,99.25,104.63,99.8,102.0,82918363,0.005025125628140836,0.005012541823544414,2024,7,3,Thursday
2024-07-12,TSLA,101.41,102.4,98.34,100.67,146877765,-0.01303921568627453,-0.013124972542939166,2024,7,3,Friday
2024-07-15,TSLA,100.7,110.19,102.96,106.34,80235242,0.05632263832323425,0.054793667334860414,2024,7,3,Monday
2024-07-16,TSLA,108.86,111.0,107.39,109.45,139470813,0.02924581530938508,0.02882631589267961,2024,7,3,Tuesday
2024-07-17,TSLA,106.81,108.48,102.28,105.08,144774947,-0.039926907263590716,-0.040745859151532865,2024,7,3,Wednesday
2024-07-18,TSLA,104.96,101.57,99.59,100.69,91583838,-0.04177769318614388,-0.04267547488981558,2024,7,3,Thursday
2024-07-19,TSLA,102.49,104.24,99.67,102.69,164590258,0.01986294567484359,0.01966825128268014,2024,7,3,Friday
2024-07-22,TSLA,101.7,103.96,99.88,101.9,115109166,-0.007693056772811291,-0.007722800981524441,2024,7,3,Monday
2024-07-23,TSLA,101.63,103.36,99.93,101.75,76860220,-0.0014720314033366266,-0.001473115905974782,2024,7,3,Tuesday
2024-07-24,TSLA,102.16,109.72,103.94,106.27,89382347,0.04442260442260437,0.04346420106189937,2024,7,3,Wednesday
2024-07-25,TSLA,106.51,112.1,104.95,109.57,140470693,0.0310529782629152,0.03058058903269812,2024,7,3,Thursday
2024-07-26,TSLA,111.68,119.09,112.18,115.65,131906006,0.05548964132518042,0.054004774260146424,2024,7,3,Friday
2024-07-29,TSLA,116.29,109.81,103.81,106.81,72803065,-0.07643752702118467,-0.07951683357584417,2024,7,3,Monday
2024-07-30,TSLA,108.55,110.42,105.47,107.88,95908344,0.010017788596573318,0.009967943169925091,2024,7,3,Tuesday
2024-07-31,TSLA,107.4,113.06,108.83,110.94,106295938,0.02836484983314791,0.02797001635555923,2024,7,3,Wednesday
2024-08-01,TSLA,109.93,104.99,103.11,104.17,85874661,-0.0610239769244636,-0.06296533463073098,2024,8,3,Thursday
2024-08-02,TSLA,103.88,102.83,99.6,101.37,202858786,-0.026879139867524215,-0.027246990602049125,2024,8,3,Friday
2024-08-05,TSLA,99.93,101.04,94.15,97.9,107261449,-0.03423103482292589,-0.03483063985784354,2024,8,3,Monday
2024-08-06,TSLA,98.48,102.84,94.83,97.94,98162721,0.0004085801838609182,0.0004084967377064527,2024,8,3,Tuesday
2024-08-07,TSLA,97.48,108.65,101.8,104.65,142940076,0.06851133346947114,0.06626640261783745,2024,8,3,Wednesday
2024-08-08,TSLA,103.78,116.59,110.99,113.63,89622474,0.0858098423315814,0.08232610703790892,2024,8,3,Thursday
2024-08-09,TSLA,114.33,111.56,107.88,109.86,135287002,-0.03317785796004569,-0.0337407280154433,2024,8,3,Friday
2024-08-12,TSLA,108.32,113.07,110.64,112.2,60633677,0.021299836155106444,0.021076165174121544,2024,8,3,Monday
2024-08-13,TSLA,113.27,118.78,111.29,114.75,87275865,0.022727272727272707,0.022472855852058576,2024,8,3,Tuesday
2024-08-14,TSLA,114.08,118.47,114.11,116.53,136987723,0.015511982570806104,0.015392901644517424,2024,8,3,Wednesday
2024-08-15,TSLA,118.19,119.64,117.44,118.4,160168999,0.01604736977602328,0.01591997186473329,2024,8,3,Thursday
2024-08-16,TSLA,117.83,124.93,116.53,119.83,79295507,0.012077702702702586,0.012005349244519818,2024,8,3,Friday
2024-08-19,TSLA,120.76,135.09,122.87,128.35,76571404,0.07110072602854034,0.06868683562272408,2024,8,3,Monday
2024-08-20,TSLA,128.63,136.57,129.67,134.21,118558216,0.0456564082586679,0.04464483009256532,2024,8,3,Tuesday
2024-08-21,TSLA,135.44,130.66,126.21,128.46,82951824,-0.04284330526786384,-0.043788165580068164,2024,8,3,Wednesday
2024-08-22,TSLA,128.63,136.3,127.69,132.65,92258720,0.032617157091701765,0.0320965087541023,2024,8,3,Thursday
2024-08-23,TSLA,129.94,139.12,135.58,137.53,130072461,0.03678854127402942,0.03612799454286776,2024,8,3,Friday
2024-08-26,TSLA,139.23,141.64,135.85,139.25,84939524,0.012506362248236647,0.0124288036807769,2024,8,3,Monday
2024-08-27,TSLA,139.1,149.19,142.3,145.79,55453368,0.04696588868940754,0.04589635130933715,2024,8,3,Tuesday
2024-08-28,TSLA,147.2,150.68,139.11,146.85,67683664,0.007270731874614134,0.007244427527898495,2024,8,3,Wednesday
2024-08-29,TSLA,148.1,154.78,142.5,148.0,100299114,0.007831120190670893,0.007800616119486122,2024,8,3,Thursday
2024-08-30,TSLA,146.59,154.55,143.64,148.67,57176515,0.0045270270270270085,0.0045168108611443455,2024,8,3,Friday
2024-09-02,TSLA,147.0,139.32,134.83,136.82,91471007,-0.07970673303289155,-0.08306289129240739,2024,9,3,Monday
2024-09-03,TSLA,137.92,140.16,133.39,136.31,65860655,-0.0037275252156117045,-0.0037344897501002277,2024,9,3,Tuesday
2024-09-04,TSLA,135.8,134.35,130.68,132.57,163555419,-0.027437458733768683,-0.027820895771993454,2024,9,3,Wednesday
2024-09-05,TSLA,134.09,129.38,119.66,126.23,191466520,-0.047823791204646526,-0.049005168045987924,2024,9,3,Thursday
2024-09-06,TSLA,125.95,135.32,132.32,133.8,72799643,0.05996989622118365,0.058240507929357886,2024,9,3,Friday
2024-09-09,TSLA,135.48,138.76,134.53,136.53,108007189,0.020403587443946103,0.020198223002532104,2024,9,3,Monday
2024-09-10,TSLA,137.24,142.25,133.19,136.3,74967078,-0.0016846114407089718,-0.001686031994173303,2024,9,3,Tuesday
2024-09-11,TSLA,136.79,136.04,129.13,133.13,91138060,-0.02325752017608229,-0.02353224425866125,2024,9,3,Wednesday
2024-09-12,TSLA,132.52,138.87,131.07,134.69,171779380,0.011717869751370902,0.011649747166897746,2024,9,3,Thursday
2024-09-13,TSLA,135.08,141.98,137.8,140.21,86935252,0.04098299799539684,0.04016545712231671,2024,9,3,Friday
2024-09-16,TSLA,142.27,139.42,130.06,135.48,91776745,-0.03373511161828702,-0.0343172707834694,2024,9,3,Monday
2024-09-17,TSLA,135.39,137.53,134.36,135.4,75370157,-0.000590493061706443,-0.0005906674713962588,2024,9,3,Tuesday
2024-09-18,TSLA,136.28,141.44,138.44,140.24,141037667,0.0357459379615952,0.03512188013480437,2024,9,3,Wednesday
2024-09-19,TSLA,140.32,132.32,126.07,129.49,37569410,-0.0766543069024529,-0.0797515825322303,2024,9,3,Thursday
2024-09-20,TSLA,129.69,131.2,127.22,129.13,87560588,-0.0027801374623523945,-0.002784009222188555,2024,9,3,Friday
2024-09-23,TSLA,131.86,129.35,123.9,126.82,98632848,-0.017888949121040776,-0.01805089058667464,2024,9,3,Monday
2024-09-24,TSLA,128.69,127.33,124.44,126.07,82010475,-0.0059138937076170794,-0.005931450028707532,2024,9,3,Tuesday
2024-09-25,TSLA,126.2,125.25,121.79,123.46,129571627,-0.020702784167526023,-0.02092009127742823,2024,9,3,Wednesday
2024-09-26,TSLA,123.78,126.98,120.62,124.1,143420140,0.005183865219504202,0.005170475244811606,2024,9,3,Thursday
2024-09-27,TSLA,123.03,136.6,131.3,134.21,65467794,0.08146655922643031,0.07831804519915304,2024,9,3,Friday
2024-09-30,TSLA,133.92,136.11,129.1,132.38,187394530,-0.013635347589598501,-0.013729162718937924,2024,9,3,Monday
2024-10-01,TSLA,132.89,137.2,130.99,133.91,65247813,0.011557637105302998,0.011491357816698158,2024,10,4,Tuesday
2024-10-02,TSLA,135.31,146.32,143.36,145.25,147195169,0.0846837428123366,0.08128846322454575,2024,10,4,Wednesday
2024-10-03,TSLA,146.58,145.89,138.65,141.95,104597379,-0.02271944922547342,-0.022981512813040516,2024,10,4,Thursday
2024-10-04,TSLA,140.02,154.67,150.51,152.83,85975283,0.0766467065868266,0.07385130962076503,2024,10,4,Friday
2024-10-07,TSLA,154.67,155.86,149.39,152.8,88443161,-0.00019629653863773022,-0.00019631580732489644,2024,10,4,Monday
2024-10-08,TSLA,152.63,166.94,162.53,164.29,98999653,0.07519633507853385,0.07250328218582516,2024,10,4,Tuesday
2024-10-09,TSLA,162.3,176.51,164.64,169.34,106452145,0.030738328565341755,0.03027536929588568,2024,10,4,Wednesday
2024-10-10,TSLA,172.12,177.8,165.94,171.41,75877779,0.012223928191803513,0.012149819304834537,2024,10,4,Thursday
2024-10-11,TSLA,174.49,175.01,166.31,170.87,93222415,-0.003150341286972669,-0.003155314058783553,2024,10,4,Friday
2024-10-14,TSLA,171.43,174.25,158.02,166.49,79357926,-0.025633522561011257,-0.025967785903421137,2024,10,4,Monday
2024-10-15,TSLA,167.94,170.81,163.29,166.93,69453351,0.0026428013694514974,0.0026393153105357297,2024,10,4,Tuesday
2024-10-16,TSLA,168.51,178.14,166.68,173.1,78255309,0.0369616006709399,0.036294899314866874,2024,10,4,Wednesday
2024-10-17,TSLA,176.07,177.65,168.41,172.93,70822574,-0.0009820912767185552,-0.000982573844332626,2024,10,4,Thursday
2024-10-18,TSLA,174.48,177.4,162.47,170.63,88157387,-0.01330017926328575,-0.013389418798657337,2024,10,4,Friday
2024-10-21,TSLA,167.85,176.77,163.94,168.81,113853514,-0.010666354099513553,-0.01072364742587621,2024,10,4,Monday
2024-10-22,TSLA,172.98,182.67,170.06,175.74,103687678,0.041052070374977934,0.04023180795439995,2024,10,4,Tuesday
2024-10-23,TSLA,178.04,186.76,181.34,184.7,180814857,0.05098440878570609,0.04972725713749711,2024,10,4,Wednesday
2024-10-24,TSLA,183.54,188.33,172.21,179.64,51523307,-0.02739577693557116,-0.02777803898565694,2024,10,4,Thursday
2024-10-25,TSLA,177.37,178.94,168.06,174.71,115119702,-0.027443776441772316,-0.027827391733184003,2024,10,4,Friday
2024-10-28,TSLA,175.8,184.64,174.01,177.37,100192792,0.015225230381775479,0.015110489731141822,2024,10,4,Monday
2024-10-29,TSLA,176.76,193.16,186.24,188.73,127723949,0.06404690759429443,0.062079476032552955,2024,10,4,Tuesday
2024-10-30,TSLA,189.5,207.73,189.83,197.71,123978696,0.047581200657023315,0.046483888336741226,2024,10,4,Wednesday
2024-10-31,TSLA,199.52,191.58,184.04,187.75,95170751,-0.050376814526326474,-0.05169001994254505,2024,10,4,Thursday
2024-11-01,TSLA,186.44,189.29,181.04,185.65,105316022,-0.011185086551264933,-0.011248110021154991,2024,11,4,Friday
2024-11-04,TSLA,183.1,183.82,175.75,178.63,79993823,-0.03781308914624304,-0.03854655316229608,2024,11,4,Monday
2024-11-05,TSLA,179.48,179.84,174.6,176.61,120214083,-0.011308290880591043,-0.01137271575251332,2024,11,4,Tuesday
2024-11-06,TSLA,175.45,195.83,181.97,188.51,56912065,0.0673801030519221,0.06520714417054096,2024,11,4,Wednesday
2024-11-07,TSLA,188.85,179.65,175.11,177.77,126244198,-0.05697310487507279,-0.058660475944226624,2024,11,4,Thursday
2024-11-08,TSLA,174.84,170.2,163.01,166.29,99307207,-0.06457782527985612,-0.06675732783477117,2024,11,4,Friday
2024-11-11,TSLA,165.78,165.71,156.97,160.68,86405521,-0.033736243911239305,-0.034318442608741465,2024,11,4,Monday
2024-11-12,TSLA,162.09,165.86,159.75,162.51,93261765,0.011389096340552518,0.011324728846835611,2024,11,4,Tuesday
2024-11-13,TSLA,163.71,172.27,163.06,166.62,95336364,0.025290751338379325,0.024976232208846136,2024,11,4,Wednesday
2024-11-14,TSLA,165.0,172.79,166.91,169.55,147578658,0.017584923778658057,0.01743209802488447,2024,11,4,Thursday
2024-11-15,TSLA,167.12,185.66,173.33,177.83,263807134,0.04883515187260401,0.047680169183921685,2024,11,4,Friday
2024-11-18,TSLA,177.87,172.82,158.07,165.38,144189936,-0.07001068436146896,-0.07258218146154875,2024,11,4,Monday
2024-11-19,TSLA,166.52,175.65,170.38,173.55,84400426,0.049401378643125105,0.048219886013774804,2024,11,4,Tuesday
2024-11-20,TSLA,174.41,176.57,163.84,171.27,120796188,-0.013137424373379392,-0.013224483663517727,2024,11,4,Wednesday
2024-11-21,TSLA,170.19,180.34,170.22,176.4,122384647,0.029952706253284278,0.029512884928413412,2024,11,4,Thursday
2024-11-22,TSLA,177.04,170.51,163.39,167.02,75763903,-0.0531746031746031,-0.05464057784760749,2024,11,4,Friday
2024-11-25,TSLA,170.1,170.22,163.65,166.98,68506620,-0.0002394922763742091,-0.0002395209592290701,2024,11,4,Monday
2024-11-26,TSLA,167.4,172.23,164.85,168.53,98119478,0.009282548808240643,0.009239730722074305,2024,11,4,Tuesday
2024-11-27,TSLA,165.15,180.69,170.71,176.62,127419203,0.048003322850530994,0.04688675655272751,2024,11,4,Wednesday
2024-11-28,TSLA,177.06,168.47,163.59,165.44,61659524,-0.06329973955384449,-0.06539194072059193,2024,11,4,Thursday
2024-11-29,TSLA,169.6,167.93,162.36,165.58,80551829,0.0008462282398453702,0.0008458703905956114,2024,11,4,Friday
2024-12-02,TSLA,162.96,163.07,153.43,158.31,118743499,-0.04390626887305238,-0.04489932562497371,2024,12,4,Monday
2024-12-03,TSLA,158.37,162.95,159.85,161.55,101259575,0.02046617396247874,0.020259556184821136,2024,12,4,Tuesday
2024-12-04,TSLA,161.1,172.01,161.15,166.7,152941007,0.03187867533271427,0.031381097486240996,2024,12,4,Wednesday
2024-12-05,TSLA,166.9,178.59,172.5,175.64,65480995,0.053629274145170935,0.05224065593676835,2024,12,4,Thursday
2024-12-06,TSLA,176.06,177.18,165.36,171.76,202516155,-0.02209063994534277,-0.022338292122991134,2024,12,4,Friday
2024-12-09,TSLA,174.17,181.92,171.69,178.33,63040189,0.03825104797391732,0.03753761289389652,2024,12,4,Monday
2024-12-10,TSLA,178.52,194.29,185.56,188.47,54403096,0.0568608759042224,0.055303076564114415,2024,12,4,Tuesday
2024-12-11,TSLA,191.42,179.49,173.86,176.13,98248143,-0.06547461134398047,-0.06771648428433216,2024,12,4,Wednesday
2024-12-12,TSLA,175.87,185.4,176.65,180.52,71153001,0.02492477147561467,0.02461921621459626,2024,12,4,Thursday
2024-12-13,TSLA,179.74,195.29,179.29,187.66,98844062,0.03955240416574335,0.03879023990310311,2024,12,4,Friday
2024-12-16,TSLA,186.12,191.58,180.48,185.6,97812474,-0.010977299371203286,-0.01103799450980345,2024,12,4,Monday
2024-12-17,TSLA,181.46,182.28,173.68,176.55,94295919,-0.04876077586206884,-0.04998969797770465,2024,12,4,Tuesday
2024-12-18,TSLA,177.14,188.93,175.1,183.41,77668275,0.03885584820164256,0.03811996158854577,2024,12,4,Wednesday
2024-12-19,TSLA,188.04,178.95,171.32,174.55,113859704,-0.048307071588244876,-0.04951285041189613,2024,12,4,Thursday
2024-12-20,TSLA,175.53,176.37,169.61,173.2,90919004,-0.007734173589229565,-0.007764237422710377,2024,12,4,Friday
2024-12-23,TSLA,174.66,176.83,168.93,172.84,139249828,-0.002078521939953726,-0.0020806850646022776,2024,12,4,Monday
2024-12-24,TSLA,171.96,180.33,174.31,177.9,94732630,0.029275630641055317,0.028855283608057048,2024,12,4,Tuesday
2024-12-25,TSLA,177.37,176.69,167.02,173.32,74871698,-0.025744800449690852,-0.026081997800080817,2024,12,4,Wednesday
2024-12-26,TSLA,175.41,176.97,159.94,168.45,60271359,-0.0280983152550196,-0.028500627019146765,2024,12,4,Thursday
2024-12-27,TSLA,172.61,177.39,164.24,169.06,94967749,0.003621252597209912,0.0036147116482197874,2024,12,4,Friday
2024-12-30,TSLA,172.15,181.56,168.91,176.1,68334093,0.04164202058440791,0.040798334001378854,2024,12,4,Monday
2024-12-31,TSLA,177.84,199.82,187.41,193.3,66698444,0.09767177739920507,0.09319137071212483,2024,12,4,Tuesday
