date,ticker,open,high,low,close,volume
2022-01-03,AAPL,177.14,182.4,174.65,178.57,90671027
2022-01-04,AAPL,179.25,177.87,173.3,175.52,131801448
2022-01-05,AAPL,174.48,178.64,177.12,177.86,87929868
2022-01-06,AAPL,177.03,182.91,177.53,180.81,94716101
2022-01-07,AAPL,180.95,178.37,171.52,174.98,80421994
2022-01-10,AAPL,175.85,172.77,169.73,171.23,58797956
2022-01-11,AAPL,172.31,174.46,170.17,171.68,69060651
2022-01-12,AAPL,171.09,171.77,170.03,170.83,55615042
2022-01-13,AAPL,171.65,171.82,170.33,170.86,54511606
2022-01-14,AAPL,170.18,170.97,166.06,168.48,90247086
2022-01-17,AAPL,170.05,172.17,169.19,171.09,57115369
2022-01-18,AAPL,170.1,175.26,172.05,173.45,88048943
2022-01-19,AAPL,174.62,177.28,170.62,173.72,54134939
2022-01-20,AAPL,173.14,177.81,176.64,177.16,87439011
2022-01-21,AAPL,178.98,180.66,176.39,178.66,69090819
2022-01-24,AAPL,179.2,177.35,174.62,176.15,121998810
2022-01-25,AAPL,175.23,179.53,174.91,177.33,88159026
2022-01-26,AAPL,176.86,176.14,173.75,174.54,115903911
2022-01-27,AAPL,175.24,179.85,174.95,177.25,63773173
2022-01-28,AAPL,178.2,178.99,174.39,177.18,81358851
2022-01-31,AAPL,177.12,178.79,175.38,176.7,59602676
2022-02-01,AAPL,176.75,176.49,173.06,174.75,70664622
2022-02-02,AAPL,175.43,179.96,176.81,178.5,73950456
2022-02-03,AAPL,178.62,180.27,175.98,178.11,64345639
2022-02-04,AAPL,176.94,180.34,174.25,176.9,55555125
2022-02-07,AAPL,176.17,177.79,172.28,175.92,52351020
2022-02-08,AAPL,176.13,178.91,175.55,177.6,39650446
2022-02-09,AAPL,178.7,180.75,176.25,178.79,58272057
2022-02-10,AAPL,180.26,181.12,179.14,180.13,96570644
2022-02-11,AAPL,180.85,183.29,179.45,181.54,49524974
2022-02-14,AAPL,181.8,190.24,186.21,188.36,53068831
2022-02-15,AAPL,189.08,189.26,185.66,187.14,136906225
2022-02-16,AAPL,186.51,186.51,184.73,185.6,66093989
2022-02-17,AAPL,185.46,185.28,179.29,183.14,88088363
2022-02-18,AAPL,182.37,186.45,183.18,185.15,97001047
2022-02-21,AAPL,183.97,191.09,185.45,188.82,97590921
2022-02-22,AAPL,189.14,189.68,187.46,188.54,50669916
2022-02-23,AAPL,188.72,189.91,182.79,185.95,74642401
2022-02-24,AAPL,186.6,184.78,182.26,183.44,49232720
2022-02-25,AAPL,183.95,187.02,184.7,185.57,166654364
2022-02-28,AAPL,185.8,191.98,185.76,188.01,49578836
2022-03-01,AAPL,188.55,192.65,186.76,189.84,58420950
2022-03-02,AAPL,189.8,189.0,186.94,187.79,58547967
2022-03-03,AAPL,188.19,191.21,186.02,188.62,51061382
2022-03-04,AAPL,187.92,191.13,187.28,189.08,120037573
2022-03-07,AAPL,189.44,193.34,187.64,189.87,165465217
2022-03-08,AAPL,190.52,194.9,190.67,192.79,69359415
2022-03-09,AAPL,192.13,195.04,192.19,193.61,53833701
2022-03-10,AAPL,193.66,198.57,192.4,195.95,40892594
2022-03-11,AAPL,195.33,198.29,193.12,196.26,74350769
2022-03-14,AAPL,195.74,199.42,195.48,197.32,72756409
2022-03-15,AAPL,196.19,201.77,196.89,199.54,65801181
2022-03-16,AAPL,200.83,195.65,193.54,194.74,85493402
2022-03-17,AAPL,195.8,197.56,190.09,193.78,90069228
2022-03-18,AAPL,194.31,196.22,188.6,192.32,88142216
2022-03-21,AAPL,194.25,193.74,187.1,190.32,72761660
2022-03-22,AAPL,190.14,190.37,188.4,189.52,57485922
2022-03-23,AAPL,192.45,195.58,193.35,194.49,97687788
2022-03-24,AAPL,194.26,193.85,188.68,191.73,80300894
2022-03-25,AAPL,191.98,195.63,193.79,195.0,104431765
2022-03-28,AAPL,194.61,193.89,186.19,189.59,101397587
2022-03-29,AAPL,189.95,190.17,186.66,188.6,52221694
2022-03-30,AAPL,189.4,191.19,186.79,189.2,52026852
2022-03-31,AAPL,189.09,194.99,187.6,191.19,63775201
2022-04-01,AAPL,192.92,195.25,191.09,193.6,58273474
2022-04-04,AAPL,193.84,197.34,195.13,196.32,100343787
2022-04-05,AAPL,196.59,196.96,193.46,195.25,88891767
2022-04-06,AAPL,194.34,196.32,191.47,193.8,111250212
2022-04-07,AAPL,194.22,199.03,194.91,196.74,90104731
2022-04-08,AAPL,196.61,197.99,193.72,196.19,85167636
2022-04-11,AAPL,195.58,196.21,190.08,192.07,114657058
2022-04-12,AAPL,191.3,190.95,186.71,188.48,92106437
2022-04-13,AAPL,191.05,187.25,184.3,185.64,81651233
2022-04-14,AAPL,185.39,188.63,185.49,187.3,124731389
2022-04-15,AAPL,185.91,188.96,185.88,187.84,82812655
2022-04-18,AAPL,187.17,191.61,188.82,190.15,73019348
2022-04-19,AAPL,190.1,189.87,187.52,188.86,62220196
2022-04-20,AAPL,189.38,192.15,186.42,189.45,98783864
2022-04-21,AAPL,189.99,193.55,189.76,191.56,115947997
2022-04-22,AAPL,192.23,192.85,187.42,190.64,78795068
2022-04-25,AAPL,190.02,193.95,190.68,192.22,118439386
2022-04-26,AAPL,192.55,191.57,189.44,190.15,44301658
2022-04-27,AAPL,189.3,192.17,186.92,189.07,78680128
2022-04-28,AAPL,188.47,190.7,184.95,187.93,79043486
2022-04-29,AAPL,187.05,186.1,182.36,184.23,64323711
2022-05-02,AAPL,183.11,187.14,184.39,185.84,163560826
2022-05-03,AAPL,186.85,185.91,183.63,184.45,78427046
2022-05-04,AAPL,185.1,187.1,182.41,184.57,70789267
2022-05-05,AAPL,185.49,188.45,184.69,186.17,80625523
2022-05-06,AAPL,186.21,188.85,185.99,187.67,43867885
2022-05-09,AAPL,188.42,190.53,188.74,189.89,63692464
2022-05-10,AAPL,188.19,191.22,187.54,189.66,107447099
2022-05-11,AAPL,190.5,191.5,185.05,188.39,66243876
2022-05-12,AAPL,188.56,190.59,186.15,188.22,62387447
2022-05-13,AAPL,188.82,185.04,181.12,182.97,118496606
2022-05-16,AAPL,183.33,179.53,177.3,178.61,119594033
2022-05-17,AAPL,177.71,176.32,173.17,174.71,93421711
2022-05-18,AAPL,173.38,173.68,170.45,171.85,69790048
2022-05-19,AAPL,171.23,175.03,170.93,173.1,74454285
2022-05-20,AAPL,173.6,173.66,168.85,170.53,62851930
2022-05-23,AAPL,171.13,172.57,167.61,169.52,59358462
2022-05-24,AAPL,168.33,176.35,171.18,173.38,58480986
2022-05-25,AAPL,172.51,174.58,169.81,172.41,66460667
2022-05-26,AAPL,171.77,178.21,170.78,174.67,58651335
2022-05-27,AAPL,174.35,173.21,171.1,171.99,50044624
2022-05-30,AAPL,170.8,172.68,170.66,171.47,85442824
2022-05-31,AAPL,170.23,170.63,167.86,168.8,85833151
2022-06-01,AAPL,168.09,170.54,166.25,167.9,133254983
2022-06-02,AAPL,167.98,171.22,169.22,170.4,65465620
2022-06-03,AAPL,169.37,168.3,163.28,165.54,87431603
2022-06-06,AAPL,165.44,168.82,164.38,166.84,87868414
2022-06-07,AAPL,167.74,170.19,165.27,167.59,74134081
2022-06-08,AAPL,166.48,166.69,165.25,165.98,100015653
2022-06-09,AAPL,165.81,163.15,160.7,162.02,100946976
2022-06-10,AAPL,162.87,163.62,160.9,162.29,88256730
2022-06-13,AAPL,161.95,162.92,158.67,160.91,74094012
2022-06-14,AAPL,160.44,163.95,160.41,161.62,71863436
2022-06-15,AAPL,162.58,163.75,158.8,161.75,53074705
2022-06-16,AAPL,161.5,168.14,164.55,166.3,62818605
2022-06-17,AAPL,167.23,167.64,164.18,165.7,66381896
2022-06-20,AAPL,166.06,164.2,161.31,162.91,57101769
2022-06-21,AAPL,162.63,166.25,161.73,163.48,91286583
2022-06-22,AAPL,163.88,166.18,161.26,164.17,114550410
2022-06-23,AAPL,164.44,169.34,166.93,168.08,60922825
2022-06-24,AAPL,168.96,173.69,168.82,170.56,87100190
2022-06-27,AAPL,170.09,172.94,170.54,171.68,58662066
2022-06-28,AAPL,171.72,177.8,172.33,176.09,73006609
2022-06-29,AAPL,176.03,173.38,171.43,172.64,65035141
2022-06-30,AAPL,173.26,172.37,169.78,170.85,95831872
2022-07-01,AAPL,169.95,170.91,166.62,168.25,65260710
2022-07-04,AAPL,169.13,168.31,165.74,167.22,108367123
2022-07-05,AAPL,167.61,164.42,161.32,163.42,74314820
2022-07-06,AAPL,162.32,166.72,163.57,165.27,65834599
2022-07-07,AAPL,166.29,166.29,163.37,164.72,54928649
2022-07-08,AAPL,166.6,162.06,158.65,160.72,86313670
2022-07-11,AAPL,161.54,160.23,155.81,158.04,104646934
2022-07-12,AAPL,159.19,162.28,157.25,158.96,86836150
2022-07-13,AAPL,159.03,162.2,160.38,161.31,156597079
2022-07-14,AAPL,159.95,169.17,165.51,166.96,122849849
2022-07-15,AAPL,165.39,176.57,173.87,175.52,72949564
2022-07-18,AAPL,175.75,178.53,175.91,176.84,72720142
2022-07-19,AAPL,176.31,175.28,173.11,173.97,92105591
2022-07-20,AAPL,173.16,171.42,165.02,167.85,62216539
2022-07-21,AAPL,167.8,170.72,166.66,168.69,113512518
2022-07-22,AAPL,169.22,168.87,164.73,166.45,89166623
2022-07-25,AAPL,165.22,167.55,163.47,165.35,86397981
2022-07-26,AAPL,164.98,165.09,162.18,163.72,98308720
2022-07-27,AAPL,164.98,164.81,161.42,163.4,134138869
2022-07-28,AAPL,162.5,167.61,164.01,166.46,84209963
2022-07-29,AAPL,167.2,169.22,165.8,166.98,77332516
2022-08-01,AAPL,166.57,167.76,165.29,166.61,125793606
2022-08-02,AAPL,167.07,164.83,162.5,163.77,106942548
2022-08-03,AAPL,164.69,162.37,155.95,159.24,72655760
2022-08-04,AAPL,159.85,159.69,156.19,158.0,80124571
2022-08-05,AAPL,158.74,160.47,155.09,157.93,84829292
2022-08-08,AAPL,157.0,163.82,161.68,162.83,89172305
2022-08-09,AAPL,163.75,165.32,161.13,163.26,53252602
2022-08-10,AAPL,162.55,166.96,165.38,166.09,50364232
2022-08-11,AAPL,166.31,166.37,163.07,164.76,61301825
2022-08-12,AAPL,164.97,162.48,160.74,161.54,59895723
2022-08-15,AAPL,161.94,159.79,157.86,158.98,65948849
2022-08-16,AAPL,159.26,159.77,154.85,157.11,96779948
2022-08-17,AAPL,156.43,163.94,162.14,162.97,76046719
2022-08-18,AAPL,161.85,163.44,158.84,160.78,84855093
2022-08-19,AAPL,161.5,165.36,161.49,163.16,55408644
2022-08-22,AAPL,163.32,162.76,159.32,160.75,69653571
2022-08-23,AAPL,161.69,164.95,161.82,163.39,95411959
2022-08-24,AAPL,163.35,165.34,163.66,164.54,95632466
2022-08-25,AAPL,163.36,166.31,161.35,164.18,64370437
2022-08-26,AAPL,164.98,165.76,161.96,164.14,83975521
2022-08-29,AAPL,163.83,163.94,159.33,162.39,154729896
2022-08-30,AAPL,162.67,164.8,162.46,163.7,79578762
2022-08-31,AAPL,163.16,163.92,161.65,162.51,64979416
2022-09-01,AAPL,163.88,160.91,157.1,159.23,75936534
2022-09-02,AAPL,158.52,156.83,154.49,155.88,82243122
2022-09-05,AAPL,155.61,157.37,155.64,156.41,76452995
2022-09-06,AAPL,156.49,162.21,159.19,160.74,79251015
2022-09-07,AAPL,159.84,164.08,158.09,161.25,51883073
2022-09-08,AAPL,161.52,163.16,159.37,160.99,59933612
2022-09-09,AAPL,162.32,164.78,159.27,161.85,76495052
2022-09-12,AAPL,161.45,168.21,164.09,165.56,76130292
2022-09-13,AAPL,165.9,167.43,165.32,166.26,67502852
2022-09-14,AAPL,163.92,168.27,162.6,165.17,75862505
2022-09-15,AAPL,165.14,169.97,167.35,168.39,81477840
2022-09-16,AAPL,168.12,171.54,167.39,169.69,104464852
2022-09-19,AAPL,168.99,174.99,173.41,174.26,77654004
2022-09-20,AAPL,175.23,177.06,171.34,174.89,90175484
2022-09-21,AAPL,174.6,173.02,170.0,171.36,68002641
2022-09-22,AAPL,171.2,168.18,166.58,167.49,94978956
2022-09-23,AAPL,167.17,173.6,170.75,172.34,89545396
2022-09-26,AAPL,170.66,178.38,176.89,177.55,103727963
2022-09-27,AAPL,176.52,178.48,176.34,177.09,99093591
2022-09-28,AAPL,177.96,177.89,173.58,176.02,95454273
2022-09-29,AAPL,174.12,182.45,178.19,180.53,77672511
2022-09-30,AAPL,179.82,180.89,175.5,177.24,86099913
2022-10-03,AAPL,176.88,175.6,173.12,174.64,110065903
2022-10-04,AAPL,176.2,179.54,173.78,176.64,65785816
2022-10-05,AAPL,177.34,177.05,173.3,175.54,66254560
2022-10-06,AAPL,175.04,177.32,173.3,175.6,84475035
2022-10-07,AAPL,176.77,177.6,172.91,175.2,90614164
2022-10-10,AAPL,174.53,178.69,174.19,176.28,62476762
2022-10-11,AAPL,177.19,183.11,176.83,180.64,78225670
2022-10-12,AAPL,179.38,182.64,179.91,181.0,77775541
2022-10-13,AAPL,181.99,184.06,181.47,183.07,41158999
2022-10-14,AAPL,182.69,179.26,175.46,176.88,74899591
2022-10-17,AAPL,175.95,179.73,173.44,176.81,76312082
2022-10-18,AAPL,176.61,175.28,173.82,174.37,76244002
2022-10-19,AAPL,174.62,172.75,169.58,170.87,122339616
2022-10-20,AAPL,170.44,170.28,166.83,168.41,55550201
2022-10-21,AAPL,168.89,170.21,165.32,167.53,62467090
2022-10-24,AAPL,167.04,173.52,167.75,170.24,36538551
2022-10-25,AAPL,170.78,168.62,165.17,166.52,69251972
2022-10-26,AAPL,166.89,168.07,164.65,166.68,71046427
2022-10-27,AAPL,166.63,166.67,164.15,165.39,68650847
2022-10-28,AAPL,165.02,167.04,161.28,164.54,111534040
2022-10-31,AAPL,164.67,168.45,165.48,167.45,103566290
2022-11-01,AAPL,167.92,170.86,166.47,169.07,81890554
2022-11-02,AAPL,170.84,174.58,171.9,173.03,71581933
2022-11-03,AAPL,173.86,175.01,171.01,172.66,108840502
2022-11-04,AAPL,173.52,172.51,167.65,170.7,79527213
2022-11-07,AAPL,173.39,172.44,168.9,170.13,62586251
2022-11-08,AAPL,170.58,173.71,168.41,170.91,47806041
2022-11-09,AAPL,171.33,173.49,169.27,171.5,70079638
2022-11-10,AAPL,172.12,170.5,165.58,168.44,100325481
2022-11-11,AAPL,167.58,170.23,167.43,168.78,158378579
2022-11-14,AAPL,168.4,171.27,167.69,169.51,81492397
2022-11-15,AAPL,169.07,179.35,175.32,177.01,63587695
2022-11-16,AAPL,177.59,183.89,181.54,182.83,56066420
2022-11-17,AAPL,182.67,181.28,179.67,180.28,94406799
2022-11-18,AAPL,180.4,181.96,177.84,179.48,47117374
2022-11-21,AAPL,180.48,177.78,172.73,175.15,94361218
2022-11-22,AAPL,175.92,174.92,171.74,173.47,102241750
2022-11-23,AAPL,173.33,175.28,173.6,174.49,91186829
2022-11-24,AAPL,173.89,179.66,176.86,178.18,74898070
2022-11-25,AAPL,179.21,177.66,174.5,176.06,94775300
2022-11-28,AAPL,176.76,176.65,171.09,174.2,84209534
2022-11-29,AAPL,172.77,170.52,165.48,168.02,63344588
2022-11-30,AAPL,167.76,169.33,166.12,167.64,139372517
2022-12-01,AAPL,167.78,166.73,162.99,164.71,71989683
2022-12-02,AAPL,165.36,164.02,162.35,163.3,100962819
2022-12-05,AAPL,164.06,161.93,160.01,160.96,38723333
2022-12-06,AAPL,161.19,161.43,159.53,160.77,117327350
2022-12-07,AAPL,161.25,156.85,154.56,156.11,124294749
2022-12-08,AAPL,156.16,154.18,149.74,152.33,80719224
2022-12-09,AAPL,151.81,161.07,154.76,158.02,94600044
2022-12-12,AAPL,157.81,155.92,153.22,154.67,94592783
2022-12-13,AAPL,154.68,152.94,150.55,151.88,65969437
2022-12-14,AAPL,151.85,158.95,153.98,156.77,94270030
2022-12-15,AAPL,155.26,166.74,161.92,164.78,62767504
2022-12-16,AAPL,164.45,164.23,159.78,161.6,66646301
2022-12-19,AAPL,161.65,161.55,159.4,160.67,112180544
2022-12-20,AAPL,160.44,163.85,159.95,161.68,107170812
2022-12-21,AAPL,161.47,167.77,165.42,166.58,64722829
2022-12-22,AAPL,166.99,166.92,161.71,163.88,64196823
2022-12-23,AAPL,162.97,164.69,162.25,163.27,65913788
2022-12-26,AAPL,161.91,168.11,163.37,165.52,99665392
2022-12-27,AAPL,165.22,167.41,165.82,166.82,59265728
2022-12-28,AAPL,167.47,167.88,164.12,165.83,89035968
2022-12-29,AAPL,167.26,168.08,162.93,165.53,100091090
2022-12-30,AAPL,166.19,164.12,159.94,161.77,77909897
2023-01-02,AAPL,160.56,163.24,159.64,161.19,108315226
2023-01-03,AAPL,161.0,164.17,158.54,160.54,73020015
2023-01-04,AAPL,160.75,163.15,158.17,161.24,75028643
2023-01-05,AAPL,161.39,160.91,158.79,159.8,59671395
2023-01-06,AAPL,160.24,162.6,159.04,161.16,108546628
2023-01-09,AAPL,160.41,165.43,161.95,164.03,63565476
2023-01-10,AAPL,164.09,166.7,162.39,164.54,88850766
2023-01-11,AAPL,164.9,167.57,163.78,165.6,78306594
2023-01-12,AAPL,166.3,167.53,164.81,165.83,58334385
2023-01-13,AAPL,165.15,168.6,162.46,165.9,66639379
2023-01-16,AAPL,165.61,166.88,160.84,163.95,121132901
2023-01-17,AAPL,161.69,168.1,161.85,164.91,84989175
2023-01-18,AAPL,164.39,168.42,161.6,164.71,59102990
2023-01-19,AAPL,164.27,172.55,167.76,170.76,87673976
2023-01-20,AAPL,169.87,177.99,172.04,175.47,76569009
2023-01-23,AAPL,175.62,179.83,174.39,176.71,225482050
2023-01-24,AAPL,176.66,176.03,172.24,174.51,87144162
2023-01-25,AAPL,172.49,172.96,169.25,171.31,71367257
2023-01-26,AAPL,171.5,176.67,173.67,174.9,122490687
2023-01-27,AAPL,174.07,178.8,172.82,175.76,46049448
2023-01-30,AAPL,176.2,179.15,175.99,177.28,82296014
2023-01-31,AAPL,176.12,173.78,170.81,172.18,145526060
2023-02-01,AAPL,172.2,176.67,173.59,174.99,77259265
2023-02-02,AAPL,174.74,177.86,175.12,176.43,47562104
2023-02-03,AAPL,176.7,174.47,171.65,173.21,71040578
2023-02-06,AAPL,173.32,174.54,169.59,171.9,123764683
2023-02-07,AAPL,171.68,175.39,170.34,172.75,89554512
2023-02-08,AAPL,171.4,174.21,172.1,172.98,62200920
2023-02-09,AAPL,171.68,172.9,171.46,172.2,65134462
2023-02-10,AAPL,171.69,173.74,170.15,171.98,67634388
2023-02-13,AAPL,171.97,173.46,168.07,171.32,89155853
2023-02-14,AAPL,170.79,174.06,170.16,171.84,119520209
2023-02-15,AAPL,172.39,177.02,175.15,176.28,109700457
2023-02-16,AAPL,176.03,170.61,166.5,168.82,91728239
2023-02-17,AAPL,167.99,169.45,167.17,168.22,53652775
2023-02-20,AAPL,167.98,170.29,167.31,168.8,53712560
2023-02-21,AAPL,169.0,171.99,167.08,169.73,93878579
2023-02-22,AAPL,170.01,170.1,167.63,168.74,53430690
2023-02-23,AAPL,170.35,164.91,162.76,163.84,74765498
2023-02-24,AAPL,163.28,165.81,163.24,164.83,87643002
2023-02-27,AAPL,164.77,171.59,167.81,169.82,56868889
2023-02-28,AAPL,170.19,167.51,162.17,165.53,58835648
2023-03-01,AAPL,165.51,171.22,164.68,168.05,77772687
2023-03-02,AAPL,167.62,167.9,166.44,167.19,93048579
2023-03-03,AAPL,165.87,167.75,165.85,167.09,110000209
2023-03-06,AAPL,166.66,165.72,161.18,164.2,95980271
2023-03-07,AAPL,163.3,164.68,162.43,163.34,81787433
2023-03-08,AAPL,161.9,168.67,164.3,167.07,63954264
2023-03-09,AAPL,166.39,171.55,167.03,168.81,58018071
2023-03-10,AAPL,167.91,174.65,172.76,173.94,68632316
2023-03-13,AAPL,174.45,180.4,175.45,177.53,90469005
2023-03-14,AAPL,178.08,180.06,177.62,178.95,88500990
2023-03-15,AAPL,178.12,186.11,182.98,184.42,42608596
2023-03-16,AAPL,184.17,187.26,183.76,185.88,63201215
2023-03-17,AAPL,184.12,191.1,185.88,188.6,114821517
2023-03-20,AAPL,188.13,190.95,185.53,187.74,81923931
2023-03-21,AAPL,188.12,189.48,184.96,188.04,52296213
2023-03-22,AAPL,188.83,188.24,181.53,185.9,162190730
2023-03-23,AAPL,185.23,193.4,184.96,189.14,79308405
2023-03-24,AAPL,190.16,187.56,184.0,185.47,89776820
2023-03-27,AAPL,184.04,188.78,186.75,188.04,90186888
2023-03-28,AAPL,186.85,189.45,185.93,187.52,71646764
2023-03-29,AAPL,188.2,194.98,188.45,191.38,64312533
2023-03-30,AAPL,193.01,195.83,191.83,193.92,151188761
2023-03-31,AAPL,194.41,202.3,197.78,200.11,108092613
2023-04-03,AAPL,200.07,205.38,200.7,202.71,102371442
2023-04-04,AAPL,200.44,198.41,196.57,197.45,95098518
2023-04-05,AAPL,195.41,199.44,194.15,197.31,59206504
2023-04-06,AAPL,197.44,195.17,191.53,193.51,117364642
2023-04-07,AAPL,193.15,194.33,189.22,191.89,62121170
2023-04-10,AAPL,190.81,199.26,193.13,196.98,87096149
2023-04-11,AAPL,197.04,201.08,196.92,199.22,48921142
2023-04-12,AAPL,199.33,198.61,195.56,196.95,43370044
2023-04-13,AAPL,197.9,195.56,191.87,193.67,88015593
2023-04-14,AAPL,193.81,195.51,190.18,193.87,62758677
2023-04-17,AAPL,195.08,192.6,187.79,189.98,44047842
2023-04-18,AAPL,189.99,190.11,186.33,187.91,94086021
2023-04-19,AAPL,187.8,192.21,186.89,189.0,151116470
2023-04-20,AAPL,190.02,194.27,191.32,192.83,121376187
2023-04-21,AAPL,191.87,198.69,192.57,194.93,74056718
2023-04-24,AAPL,197.73,188.76,186.53,187.56,80212569
2023-04-25,AAPL,187.92,189.42,186.99,188.62,104411363
2023-04-26,AAPL,188.99,190.98,187.66,188.94,112018612
2023-04-27,AAPL,189.44,191.41,189.34,190.36,72165776
2023-04-28,AAPL,192.18,196.52,194.78,195.75,80824484
2023-05-01,AAPL,196.54,189.6,188.08,189.09,87550089
2023-05-02,AAPL,187.54,188.71,185.65,187.28,94461234
2023-05-03,AAPL,188.62,191.83,186.77,189.26,76869079
2023-05-04,AAPL,188.93,185.12,183.68,184.32,77169249
2023-05-05,AAPL,184.42,190.85,186.25,189.09,121022482
2023-05-08,AAPL,187.85,193.9,186.91,190.36,114994332
2023-05-09,AAPL,190.87,194.86,192.33,193.21,92318984
2023-05-10,AAPL,192.57,192.32,190.35,191.43,133989220
2023-05-11,AAPL,191.52,198.16,190.29,194.18,71242739
2023-05-12,AAPL,193.9,199.63,196.08,197.83,130180073
2023-05-15,AAPL,199.78,201.67,196.85,198.71,94139833
2023-05-16,AAPL,200.72,203.59,196.53,199.59,213435455
2023-05-17,AAPL,199.64,201.27,199.66,200.6,55940132
2023-05-18,AAPL,200.67,199.99,196.26,197.77,65054349
2023-05-19,AAPL,197.39,201.07,194.75,197.36,90709852
2023-05-22,AAPL,198.47,198.9,195.83,196.94,90124932
2023-05-23,AAPL,196.61,202.1,195.5,198.31,143605266
2023-05-24,AAPL,197.89,204.05,199.29,201.81,65464907
2023-05-25,AAPL,202.81,200.11,195.39,198.3,104951904
2023-05-26,AAPL,197.75,200.54,196.6,197.96,113382327
2023-05-29,AAPL,197.93,205.09,200.79,203.11,98831955
2023-05-30,AAPL,201.47,202.19,199.6,200.64,59963001
2023-05-31,AAPL,201.37,199.22,196.29,197.95,122040661
2023-06-01,AAPL,199.91,201.63,196.28,198.72,115679578
2023-06-02,AAPL,199.45,202.53,200.26,201.68,95765451
2023-06-05,AAPL,203.19,203.1,200.99,201.81,85057792
2023-06-06,AAPL,200.94,207.41,205.51,206.52,85614874
2023-06-07,AAPL,206.77,211.26,208.29,209.65,78132483
2023-06-08,AAPL,208.64,216.78,210.8,212.77,96956475
2023-06-09,AAPL,212.52,216.84,213.31,214.88,80750737
2023-06-12,AAPL,215.72,227.46,219.2,223.66,62020758
2023-06-13,AAPL,223.77,224.11,221.28,222.98,58407782
2023-06-14,AAPL,221.37,219.34,213.8,215.6,63842285
2023-06-15,AAPL,214.16,224.29,218.78,221.67,85512820
2023-06-16,AAPL,220.11,221.87,217.52,220.05,79355668
2023-06-19,AAPL,220.6,223.07,216.15,220.55,85338847
2023-06-20,AAPL,222.87,228.54,221.26,225.62,92969415
2023-06-21,AAPL,227.19,222.94,215.8,219.65,66276166
2023-06-22,AAPL,217.53,217.08,213.65,215.12,124179076
2023-06-23,AAPL,216.68,211.2,207.78,209.44,73826178
2023-06-26,AAPL,210.44,208.74,203.24,206.72,70245660
2023-06-27,AAPL,205.09,210.5,207.24,208.37,92456892
2023-06-28,AAPL,208.05,212.91,207.89,210.33,46112016
2023-06-29,AAPL,211.5,214.52,209.82,211.41,63109183
2023-06-30,AAPL,212.01,208.34,203.33,206.49,107377264
2023-07-03,AAPL,205.11,201.84,195.81,198.62,47503341
2023-07-04,AAPL,199.24,202.45,195.87,198.89,111865683
2023-07-05,AAPL,196.73,198.12,196.24,197.39,125884850
2023-07-06,AAPL,197.17,200.15,197.68,199.03,71606799
2023-07-07,AAPL,200.19,204.85,199.76,201.51,87319208
2023-07-10,AAPL,201.53,203.6,199.46,202.08,111916466
2023-07-11,AAPL,201.56,205.84,202.77,204.8,69546102
2023-07-12,AAPL,205.73,207.94,204.43,205.69,103788927
2023-07-13,AAPL,206.72,210.17,204.17,207.65,65410447
2023-07-14,AAPL,209.04,207.26,202.58,205.27,69320865
2023-07-17,AAPL,206.18,207.02,202.12,204.73,62942757
2023-07-18,AAPL,205.86,207.78,203.61,205.51,88661060
2023-07-19,AAPL,206.28,209.83,207.2,208.5,113229569
2023-07-20,AAPL,208.78,209.16,205.6,207.2,75701104
2023-07-21,AAPL,207.29,211.34,207.94,209.14,54633753
2023-07-24,AAPL,208.88,210.71,206.66,208.29,57813053
2023-07-25,AAPL,207.0,211.38,204.99,207.96,90053727
2023-07-26,AAPL,206.95,212.04,210.07,211.01,139109523
2023-07-27,AAPL,210.71,205.26,203.4,204.07,90030106
2023-07-28,AAPL,204.32,201.27,198.11,199.71,71233105
2023-07-31,AAPL,201.18,196.94,191.32,194.83,100673421
2023-08-01,AAPL,194.79,190.39,184.92,187.33,74453669
2023-08-02,AAPL,188.29,186.45,183.66,185.27,71417366
2023-08-03,AAPL,186.29,189.82,185.07,187.73,60008661
2023-08-04,AAPL,187.51,188.29,184.47,186.9,122065927
2023-08-07,AAPL,187.47,189.85,186.34,187.62,37347435
2023-08-08,AAPL,187.38,193.19,187.52,191.21,101634637
2023-08-09,AAPL,192.5,196.48,194.3,195.67,69609646
2023-08-10,AAPL,196.3,196.5,193.78,195.53,70733862
2023-08-11,AAPL,194.34,202.41,197.67,200.17,132916509
2023-08-14,AAPL,200.33,201.83,199.08,200.57,64572414
2023-08-15,AAPL,202.26,200.43,195.57,197.83,65235636
2023-08-16,AAPL,197.64,197.05,194.36,195.92,76930957
2023-08-17,AAPL,196.37,191.8,189.86,191.14,90575236
2023-08-18,AAPL,191.67,189.78,186.54,188.36,70068259
2023-08-21,AAPL,187.36,188.92,185.5,187.3,49892413
2023-08-22,AAPL,187.79,191.35,189.16,189.96,61702051
2023-08-23,AAPL,188.61,196.49,194.43,195.69,117498643
2023-08-24,AAPL,195.07,193.01,189.21,191.23,81814923
2023-08-25,AAPL,192.28,193.88,191.32,192.6,91592814
2023-08-28,AAPL,192.95,190.92,187.86,189.31,73965611
2023-08-29,AAPL,189.01,191.79,189.81,190.93,65639478
2023-08-30,AAPL,191.36,192.68,189.33,190.59,132329823
2023-08-31,AAPL,190.53,186.1,183.79,184.83,75608527
2023-09-01,AAPL,184.84,190.17,186.42,187.85,70036439
2023-09-04,AAPL,188.48,187.39,184.35,186.01,111148744
2023-09-05,AAPL,185.32,186.19,181.1,184.42,64413196
2023-09-06,AAPL,184.45,184.13,179.33,181.17,66927398
2023-09-07,AAPL,180.88,180.12,178.63,179.25,80246298
2023-09-08,AAPL,177.8,181.59,179.58,180.64,80006482
2023-09-11,AAPL,179.79,180.84,179.29,180.14,86479728
2023-09-12,AAPL,181.58,183.93,178.86,181.23,149833902
2023-09-13,AAPL,181.59,183.87,181.43,182.43,88491022
2023-09-14,AAPL,181.2,188.4,182.88,186.66,39197401
2023-09-15,AAPL,185.19,188.44,183.52,185.66,88227289
2023-09-18,AAPL,185.55,184.36,178.09,181.14,80914305
2023-09-19,AAPL,182.58,186.21,183.24,184.54,81049626
2023-09-20,AAPL,184.36,187.41,179.33,183.58,86125955
2023-09-21,AAPL,184.81,188.18,185.93,187.18,79314673
2023-09-22,AAPL,187.52,190.86,186.38,188.49,78747222
2023-09-25,AAPL,188.94,190.34,186.62,188.15,96152925
2023-09-26,AAPL,186.87,191.32,186.96,189.36,67992839
2023-09-27,AAPL,190.26,198.01,192.99,195.84,60202912
2023-09-28,AAPL,195.5,206.03,199.46,202.97,198177099
2023-09-29,AAPL,203.86,204.24,202.28,203.3,64538981
2023-10-02,AAPL,202.46,206.91,200.67,203.95,82439897
2023-10-03,AAPL,204.13,210.87,205.67,207.81,51076706
2023-10-04,AAPL,208.18,206.26,202.21,204.93,82844649
2023-10-05,AAPL,204.77,209.49,202.25,206.19,60464654
2023-10-06,AAPL,206.62,208.58,204.1,206.19,70055287
2023-10-09,AAPL,205.91,209.05,205.22,207.39,109458560
2023-10-10,AAPL,206.7,206.92,202.61,204.56,92169521
2023-10-11,AAPL,206.24,200.82,198.14,199.2,94873980
2023-10-12,AAPL,200.26,193.96,191.36,192.38,47024332
2023-10-13,AAPL,191.63,189.74,187.29,188.84,138808486
2023-10-16,AAPL,189.39,188.13,186.47,187.46,55950212
2023-10-17,AAPL,186.75,190.49,183.9,186.61,126544608
2023-10-18,AAPL,185.49,194.8,191.14,192.95,108688913
2023-10-19,AAPL,193.97,198.45,195.37,196.7,95128295
2023-10-20,AAPL,194.99,194.83,191.64,193.6,61900682
2023-10-23,AAPL,194.51,196.62,193.34,194.83,83722150
2023-10-24,AAPL,194.58,196.79,192.02,193.58,69459941
2023-10-25,AAPL,193.37,195.83,188.97,192.73,80699994
2023-10-26,AAPL,193.13,197.73,190.61,193.43,74222323
2023-10-27,AAPL,194.0,197.02,193.93,195.56,43399307
2023-10-30,AAPL,194.74,196.17,192.97,194.52,112007057
2023-10-31,AAPL,195.24,200.72,195.68,198.17,78076919
2023-11-01,AAPL,198.28,196.58,192.53,194.44,69171333
2023-11-02,AAPL,193.2,196.18,192.17,194.55,67621668
2023-11-03,AAPL,194.38,206.74,199.95,203.43,89082642
2023-11-06,AAPL,204.86,206.41,201.68,204.3,61184857
2023-11-07,AAPL,206.04,211.22,207.78,209.43,40669318
2023-11-08,AAPL,210.2,212.36,207.67,209.85,90392886
2023-11-09,AAPL,208.58,213.47,210.17,212.03,93480937
2023-11-10,AAPL,212.56,212.89,210.84,211.92,75349484
2023-11-13,AAPL,212.84,212.24,210.03,211.4,56693284
2023-11-14,AAPL,212.19,211.28,206.31,208.71,82163182
2023-11-15,AAPL,209.55,211.81,209.02,210.34,51555913
2023-11-16,AAPL,210.73,209.07,206.06,207.41,58783279
2023-11-17,AAPL,207.33,211.65,208.19,209.87,63867923
2023-11-20,AAPL,209.21,217.26,211.11,213.87,103049386
2023-11-21,AAPL,211.8,216.62,213.61,215.31,71753981
2023-11-22,AAPL,215.68,217.16,210.09,214.36,69942026
2023-11-23,AAPL,214.56,219.17,213.93,216.12,143801573
2023-11-24,AAPL,216.73,218.08,212.28,215.08,88922516
2023-11-27,AAPL,213.61,221.35,215.93,218.63,88563958
2023-11-28,AAPL,219.35,212.95,211.38,212.02,71601527
2023-11-29,AAPL,214.24,215.32,208.16,210.91,66894391
2023-11-30,AAPL,210.99,205.98,202.67,203.98,41517071
2023-12-01,AAPL,203.91,201.41,196.48,198.95,106980737
2023-12-04,AAPL,199.26,206.84,201.76,203.71,91516524
2023-12-05,AAPL,205.82,207.71,206.1,206.93,75813534
2023-12-06,AAPL,205.84,205.11,203.51,204.5,76773430
2023-12-07,AAPL,204.71,202.0,197.88,199.43,99770237
2023-12-08,AAPL,198.62,191.23,188.13,189.71,50179853
2023-12-11,AAPL,189.18,188.73,187.47,188.05,67024768
2023-12-12,AAPL,188.0,199.27,193.24,196.04,56890921
2023-12-13,AAPL,197.39,199.69,195.01,197.58,136112182
2023-12-14,AAPL,199.4,198.38,193.65,195.8,104034574
2023-12-15,AAPL,196.25,200.16,195.88,197.45,41314719
2023-12-18,AAPL,197.07,193.26,191.84,192.36,50800091
2023-12-19,AAPL,194.81,194.67,187.77,191.48,76885932
2023-12-20,AAPL,191.06,193.79,190.77,191.89,69428300
2023-12-21,AAPL,191.33,195.82,189.61,191.69,53769800
2023-12-22,AAPL,189.96,195.9,193.12,194.37,143373814
2023-12-25,AAPL,195.76,197.24,192.5,195.61,87863863
2023-12-26,AAPL,196.57,199.48,196.26,197.93,92247163
2023-12-27,AAPL,200.37,196.98,194.37,195.72,65002267
2023-12-28,AAPL,194.33,200.9,194.91,198.82,99355952
2023-12-29,AAPL,200.3,206.85,203.04,204.49,71371369
2024-01-01,AAPL,204.57,202.6,198.16,201.24,73480765
2024-01-02,AAPL,202.07,202.72,195.8,198.31,96094033
2024-01-03,AAPL,196.64,205.69,199.27,202.96,49073901
2024-01-04,AAPL,204.48,204.33,199.52,202.39,129170726
2024-01-05,AAPL,203.2,208.32,206.13,207.38,84499312
2024-01-08,AAPL,207.33,207.84,202.64,205.91,117484909
2024-01-09,AAPL,206.59,213.84,208.82,211.17,57939577
2024-01-10,AAPL,210.34,212.93,209.06,211.74,60647420
2024-01-11,AAPL,211.11,213.74,211.7,212.76,56455717
2024-01-12,AAPL,212.26,221.01,215.03,218.6,86238432
2024-01-15,AAPL,216.53,219.4,214.25,217.36,81599376
2024-01-16,AAPL,218.31,216.23,212.42,214.0,69595721
2024-01-17,AAPL,215.3,215.58,207.7,212.47,59015839
2024-01-18,AAPL,211.71,216.43,211.5,214.21,54710068
2024-01-19,AAPL,214.59,210.03,206.33,208.67,78844807
2024-01-22,AAPL,208.39,212.22,209.68,211.04,69571193
2024-01-23,AAPL,211.4,210.74,207.16,209.21,65127346
2024-01-24,AAPL,208.54,214.92,212.03,213.43,127249977
2024-01-25,AAPL,212.47,209.12,202.16,205.01,78048383
2024-01-26,AAPL,206.11,206.44,200.19,202.38,117101316
2024-01-29,AAPL,202.31,198.3,195.51,196.74,68173162
2024-01-30,AAPL,198.77,195.7,192.06,194.08,86095704
2024-01-31,AAPL,194.13,197.55,193.11,194.99,78679593
2024-02-01,AAPL,194.07,195.57,193.45,194.49,48073925
2024-02-02,AAPL,195.7,196.29,190.78,193.74,122796452
2024-02-05,AAPL,194.36,195.81,192.11,193.3,76821192
2024-02-06,AAPL,194.02,197.39,192.21,194.06,100078222
2024-02-07,AAPL,195.24,191.99,189.46,190.84,63842430
2024-02-08,AAPL,190.21,196.23,191.64,193.24,76139967
2024-02-09,AAPL,193.11,197.72,193.62,195.52,61680690
2024-02-12,AAPL,195.35,198.91,194.15,196.89,115911408
2024-02-13,AAPL,195.59,200.12,197.84,198.85,87834067
2024-02-14,AAPL,198.58,201.32,198.14,199.95,89312610
2024-02-15,AAPL,201.31,210.24,204.47,207.08,120239054
2024-02-16,AAPL,207.33,208.63,205.31,206.87,113174290
2024-02-19,AAPL,205.45,206.72,204.93,205.88,100648011
2024-02-20,AAPL,204.25,204.88,201.93,203.35,52222238
2024-02-21,AAPL,205.08,200.99,197.65,199.9,64930852
2024-02-22,AAPL,199.81,197.11,194.59,195.81,59196368
2024-02-23,AAPL,195.16,196.86,189.87,192.96,99512846
2024-02-26,AAPL,192.69,194.77,191.25,192.81,84202298
2024-02-27,AAPL,191.36,197.63,192.11,194.0,52713569
2024-02-28,AAPL,195.41,196.45,191.67,194.25,75595999
2024-02-29,AAPL,193.86,192.66,191.21,191.83,51100431
2024-03-01,AAPL,193.17,197.15,191.47,194.87,78734362
2024-03-04,AAPL,194.93,199.35,195.07,197.43,48687137
2024-03-05,AAPL,198.87,199.31,193.94,196.98,93754051
2024-03-06,AAPL,197.24,196.43,193.5,194.9,89605385
2024-03-07,AAPL,195.74,198.56,195.22,196.81,141799088
2024-03-08,AAPL,197.53,198.4,196.66,197.53,103171084
2024-03-11,AAPL,198.16,195.59,190.98,192.81,70467552
2024-03-12,AAPL,193.15,195.34,188.63,192.67,102252747
2024-03-13,AAPL,192.45,197.82,189.26,193.62,52600597
2024-03-14,AAPL,195.51,191.62,189.59,190.77,59936451
2024-03-15,AAPL,189.89,193.66,189.64,191.47,88408612
2024-03-18,AAPL,191.48,188.39,185.03,186.88,41869252
2024-03-19,AAPL,186.89,194.08,189.09,191.26,79113094
2024-03-20,AAPL,191.65,196.21,194.19,195.45,58906276
2024-03-21,AAPL,195.02,197.86,191.5,194.7,82468693
2024-03-22,AAPL,195.01,198.11,193.45,195.99,57899325
2024-03-25,AAPL,195.83,189.16,187.42,188.21,90858293
2024-03-26,AAPL,186.69,185.6,184.06,184.63,80465205
2024-03-27,AAPL,184.63,186.34,181.6,183.79,121770291
2024-03-28,AAPL,182.76,181.97,179.05,180.55,80161792
2024-03-29,AAPL,178.95,184.47,180.33,182.84,63525016
2024-04-01,AAPL,182.97,193.39,185.09,189.24,74288850
2024-04-02,AAPL,189.71,188.19,184.12,185.58,53450485
2024-04-03,AAPL,186.07,185.38,181.2,183.03,90365974
2024-04-04,AAPL,183.56,186.17,182.38,183.85,95486197
2024-04-05,AAPL,182.04,189.73,188.05,189.04,167802122
2024-04-08,AAPL,187.73,188.38,182.6,185.24,66385312
2024-04-09,AAPL,187.1,187.23,184.84,186.11,73824323
2024-04-10,AAPL,185.11,193.66,190.69,192.05,67309344
2024-04-11,AAPL,192.65,188.39,185.71,186.81,85256191
2024-04-12,AAPL,186.16,185.32,179.92,182.87,89705653
2024-04-15,AAPL,182.94,182.97,180.53,181.64,78729205
2024-04-16,AAPL,181.05,182.03,178.18,180.12,110821900
2024-04-17,AAPL,180.63,185.26,179.44,182.71,66482102
2024-04-18,AAPL,182.83,186.75,180.81,183.54,107541718
2024-04-19,AAPL,183.12,180.09,174.43,178.16,94026437
2024-04-22,AAPL,177.21,182.72,176.79,179.81,79711802
2024-04-23,AAPL,180.06,181.77,174.75,178.14,72787602
2024-04-24,AAPL,177.03,182.82,180.87,182.12,165674821
2024-04-25,AAPL,182.52,182.89,176.89,180.27,62609939
2024-04-26,AAPL,182.69,180.02,176.23,178.41,87479684
2024-04-29,AAPL,179.64,182.42,178.48,180.14,63877099
2024-04-30,AAPL,180.8,184.57,180.62,182.57,136689626
2024-05-01,AAPL,182.49,188.19,180.73,184.05,104383804
2024-05-02,AAPL,182.23,182.05,177.38,178.93,65269292
2024-05-03,AAPL,177.73,182.07,179.17,180.66,93298602
2024-05-06,AAPL,181.84,179.12,176.43,177.59,86430044
2024-05-07,AAPL,176.87,180.13,176.68,178.38,68514075
2024-05-08,AAPL,177.74,176.01,173.07,174.19,100431499
2024-05-09,AAPL,174.04,177.15,173.83,175.6,89910816
2024-05-10,AAPL,174.65,173.96,172.13,173.28,85347934
2024-05-13,AAPL,172.2,170.23,168.5,169.62,79000226
2024-05-14,AAPL,169.58,175.18,169.7,171.77,91044006
2024-05-15,AAPL,170.99,174.21,170.77,172.56,85699152
2024-05-16,AAPL,171.9,174.42,167.95,170.84,81430885
2024-05-17,AAPL,170.16,177.27,173.12,175.19,66004429
2024-05-20,AAPL,175.65,175.05,173.04,173.96,132974383
2024-05-21,AAPL,173.75,174.86,173.29,174.13,58375755
2024-05-22,AAPL,173.97,175.84,173.34,175.01,90950690
2024-05-23,AAPL,175.54,177.14,171.29,173.25,72671872
2024-05-24,AAPL,173.13,176.4,173.17,174.72,135624605
2024-05-27,AAPL,174.48,174.82,171.21,173.22,61006588
2024-05-28,AAPL,173.64,174.56,169.88,172.09,64164343
2024-05-29,AAPL,172.68,179.04,172.68,176.21,59804518
2024-05-30,AAPL,176.08,174.37,172.35,173.19,88152313
2024-05-31,AAPL,173.27,166.92,165.32,166.31,52990435
2024-06-03,AAPL,165.64,172.4,169.86,171.0,69301606
2024-06-04,AAPL,170.25,179.39,178.04,178.66,41943223
2024-06-05,AAPL,179.36,178.91,176.72,177.51,85983295
2024-06-06,AAPL,177.92,173.13,169.46,171.84,68852199
2024-06-07,AAPL,172.24,172.73,168.74,171.01,51193348
2024-06-10,AAPL,171.26,172.38,167.78,170.26,110798081
2024-06-11,AAPL,170.3,171.59,167.27,169.78,54040110
2024-06-12,AAPL,170.39,167.95,165.36,166.67,101606726
2024-06-13,AAPL,167.47,170.05,166.4,168.4,64826494
2024-06-14,AAPL,169.18,172.79,167.58,169.99,129346913
2024-06-17,AAPL,169.9,168.83,162.35,165.8,100172309
2024-06-18,AAPL,166.97,171.43,166.01,167.85,59122542
2024-06-19,AAPL,168.05,174.97,172.6,173.9,60758188
2024-06-20,AAPL,174.46,175.29,173.74,174.48,95936277
2024-06-21,AAPL,174.74,174.67,172.43,173.56,73944380
2024-06-24,AAPL,173.78,174.98,171.19,173.22,76037290
2024-06-25,AAPL,172.57,177.52,172.33,175.12,117178485
2024-06-26,AAPL,175.75,171.12,168.49,170.12,63906429
2024-06-27,AAPL,172.59,172.83,168.63,170.67,82221330
2024-06-28,AAPL,170.35,171.14,168.27,169.62,106528757
2024-07-01,AAPL,169.68,176.16,174.18,175.12,101978487
2024-07-02,AAPL,174.72,175.78,172.8,174.68,76259563
2024-07-03,AAPL,174.24,181.62,177.34,179.78,73358242
2024-07-04,AAPL,181.2,179.02,174.48,176.52,47483486
2024-07-05,AAPL,175.91,179.96,176.22,178.37,58273831
2024-07-08,AAPL,177.94,180.55,178.59,179.42,88017389
2024-07-09,AAPL,177.97,179.32,174.96,176.87,76758334
2024-07-10,AAPL,176.19,178.87,176.59,177.49,81818612
2024-07-11,AAPL,175.94,183.92,177.19,181.27,109267905
2024-07-12,AAPL,181.85,181.63,178.95,180.35,56026775
2024-07-15,AAPL,182.93,176.67,174.24,175.31,74527824
2024-07-16,AAPL,174.99,177.23,174.22,175.34,84659719
2024-07-17,AAPL,173.85,175.24,171.34,172.75,64765862
2024-07-18,AAPL,173.54,174.1,169.78,171.82,122912137
2024-07-19,AAPL,171.19,172.75,170.14,171.66,105067465
2024-07-22,AAPL,172.8,169.49,163.04,166.83,87275225
2024-07-23,AAPL,166.59,164.35,160.32,162.38,137043195
2024-07-24,AAPL,161.86,166.15,162.17,163.79,51027160
2024-07-25,AAPL,163.64,163.93,160.54,162.41,79814783
2024-07-26,AAPL,163.04,156.09,154.46,155.55,89293413
2024-07-29,AAPL,155.37,159.67,155.91,157.71,60804276
2024-07-30,AAPL,157.31,159.31,157.25,158.52,87552708
2024-07-31,AAPL,158.36,159.0,154.08,156.67,57400435
2024-08-01,AAPL,155.66,154.03,152.67,153.27,98415058
2024-08-02,AAPL,153.58,158.61,152.12,155.54,109878703
2024-08-05,AAPL,154.12,158.61,155.45,156.54,86810419
2024-08-06,AAPL,156.18,165.91,160.22,163.08,45887249
2024-08-07,AAPL,163.71,166.17,162.25,164.33,59858807
2024-08-08,AAPL,164.58,166.49,164.58,165.49,94768742
2024-08-09,AAPL,165.99,168.19,162.67,165.09,80510388
2024-08-12,AAPL,165.04,170.19,165.18,167.48,35652734
2024-08-13,AAPL,168.48,170.86,167.61,169.34,116149220
2024-08-14,AAPL,170.14,174.82,171.77,173.07,83347914
2024-08-15,AAPL,173.46,173.26,169.88,171.62,62571145
2024-08-16,AAPL,172.43,173.76,167.64,170.43,107825406
2024-08-19,AAPL,171.08,171.45,167.14,169.12,65285152
2024-08-20,AAPL,168.74,172.88,170.3,171.49,65071782
2024-08-21,AAPL,170.31,177.67,173.07,175.99,89079785
2024-08-22,AAPL,176.37,176.65,172.69,174.7,136501850
2024-08-23,AAPL,175.19,176.85,170.78,173.52,130204043
2024-08-26,AAPL,174.49,175.73,173.08,174.53,89116106
2024-08-27,AAPL,173.7,175.02,172.63,173.88,91903795
2024-08-28,AAPL,173.08,180.19,173.74,176.8,101440895
2024-08-29,AAPL,177.21,172.44,168.49,170.23,54868067
2024-08-30,AAPL,170.17,169.67,166.53,167.93,97054350
2024-09-02,AAPL,166.32,167.19,163.49,165.79,64187250
2024-09-03,AAPL,166.1,160.98,158.05,159.44,88020527
2024-09-04,AAPL,157.94,159.44,154.38,156.92,74722880
2024-09-05,AAPL,156.17,155.56,153.38,154.57,92980438
2024-09-06,AAPL,155.63,154.99,152.72,154.11,82885295
2024-09-09,AAPL,155.54,158.74,155.45,157.13,31820716
2024-09-10,AAPL,156.15,157.91,154.19,156.54,84410698
2024-09-11,AAPL,156.28,156.74,151.27,153.89,96996269
2024-09-12,AAPL,153.92,154.57,152.84,153.81,91451167
2024-09-13,AAPL,155.21,157.19,155.96,156.65,77575437
2024-09-16,AAPL,156.26,157.14,152.39,154.14,130931612
2024-09-17,AAPL,153.77,153.13,150.78,151.84,87833113
2024-09-18,AAPL,153.04,154.61,152.09,153.36,91224967
2024-09-19,AAPL,153.07,154.04,151.38,152.85,109439753
2024-09-20,AAPL,153.42,156.3,153.16,154.61,89193176
2024-09-23,AAPL,153.45,156.92,152.81,154.65,61106687
2024-09-24,AAPL,154.51,158.45,154.47,156.58,38494886
2024-09-25,AAPL,155.25,155.99,151.79,153.91,69330877
2024-09-26,AAPL,153.08,154.89,152.62,153.95,100515333
2024-09-27,AAPL,154.61,154.93,151.71,153.47,71959087
2024-09-30,AAPL,153.43,152.45,148.32,150.39,101735890
2024-10-01,AAPL,150.15,147.77,145.36,146.51,83650306
2024-10-02,AAPL,145.95,149.06,146.73,148.3,117736191
2024-10-03,AAPL,148.13,148.58,146.31,147.48,73219488
2024-10-04,AAPL,147.71,145.64,144.46,145.01,92048083
2024-10-07,AAPL,145.73,146.27,143.75,144.84,93110983
2024-10-08,AAPL,142.9,149.33,145.92,147.71,125525283
2024-10-09,AAPL,147.08,142.69,141.56,142.15,47944085
2024-10-10,AAPL,142.27,140.39,137.58,138.64,69721180
2024-10-11,AAPL,138.57,138.48,133.9,136.54,103190982
2024-10-14,AAPL,136.82,142.62,138.58,140.04,127204442
2024-10-15,AAPL,140.23,142.07,137.96,140.78,85974271
2024-10-16,AAPL,140.56,143.62,140.97,142.69,73274699
2024-10-17,AAPL,142.31,141.92,137.72,140.02,100399993
2024-10-18,AAPL,139.84,138.11,136.29,137.44,103817799
2024-10-21,AAPL,138.24,139.54,137.49,138.55,71817496
2024-10-22,AAPL,138.03,140.0,137.74,138.75,88333447
2024-10-23,AAPL,138.71,141.21,139.04,140.11,113998445
2024-10-24,AAPL,140.25,140.71,137.99,139.73,141057037
2024-10-25,AAPL,140.84,141.55,139.59,140.46,99963800
2024-10-28,AAPL,140.24,142.85,139.33,140.9,81066378
2024-10-29,AAPL,141.59,144.09,141.46,142.84,78712665
2024-10-30,AAPL,143.74,145.89,143.62,144.88,94561044
2024-10-31,AAPL,144.83,142.06,140.2,141.01,77271468
2024-11-01,AAPL,140.85,136.73,134.3,135.78,84683331
2024-11-04,AAPL,135.55,139.23,137.36,138.17,58245320
2024-11-05,AAPL,137.99,142.51,139.62,141.06,118054194
2024-11-06,AAPL,141.67,140.0,137.87,138.69,56824707
2024-11-07,AAPL,138.86,136.12,132.9,134.43,70273382
2024-11-08,AAPL,134.6,137.01,133.14,134.72,82376863
2024-11-11,AAPL,133.95,137.88,135.68,136.93,145375885
2024-11-12,AAPL,136.26,142.54,139.73,141.25,70472441
2024-11-13,AAPL,142.79,143.99,140.45,142.56,65511250
2024-11-14,AAPL,142.43,144.57,139.91,141.72,67814874
2024-11-15,AAPL,141.16,141.05,138.38,139.65,131590625
2024-11-18,AAPL,140.67,142.31,137.49,139.74,34409150
2024-11-19,AAPL,139.94,140.53,137.54,139.09,59216796
2024-11-20,AAPL,139.5,139.31,134.51,136.77,181528605
2024-11-21,AAPL,136.68,143.51,139.74,141.69,95515759
2024-11-22,AAPL,141.46,146.64,145.39,146.12,57410725
2024-11-25,AAPL,146.0,149.45,148.16,149.04,79000267
2024-11-26,AAPL,147.99,147.77,145.76,146.79,81635401
2024-11-27,AAPL,146.72,151.03,148.01,149.01,103116994
2024-11-28,AAPL,149.23,151.83,149.03,150.7,138917083
2024-11-29,AAPL,152.13,153.73,149.8,151.91,89890488
2024-12-02,AAPL,151.98,156.9,153.01,155.25,68039617
2024-12-03,AAPL,153.4,159.9,155.49,157.0,101306641
2024-12-04,AAPL,156.93,159.95,157.97,159.06,64880740
2024-12-05,AAPL,161.29,162.01,159.84,160.87,58675683
2024-12-06,AAPL,161.58,165.11,159.92,161.88,47183958
2024-12-09,AAPL,161.21,158.81,155.36,157.11,50023260
2024-12-10,AAPL,157.58,160.78,153.68,157.4,61135522
2024-12-11,AAPL,156.81,157.53,154.43,155.99,56187241
2024-12-12,AAPL,154.92,155.04,149.7,152.7,87882227
2024-12-13,AAPL,152.43,158.9,155.76,157.2,55824122
2024-12-16,AAPL,157.28,163.69,160.16,161.97,31153504
2024-12-17,AAPL,160.42,167.29,164.34,165.83,58489842
2024-12-18,AAPL,164.86,168.25,164.06,166.63,69440393
2024-12-19,AAPL,166.64,173.16,168.51,170.58,66712463
2024-12-20,AAPL,170.22,172.01,169.8,170.69,126202030
2024-12-23,AAPL,171.03,173.34,169.26,171.36,66550686
2024-12-24,AAPL,170.29,169.59,167.08,168.27,104199118
2024-12-25,AAPL,168.89,170.43,168.73,169.49,79545712
2024-12-26,AAPL,168.47,170.71,168.88,169.74,78991102
2024-12-27,AAPL,171.16,166.76,165.38,166.1,62265814
2024-12-30,AAPL,164.64,168.45,164.24,166.03,78601583
2024-12-31,AAPL,165.1,167.0,164.87,165.88,63592643
2022-01-03,MSFT,337.84,341.39,336.02,338.44,26896760
2022-01-04,MSFT,338.64,352.87,343.34,346.25,14133010
2022-01-05,MSFT,347.91,352.46,342.72,346.12,29954669
2022-01-06,MSFT,345.93,350.52,348.16,349.13,26933500
2022-01-07,MSFT,349.83,353.63,348.69,350.99,13237556
2022-01-10,MSFT,353.73,349.57,346.24,347.76,24139826
2022-01-11,MSFT,347.36,351.88,342.57,347.18,19615368
2022-01-12,MSFT,345.92,343.77,338.14,340.97,21821131
2022-01-13,MSFT,341.72,348.97,338.98,343.83,16734050
2022-01-14,MSFT,345.03,352.67,345.52,348.18,28324649
2022-01-17,MSFT,348.37,356.56,350.12,353.86,42411041
2022-01-18,MSFT,355.54,362.21,354.23,357.81,27068830
2022-01-19,MSFT,357.47,363.45,353.36,357.3,13079689
2022-01-20,MSFT,357.51,370.09,362.22,366.36,27236408
2022-01-21,MSFT,367.0,374.19,369.65,371.76,23582011
2022-01-24,MSFT,372.26,383.12,376.7,380.2,17967634
2022-01-25,MSFT,383.1,394.79,385.64,389.22,27797969
2022-01-26,MSFT,389.9,392.08,385.16,388.68,32550907
2022-01-27,MSFT,388.12,394.72,387.09,391.3,20457054
2022-01-28,MSFT,392.27,399.33,392.46,396.33,15267951
2022-01-31,MSFT,398.22,392.87,382.12,389.45,13672330
2022-02-01,MSFT,390.88,384.82,381.01,382.83,20474297
2022-02-02,MSFT,384.13,381.81,369.29,375.3,23860509
2022-02-03,MSFT,372.64,376.68,372.02,374.88,21414626
2022-02-04,MSFT,370.46,378.3,369.37,373.14,20366495
2022-02-07,MSFT,375.38,366.93,363.12,365.01,29643583
2022-02-08,MSFT,365.77,370.84,360.93,366.09,28723730
2022-02-09,MSFT,366.05,368.99,363.57,365.75,26542675
2022-02-10,MSFT,366.95,378.43,369.03,372.84,31938818
2022-02-11,MSFT,376.24,390.52,380.54,385.08,20531978
2022-02-14,MSFT,387.65,396.33,382.47,388.09,18002453
2022-02-15,MSFT,389.85,389.36,380.9,384.08,21374010
2022-02-16,MSFT,382.47,393.53,382.26,388.24,20936310
2022-02-17,MSFT,386.85,391.86,384.28,388.53,13510794
2022-02-18,MSFT,384.15,389.67,384.74,387.29,21225541
2022-02-21,MSFT,388.45,385.92,377.35,382.29,34824842
2022-02-22,MSFT,384.3,383.82,377.49,379.73,31789366
2022-02-23,MSFT,381.87,384.4,373.15,378.9,29266133
2022-02-24,MSFT,380.1,385.72,382.14,383.95,26006883
2022-02-25,MSFT,383.67,391.96,383.82,387.28,38611315
2022-02-28,MSFT,386.25,401.93,394.07,398.81,18189153
2022-03-01,MSFT,397.26,408.46,398.15,403.31,18716915
2022-03-02,MSFT,403.0,408.12,402.61,406.25,35028583
2022-03-03,MSFT,404.38,407.88,401.91,404.54,25207896
2022-03-04,MSFT,407.89,404.36,393.24,398.22,20440583
2022-03-07,MSFT,395.77,397.09,392.34,394.89,29501857
2022-03-08,MSFT,394.52,394.5,386.47,390.79,21918603
2022-03-09,MSFT,387.22,382.73,368.21,375.57,19445548
2022-03-10,MSFT,376.09,376.74,364.92,369.87,19283894
2022-03-11,MSFT,369.86,380.77,377.39,379.54,27531770
2022-03-14,MSFT,378.9,384.88,378.46,381.98,26592267
2022-03-15,MSFT,380.29,381.09,378.48,379.94,39405281
2022-03-16,MSFT,379.95,388.2,376.38,382.56,22916313
2022-03-17,MSFT,381.58,373.6,368.18,371.19,22799326
2022-03-18,MSFT,370.95,375.9,369.43,373.06,38504144
2022-03-21,MSFT,376.51,384.34,378.34,380.87,33601471
2022-03-22,MSFT,381.18,385.88,375.36,380.37,26110703
2022-03-23,MSFT,381.33,372.75,367.27,370.12,15651582
2022-03-24,MSFT,369.31,370.89,363.91,367.93,19595880
2022-03-25,MSFT,366.57,379.5,371.95,375.64,18222323
2022-03-28,MSFT,375.6,380.34,372.67,377.4,25274888
2022-03-29,MSFT,381.86,373.89,365.56,369.28,21463922
2022-03-30,MSFT,368.78,385.75,380.63,383.53,40437084
2022-03-31,MSFT,384.19,379.32,373.85,376.26,15602710
2022-04-01,MSFT,374.78,378.74,372.64,375.04,17645378
2022-04-04,MSFT,370.16,373.16,362.86,369.18,26903717
2022-04-05,MSFT,367.8,365.3,361.84,363.42,29233246
2022-04-06,MSFT,367.51,367.61,357.49,361.06,11504461
2022-04-07,MSFT,362.07,367.23,362.19,364.91,14853756
2022-04-08,MSFT,367.74,377.55,367.78,372.62,23099124
2022-04-11,MSFT,372.01,373.62,365.28,370.58,37550583
2022-04-12,MSFT,366.45,366.16,363.43,364.95,44044658
2022-04-13,MSFT,363.03,371.27,366.24,367.92,22076784
2022-04-14,MSFT,368.61,373.97,367.85,371.1,23752356
2022-04-15,MSFT,371.51,376.64,369.04,372.73,19449397
2022-04-18,MSFT,372.71,377.22,371.02,374.57,30230088
2022-04-19,MSFT,373.63,380.31,368.81,374.13,39544819
2022-04-20,MSFT,375.79,376.77,373.46,374.93,36440545
2022-04-21,MSFT,374.04,378.54,370.71,374.08,24783438
2022-04-22,MSFT,374.62,384.59,377.18,380.66,19439679
2022-04-25,MSFT,381.01,396.84,392.37,394.49,25061553
2022-04-26,MSFT,393.8,401.27,391.45,395.84,37830355
2022-04-27,MSFT,394.19,400.47,390.02,396.03,22169571
2022-04-28,MSFT,395.23,401.22,394.93,397.87,14501427
2022-04-29,MSFT,401.39,399.94,387.82,394.0,22440627
2022-05-02,MSFT,396.07,400.16,397.81,399.01,22992500
2022-05-03,MSFT,400.93,410.54,397.52,402.03,14475917
2022-05-04,MSFT,400.53,404.31,393.96,399.61,26802281
2022-05-05,MSFT,396.89,407.14,403.41,405.57,29098226
2022-05-06,MSFT,407.67,411.84,400.99,405.93,43677959
2022-05-09,MSFT,407.66,405.68,395.21,400.01,16762809
2022-05-10,MSFT,400.27,406.15,400.06,402.47,31125650
2022-05-11,MSFT,401.76,406.58,400.52,404.21,33412386
2022-05-12,MSFT,401.41,414.92,406.34,410.61,29217332
2022-05-13,MSFT,412.3,418.91,414.56,416.27,18482703
2022-05-16,MSFT,418.6,417.58,413.04,415.8,18163204
2022-05-17,MSFT,414.47,416.27,410.28,412.96,25739707
2022-05-18,MSFT,411.48,417.35,406.23,413.22,25685564
2022-05-19,MSFT,415.64,418.47,413.24,415.84,21137435
2022-05-20,MSFT,414.58,421.8,413.85,419.26,36831996
2022-05-23,MSFT,422.79,423.68,418.21,421.51,22168012
2022-05-24,MSFT,421.29,423.25,419.36,421.15,14164879
2022-05-25,MSFT,420.38,434.1,422.97,428.07,23374808
2022-05-26,MSFT,428.16,426.13,421.32,423.8,28874470
2022-05-27,MSFT,423.02,444.8,435.74,440.93,27700879
2022-05-30,MSFT,443.28,450.61,443.0,446.53,27636644
2022-05-31,MSFT,448.4,442.99,431.87,438.93,39137165
2022-06-01,MSFT,441.19,443.97,436.15,440.47,17893520
2022-06-02,MSFT,440.86,454.27,437.6,446.13,22015864
2022-06-03,MSFT,445.17,446.34,441.34,443.94,39741343
2022-06-06,MSFT,443.92,440.91,425.99,433.87,13855341
2022-06-07,MSFT,432.99,429.58,423.49,427.08,24600517
2022-06-08,MSFT,430.04,432.33,428.86,430.99,36145489
2022-06-09,MSFT,433.03,424.83,413.68,419.49,35984226
2022-06-10,MSFT,419.31,413.12,407.32,410.27,30475123
2022-06-13,MSFT,408.47,418.25,411.44,414.0,30707521
2022-06-14,MSFT,417.01,420.43,406.89,412.79,18293922
2022-06-15,MSFT,413.06,413.3,404.83,408.53,37744091
2022-06-16,MSFT,408.28,411.15,399.52,405.6,17441585
2022-06-17,MSFT,408.57,402.98,389.69,396.55,17756504
2022-06-20,MSFT,395.59,402.79,395.89,399.82,28085068
2022-06-21,MSFT,399.22,396.13,393.69,395.01,21562840
2022-06-22,MSFT,394.58,397.75,386.52,391.92,26599298
2022-06-23,MSFT,389.48,396.47,392.04,394.3,28448799
2022-06-24,MSFT,394.89,395.68,390.25,392.94,42619365
2022-06-27,MSFT,391.53,390.99,386.83,388.84,28474051
2022-06-28,MSFT,387.79,379.9,374.12,377.06,20765968
2022-06-29,MSFT,375.81,382.52,377.11,379.48,30625169
2022-06-30,MSFT,378.42,383.32,377.26,380.17,19479245
2022-07-01,MSFT,378.67,381.34,373.31,377.31,32878616
2022-07-04,MSFT,377.75,377.61,365.32,371.42,25489438
2022-07-05,MSFT,371.14,375.4,364.37,371.71,28192020
2022-07-06,MSFT,371.79,377.37,372.47,374.75,14653506
2022-07-07,MSFT,378.92,376.9,373.72,375.55,12726063
2022-07-08,MSFT,375.28,388.82,382.94,385.59,15933894
2022-07-11,MSFT,386.7,392.45,387.46,390.13,42207886
2022-07-12,MSFT,391.45,391.86,385.18,389.7,17715312
2022-07-13,MSFT,389.58,398.1,391.36,394.49,31142354
2022-07-14,MSFT,395.0,398.78,389.06,395.03,20620866
2022-07-15,MSFT,395.06,398.57,393.12,395.54,23263062
2022-07-18,MSFT,395.92,409.02,400.5,403.94,24666837
2022-07-19,MSFT,402.82,401.5,392.05,398.5,40935978
2022-07-20,MSFT,397.57,404.32,391.31,398.88,29791630
2022-07-21,MSFT,398.91,409.05,402.36,406.67,28061141
2022-07-22,MSFT,402.88,416.08,405.15,408.89,36887965
2022-07-25,MSFT,411.78,410.34,401.58,406.76,20674824
2022-07-26,MSFT,410.91,399.1,392.68,396.21,34445512
2022-07-27,MSFT,396.53,386.77,377.6,382.52,32761911
2022-07-28,MSFT,383.72,400.47,391.0,395.47,32650025
2022-07-29,MSFT,397.49,401.52,394.74,397.63,23863994
2022-08-01,MSFT,395.14,397.41,391.91,394.22,21926179
2022-08-02,MSFT,395.95,400.95,392.71,396.63,19258041
2022-08-03,MSFT,395.83,395.88,384.4,390.98,19623368
2022-08-04,MSFT,395.22,390.91,388.26,389.18,18987329
2022-08-05,MSFT,388.83,387.06,380.93,383.68,27908467
2022-08-08,MSFT,385.33,377.25,373.13,375.46,23344815
2022-08-09,MSFT,375.14,366.24,359.02,363.43,28454203
2022-08-10,MSFT,367.2,357.5,350.9,354.61,28940454
2022-08-11,MSFT,353.75,365.43,358.36,360.57,18191400
2022-08-12,MSFT,362.56,359.74,350.83,355.22,18028345
2022-08-15,MSFT,356.27,360.62,356.26,358.44,23342546
2022-08-16,MSFT,359.12,366.94,360.99,364.09,19813026
2022-08-17,MSFT,364.49,369.84,359.54,364.4,19196964
2022-08-18,MSFT,363.26,364.67,361.03,362.91,41578446
2022-08-19,MSFT,358.47,368.4,358.79,363.88,15781989
2022-08-22,MSFT,365.73,366.68,356.84,361.72,45869258
2022-08-23,MSFT,360.88,373.01,363.25,368.86,27263225
2022-08-24,MSFT,370.9,382.87,377.36,380.15,33607434
2022-08-25,MSFT,380.78,392.12,385.49,389.16,32439462
2022-08-26,MSFT,391.36,377.41,374.85,376.41,30083100
2022-08-29,MSFT,377.84,380.39,368.59,374.05,41158289
2022-08-30,MSFT,369.7,379.5,370.01,374.3,18068151
2022-08-31,MSFT,375.38,383.21,373.21,377.26,23854247
2022-09-01,MSFT,376.65,370.8,363.8,367.35,19356373
2022-09-02,MSFT,369.37,360.72,354.54,357.61,15030056
2022-09-05,MSFT,358.61,370.76,362.41,365.27,20501611
2022-09-06,MSFT,366.31,367.69,355.84,362.28,43844099
2022-09-07,MSFT,361.81,356.53,352.15,354.1,23732272
2022-09-08,MSFT,352.57,355.62,344.81,348.2,45328253
2022-09-09,MSFT,347.49,356.85,344.84,350.56,46741105
2022-09-12,MSFT,347.58,353.67,341.54,346.25,61400313
2022-09-13,MSFT,345.28,352.94,341.47,347.78,44279584
2022-09-14,MSFT,345.37,345.19,339.23,342.66,50719750
2022-09-15,MSFT,340.33,338.38,328.97,333.57,27561671
2022-09-16,MSFT,333.75,343.65,339.41,341.34,26772474
2022-09-19,MSFT,342.2,346.73,337.79,343.69,27312040
2022-09-20,MSFT,343.64,343.75,339.89,342.09,25000466
2022-09-21,MSFT,341.28,343.38,333.24,339.49,26148053
2022-09-22,MSFT,337.97,350.65,345.91,347.62,31328574
2022-09-23,MSFT,347.1,352.69,348.37,351.08,21739490
2022-09-26,MSFT,349.72,359.13,355.76,357.69,16536805
2022-09-27,MSFT,357.58,359.07,350.94,354.63,27881446
2022-09-28,MSFT,352.08,356.56,352.07,355.12,20308395
2022-09-29,MSFT,356.3,360.66,355.01,357.59,20949059
2022-09-30,MSFT,356.63,356.8,351.92,354.71,23951952
2022-10-03,MSFT,355.34,356.4,352.77,354.39,22359087
2022-10-04,MSFT,355.87,355.67,345.84,351.35,34879127
2022-10-05,MSFT,351.9,358.02,349.77,353.78,23780201
2022-10-06,MSFT,355.11,349.39,345.21,346.7,35410582
2022-10-07,MSFT,343.31,352.06,347.52,350.04,26593868
2022-10-10,MSFT,349.22,353.23,350.32,351.96,24344772
2022-10-11,MSFT,353.8,354.87,348.67,351.05,26215267
2022-10-12,MSFT,351.89,356.01,351.62,353.75,16968978
2022-10-13,MSFT,356.84,353.69,350.87,351.93,27668621
2022-10-14,MSFT,354.76,350.16,346.18,348.44,32253695
2022-10-17,MSFT,348.93,355.39,348.14,351.64,33653967
2022-10-18,MSFT,351.23,360.43,350.62,355.12,16663548
2022-10-19,MSFT,353.51,354.07,350.83,352.5,15850194
2022-10-20,MSFT,351.71,355.15,345.58,349.43,21281332
2022-10-21,MSFT,348.76,353.8,345.19,348.63,37874366
2022-10-24,MSFT,347.65,351.73,339.37,345.82,26713483
2022-10-25,MSFT,344.32,357.06,352.61,354.43,19815555
2022-10-26,MSFT,355.11,360.87,352.04,356.41,16167353
2022-10-27,MSFT,359.27,361.79,352.47,356.71,20362175
2022-10-28,MSFT,358.28,355.81,345.59,351.71,19953618
2022-10-31,MSFT,351.18,361.21,350.03,356.04,33100922
2022-11-01,MSFT,357.75,354.54,351.44,352.84,33873706
2022-11-02,MSFT,353.41,354.07,345.19,349.43,18245258
2022-11-03,MSFT,349.37,360.44,350.64,353.92,31337819
2022-11-04,MSFT,353.75,357.98,354.62,356.3,30389674
2022-11-07,MSFT,355.96,345.28,340.86,342.72,17548554
2022-11-08,MSFT,343.78,346.31,335.81,342.08,24379197
2022-11-09,MSFT,342.3,344.19,340.91,342.95,27691397
2022-11-10,MSFT,341.77,344.16,338.45,341.33,26254737
2022-11-11,MSFT,340.07,345.21,339.11,342.39,14964990
2022-11-14,MSFT,342.89,336.97,327.83,332.97,26003484
2022-11-15,MSFT,333.64,320.01,317.17,318.64,30257839
2022-11-16,MSFT,318.17,318.42,310.84,313.96,40155285
2022-11-17,MSFT,312.29,318.66,311.73,315.55,20455227
2022-11-18,MSFT,317.41,302.98,297.39,300.1,21226276
2022-11-21,MSFT,301.57,297.92,294.03,296.32,23481568
2022-11-22,MSFT,293.53,288.67,285.78,287.65,27282367
2022-11-23,MSFT,289.47,287.89,284.37,286.72,25738325
2022-11-24,MSFT,286.44,296.98,294.91,295.87,29969141
2022-11-25,MSFT,296.14,300.35,291.9,295.04,17837801
2022-11-28,MSFT,296.62,296.55,292.65,294.71,28160827
2022-11-29,MSFT,297.01,301.24,296.96,298.81,20009581
2022-11-30,MSFT,300.22,303.95,295.39,299.08,23947780
2022-12-01,MSFT,299.43,300.35,296.09,298.25,41732487
2022-12-02,MSFT,296.31,304.5,301.53,302.81,16434831
2022-12-05,MSFT,299.91,307.44,301.21,305.25,22989453
2022-12-06,MSFT,306.52,309.79,303.23,306.82,17055659
2022-12-07,MSFT,308.77,309.85,301.51,306.33,26174776
2022-12-08,MSFT,305.16,307.65,301.45,304.85,34238327
2022-12-09,MSFT,304.46,312.6,306.36,309.47,26305350
2022-12-12,MSFT,308.65,310.52,304.11,308.01,24139779
2022-12-13,MSFT,307.16,317.02,311.35,314.23,37240486
2022-12-14,MSFT,315.83,312.74,306.38,309.27,27605818
2022-12-15,MSFT,309.59,319.9,313.93,316.52,31968327
2022-12-16,MSFT,316.18,321.66,316.68,319.07,30983445
2022-12-19,MSFT,323.08,316.59,310.87,314.43,10548711
2022-12-20,MSFT,312.3,320.84,314.06,317.15,24431546
2022-12-21,MSFT,317.97,316.11,313.18,314.1,18091703
2022-12-22,MSFT,312.54,317.83,311.25,314.45,19493493
2022-12-23,MSFT,314.22,313.78,310.92,312.23,38910014
2022-12-26,MSFT,312.45,315.06,307.77,311.77,22341236
2022-12-27,MSFT,313.01,319.75,313.76,316.61,44108225
2022-12-28,MSFT,316.22,322.11,316.53,319.39,16388326
2022-12-29,MSFT,318.84,315.19,311.97,313.97,18061355
2022-12-30,MSFT,313.55,312.23,305.84,308.91,31424285
2023-01-02,MSFT,307.34,313.17,307.49,310.42,22566451
2023-01-03,MSFT,311.34,315.19,310.66,312.28,27414553
2023-01-04,MSFT,312.7,311.26,307.8,309.17,24171730
2023-01-05,MSFT,309.8,321.54,314.18,317.2,23953224
2023-01-06,MSFT,317.09,323.81,319.74,321.48,22819262
2023-01-09,MSFT,321.19,323.96,315.59,318.51,26383104
2023-01-10,MSFT,320.28,320.17,310.5,315.1,30306654
2023-01-11,MSFT,316.62,314.93,312.61,314.16,40577043
2023-01-12,MSFT,316.26,315.79,308.06,312.7,23526373
2023-01-13,MSFT,313.25,320.76,316.27,319.14,22215368
2023-01-16,MSFT,321.18,326.18,323.05,324.32,21373190
2023-01-17,MSFT,323.68,329.6,322.11,324.69,38853998
2023-01-18,MSFT,324.38,330.96,327.1,328.37,30752561
2023-01-19,MSFT,330.22,336.9,327.88,332.85,14142236
2023-01-20,MSFT,334.17,338.21,328.75,333.35,13956419
2023-01-23,MSFT,332.89,337.01,333.92,335.67,19489160
2023-01-24,MSFT,334.01,342.97,335.03,339.02,26787074
2023-01-25,MSFT,338.7,345.72,338.46,341.84,24750230
2023-01-26,MSFT,340.73,340.33,335.25,337.87,29174918
2023-01-27,MSFT,340.62,338.87,331.25,334.48,23718202
2023-01-30,MSFT,335.68,337.44,327.17,333.16,38019586
2023-01-31,MSFT,331.95,332.36,326.81,329.67,31516437
2023-02-01,MSFT,328.04,325.08,319.7,322.3,25588647
2023-02-02,MSFT,321.11,327.84,323.03,325.94,35250427
2023-02-03,MSFT,325.08,330.98,325.03,327.92,15244274
2023-02-06,MSFT,327.66,322.9,319.0,321.26,24370013
2023-02-07,MSFT,322.95,322.85,316.97,320.23,26052911
2023-02-08,MSFT,318.77,323.79,315.72,319.49,29948725
2023-02-09,MSFT,322.95,325.33,317.72,320.6,14944241
2023-02-10,MSFT,319.17,317.44,314.41,315.37,23121288
2023-02-13,MSFT,313.27,310.97,307.05,308.9,28191318
2023-02-14,MSFT,311.36,312.54,310.71,311.62,28847532
2023-02-15,MSFT,313.57,307.49,301.71,304.36,35684441
2023-02-16,MSFT,304.1,307.17,298.92,303.43,31416317
2023-02-17,MSFT,303.98,304.04,299.41,302.05,24547794
2023-02-20,MSFT,302.63,304.82,296.72,301.64,30611261
2023-02-21,MSFT,301.84,307.08,298.98,303.03,23534483
2023-02-22,MSFT,301.17,315.26,305.89,310.94,26125399
2023-02-23,MSFT,307.29,306.76,299.83,303.38,31731711
2023-02-24,MSFT,302.17,310.27,305.13,307.78,24662542
2023-02-27,MSFT,310.42,299.28,292.91,296.01,27867823
2023-02-28,MSFT,298.61,306.02,297.39,302.76,33357027
2023-03-01,MSFT,302.39,295.5,291.22,293.35,30954713
2023-03-02,MSFT,292.02,306.78,303.02,305.0,36194869
2023-03-03,MSFT,305.41,304.89,301.0,303.32,50270092
2023-03-06,MSFT,303.95,313.72,304.9,309.73,30869052
2023-03-07,MSFT,310.61,316.67,313.69,315.25,21769024
2023-03-08,MSFT,311.48,317.82,307.47,313.27,29149062
2023-03-09,MSFT,317.95,314.76,309.12,311.69,28775414
2023-03-10,MSFT,313.35,310.92,302.79,307.79,30051994
2023-03-13,MSFT,307.5,315.01,310.18,311.81,39149227
2023-03-14,MSFT,310.75,316.17,303.86,309.92,15084117
2023-03-15,MSFT,311.37,307.96,304.7,306.13,39370910
2023-03-16,MSFT,306.85,310.78,306.96,308.91,43553971
2023-03-17,MSFT,309.05,308.2,298.78,304.76,29645105
2023-03-20,MSFT,305.42,305.75,300.42,303.36,29859897
2023-03-21,MSFT,303.2,305.61,301.26,304.05,23251796
2023-03-22,MSFT,304.63,304.1,295.34,301.17,25047474
2023-03-23,MSFT,302.2,301.73,295.3,299.02,30823009
2023-03-24,MSFT,299.51,308.25,305.28,306.52,30233226
2023-03-27,MSFT,306.94,309.82,303.26,305.72,31034166
2023-03-28,MSFT,307.73,305.79,301.57,304.17,30170855
2023-03-29,MSFT,301.88,306.16,301.03,303.51,32733297
2023-03-30,MSFT,302.37,310.1,301.13,305.87,31654186
2023-03-31,MSFT,305.91,302.19,299.03,301.11,18385663
2023-04-03,MSFT,300.07,305.99,300.14,303.32,32090378
2023-04-04,MSFT,302.76,306.11,303.21,304.73,43660849
2023-04-05,MSFT,306.58,301.98,293.4,296.44,24801094
2023-04-06,MSFT,296.23,308.94,301.98,305.11,39201688
2023-04-07,MSFT,302.48,314.72,309.94,312.4,18985722
2023-04-10,MSFT,311.77,313.93,305.27,308.67,24777773
2023-04-11,MSFT,308.75,306.87,297.92,303.44,20625504
2023-04-12,MSFT,303.5,307.61,302.24,304.71,37812593
2023-04-13,MSFT,305.51,304.22,294.25,298.12,40895449
2023-04-14,MSFT,298.79,307.35,301.94,304.77,24266989
2023-04-17,MSFT,304.57,304.89,300.3,302.71,35523494
2023-04-18,MSFT,301.01,312.41,307.59,310.73,41020166
2023-04-19,MSFT,310.08,308.02,305.26,306.9,24754323
2023-04-20,MSFT,306.0,309.16,303.16,306.54,25992325
2023-04-21,MSFT,306.13,316.45,310.89,312.9,31154554
2023-04-24,MSFT,313.92,317.09,306.84,311.5,19416329
2023-04-25,MSFT,312.09,315.9,310.45,313.02,25839520
2023-04-26,MSFT,314.24,320.04,316.03,318.64,47546679
2023-04-27,MSFT,318.06,318.17,312.66,316.05,21517612
2023-04-28,MSFT,318.3,311.14,308.84,310.01,32298593
2023-05-01,MSFT,311.0,309.53,296.81,303.15,29254024
2023-05-02,MSFT,303.31,310.78,303.4,306.13,23801439
2023-05-03,MSFT,307.0,312.24,305.59,308.19,26718931
2023-05-04,MSFT,307.21,317.82,308.77,313.57,42294700
2023-05-05,MSFT,310.45,314.64,309.59,312.41,29516663
2023-05-08,MSFT,311.51,307.0,303.3,305.63,30932933
2023-05-09,MSFT,306.71,296.67,291.34,294.69,40412312
2023-05-10,MSFT,294.8,312.03,305.25,308.48,22920981
2023-05-11,MSFT,308.28,313.18,309.47,311.24,18261615
2023-05-12,MSFT,309.99,313.41,311.27,312.09,42494728
2023-05-15,MSFT,309.21,316.76,309.73,313.65,26045170
2023-05-16,MSFT,315.76,309.13,304.93,306.84,32686301
2023-05-17,MSFT,306.54,306.51,301.04,303.2,19889203
2023-05-18,MSFT,302.59,313.14,310.58,311.82,28090563
2023-05-19,MSFT,310.84,319.53,311.96,315.26,17989639
2023-05-22,MSFT,317.13,313.97,308.52,311.68,25482648
2023-05-23,MSFT,312.97,310.75,301.81,305.89,20583687
2023-05-24,MSFT,304.49,305.87,300.36,303.6,19212853
2023-05-25,MSFT,305.27,303.84,300.78,302.27,22826885
2023-05-26,MSFT,302.06,316.52,307.62,312.37,12564289
2023-05-29,MSFT,311.47,314.8,308.25,311.63,17652988
2023-05-30,MSFT,311.2,308.19,303.81,306.03,31614000
2023-05-31,MSFT,304.89,311.24,299.74,305.92,27748332
2023-06-01,MSFT,304.01,312.05,302.41,307.38,18112815
2023-06-02,MSFT,308.51,303.65,299.93,301.42,29466024
2023-06-05,MSFT,301.11,305.95,300.82,303.52,19209633
2023-06-06,MSFT,304.4,312.31,306.85,309.53,31045845
2023-06-07,MSFT,309.95,313.64,308.24,310.39,24147578
2023-06-08,MSFT,311.2,310.39,303.19,306.7,22676720
2023-06-09,MSFT,303.74,307.8,299.68,304.34,24326267
2023-06-12,MSFT,303.09,298.96,294.39,296.67,53878653
2023-06-13,MSFT,297.46,301.83,292.86,296.22,19910263
2023-06-14,MSFT,294.43,301.29,293.34,297.84,26758265
2023-06-15,MSFT,298.37,295.82,291.81,293.84,31604086
2023-06-16,MSFT,291.91,309.3,298.2,303.14,18730476
2023-06-19,MSFT,303.16,310.36,305.06,307.12,15496256
2023-06-20,MSFT,309.46,301.13,296.81,298.75,20874877
2023-06-21,MSFT,299.84,294.4,288.66,290.7,31397076
2023-06-22,MSFT,288.16,289.42,280.54,286.4,22562174
2023-06-23,MSFT,287.54,296.42,291.47,293.75,23325426
2023-06-26,MSFT,296.28,299.83,295.11,298.08,32855091
2023-06-27,MSFT,302.02,309.36,303.77,305.98,19628309
2023-06-28,MSFT,306.67,312.33,300.86,306.21,24343119
2023-06-29,MSFT,304.24,306.48,303.79,305.38,15874650
2023-06-30,MSFT,306.01,302.06,297.44,299.62,27524913
2023-07-03,MSFT,301.88,305.99,297.41,301.45,26781944
2023-07-04,MSFT,301.18,303.42,296.37,300.7,31738698
2023-07-05,MSFT,302.18,303.04,298.25,299.77,17730724
2023-07-06,MSFT,298.58,310.29,306.09,307.68,23601483
2023-07-07,MSFT,308.23,311.06,303.64,307.25,17036101
2023-07-10,MSFT,303.64,318.79,311.34,313.95,23220692
2023-07-11,MSFT,312.54,308.35,304.4,306.37,38994173
2023-07-12,MSFT,306.37,323.21,314.24,319.81,22706472
2023-07-13,MSFT,319.26,319.39,316.94,318.13,16594973
2023-07-14,MSFT,316.17,326.38,317.21,321.88,20387297
2023-07-17,MSFT,321.12,327.48,324.57,326.49,15418842
2023-07-18,MSFT,327.0,328.37,318.57,324.14,16947900
2023-07-19,MSFT,324.0,330.37,327.61,328.54,30574670
2023-07-20,MSFT,328.63,334.61,331.37,333.27,16199669
2023-07-21,MSFT,334.42,332.07,327.68,329.74,27455716
2023-07-24,MSFT,329.21,328.39,324.43,326.32,25193817
2023-07-25,MSFT,328.41,328.6,323.33,326.74,21315134
2023-07-26,MSFT,325.21,329.17,321.11,326.34,26764618
2023-07-27,MSFT,329.31,337.22,330.31,333.78,18870075
2023-07-28,MSFT,335.53,341.44,335.24,337.69,32173049
2023-07-31,MSFT,337.12,339.83,333.41,337.51,20274698
2023-08-01,MSFT,337.05,344.26,338.42,340.95,22263882
2023-08-02,MSFT,341.28,335.84,324.86,330.33,21483184
2023-08-03,MSFT,331.27,328.48,326.12,327.34,30744708
2023-08-04,MSFT,329.03,332.25,327.46,329.02,29435722
2023-08-07,MSFT,326.94,337.38,333.08,335.05,11385783
2023-08-08,MSFT,335.74,337.68,333.27,336.3,26981426
2023-08-09,MSFT,332.94,349.41,341.79,344.32,14812893
2023-08-10,MSFT,344.03,350.82,346.82,349.26,22566788
2023-08-11,MSFT,351.66,348.81,345.18,346.79,24201717
2023-08-14,MSFT,344.47,349.74,343.33,346.23,22494219
2023-08-15,MSFT,343.62,351.01,346.8,348.67,29052995
2023-08-16,MSFT,349.04,351.33,343.25,346.42,31028272
2023-08-17,MSFT,348.69,359.06,351.77,355.09,19822865
2023-08-18,MSFT,355.63,356.22,344.94,349.15,19607981
2023-08-21,MSFT,346.01,353.95,346.84,351.1,24731678
2023-08-22,MSFT,348.31,357.25,354.14,355.4,15732933
2023-08-23,MSFT,355.56,358.06,347.37,353.86,21666828
2023-08-24,MSFT,351.89,353.24,346.92,351.07,37460954
2023-08-25,MSFT,351.3,352.74,348.45,350.86,15910601
2023-08-28,MSFT,351.19,361.29,351.53,355.59,22574943
2023-08-29,MSFT,354.76,358.03,346.93,353.01,20930042
2023-08-30,MSFT,356.03,348.99,345.45,347.32,45625017
2023-08-31,MSFT,348.29,357.85,350.31,353.88,21274676
2023-09-01,MSFT,355.9,358.89,354.15,356.32,21648421
2023-09-04,MSFT,357.87,365.59,357.06,362.23,18350307
2023-09-05,MSFT,361.98,372.27,362.15,366.81,25070011
2023-09-06,MSFT,366.47,383.82,377.03,379.84,27110631
2023-09-07,MSFT,379.31,393.73,381.57,386.8,19165846
2023-09-08,MSFT,388.05,384.88,381.23,382.64,33632493
2023-09-11,MSFT,381.47,390.91,381.93,385.71,27117923
2023-09-12,MSFT,388.86,386.18,374.61,382.57,32279927
2023-09-13,MSFT,381.22,384.65,376.4,380.07,22656236
2023-09-14,MSFT,380.45,373.62,370.73,371.92,26892061
2023-09-15,MSFT,371.52,372.86,368.09,370.47,23451791
2023-09-18,MSFT,369.68,375.39,372.17,373.88,38713186
2023-09-19,MSFT,377.72,378.34,369.43,373.72,25887366
2023-09-20,MSFT,372.94,372.97,363.73,367.52,25065740
2023-09-21,MSFT,366.99,361.85,355.32,359.02,21788955
2023-09-22,MSFT,357.89,372.96,368.64,371.38,21414895
2023-09-25,MSFT,371.45,377.15,371.46,373.51,26848029
2023-09-26,MSFT,373.33,371.98,364.03,368.91,31968532
2023-09-27,MSFT,366.96,375.49,368.3,371.82,20358701
2023-09-28,MSFT,371.08,387.02,382.69,385.09,25967600
2023-09-29,MSFT,386.2,394.89,382.38,389.1,26420141
2023-10-02,MSFT,390.99,374.37,370.18,372.61,27837523
2023-10-03,MSFT,372.66,392.82,384.78,388.74,14978665
2023-10-04,MSFT,388.84,382.2,374.45,377.8,18943408
2023-10-05,MSFT,377.16,379.27,375.1,376.8,16595348
2023-10-06,MSFT,375.91,374.65,366.07,370.35,25247853
2023-10-09,MSFT,368.74,370.52,361.29,366.28,19078915
2023-10-10,MSFT,363.58,372.74,365.87,368.14,21541977
2023-10-11,MSFT,366.92,363.04,350.17,356.54,17471861
2023-10-12,MSFT,358.06,360.37,352.07,356.24,22151492
2023-10-13,MSFT,355.53,366.16,361.15,362.95,17843597
2023-10-16,MSFT,362.36,365.56,351.32,358.37,31382435
2023-10-17,MSFT,357.75,358.08,344.49,350.82,28865416
2023-10-18,MSFT,352.88,351.44,348.75,350.26,26152495
2023-10-19,MSFT,348.72,355.96,343.24,348.6,22834972
2023-10-20,MSFT,349.06,350.81,339.72,345.55,13566042
2023-10-23,MSFT,345.44,341.24,336.92,339.35,21789186
2023-10-24,MSFT,339.45,345.54,339.49,342.33,19894411
2023-10-25,MSFT,342.73,347.07,344.08,345.76,26925077
2023-10-26,MSFT,345.86,344.82,335.44,340.21,30107911
2023-10-27,MSFT,341.48,341.11,328.5,335.47,27557249
2023-10-30,MSFT,335.43,338.52,334.57,336.4,36517343
2023-10-31,MSFT,339.17,335.1,328.21,331.52,21081198
2023-11-01,MSFT,331.59,334.22,329.79,332.65,20820603
2023-11-02,MSFT,329.97,344.14,338.51,340.63,34132134
2023-11-03,MSFT,341.66,345.38,336.17,340.51,26278227
2023-11-06,MSFT,341.14,336.66,331.95,334.26,23214479
2023-11-07,MSFT,334.31,339.05,332.93,336.53,43503098
2023-11-08,MSFT,336.12,337.63,332.55,335.79,29731140
2023-11-09,MSFT,332.43,338.65,332.4,335.19,23610996
2023-11-10,MSFT,332.11,342.4,332.83,337.91,20350233
2023-11-13,MSFT,340.54,347.41,338.36,341.81,37219381
2023-11-14,MSFT,340.86,345.72,338.58,342.2,26601694
2023-11-15,MSFT,343.76,346.59,338.55,342.08,25184554
2023-11-16,MSFT,339.49,357.14,350.98,353.59,30623226
2023-11-17,MSFT,351.84,363.52,354.62,360.55,32554062
2023-11-20,MSFT,361.7,370.68,360.72,365.53,29483677
2023-11-21,MSFT,365.35,371.7,361.94,366.5,32592053
2023-11-22,MSFT,367.43,362.64,358.93,360.95,28625219
2023-11-23,MSFT,360.93,369.37,365.83,367.64,29528119
2023-11-24,MSFT,367.27,375.12,360.85,368.69,20073177
2023-11-27,MSFT,367.5,367.03,364.15,365.57,43033633
2023-11-28,MSFT,363.51,367.62,357.16,364.39,17266579
2023-11-29,MSFT,366.8,363.5,355.63,359.1,27431421
2023-11-30,MSFT,361.76,368.76,359.06,365.34,16740747
2023-12-01,MSFT,363.55,373.22,365.96,369.51,24274761
2023-12-04,MSFT,367.58,377.16,367.41,370.79,21062363
2023-12-05,MSFT,370.18,377.22,364.53,370.76,26039186
2023-12-06,MSFT,371.35,370.36,364.3,367.02,27699188
2023-12-07,MSFT,366.71,356.92,351.16,355.12,18764667
2023-12-08,MSFT,355.96,348.88,346.57,347.51,24780362
2023-12-11,MSFT,347.43,345.62,341.75,343.67,37976900
2023-12-12,MSFT,343.49,345.84,332.2,339.08,16864255
2023-12-13,MSFT,342.94,343.69,338.06,340.83,19349366
2023-12-14,MSFT,339.98,349.5,342.09,345.41,32365797
2023-12-15,MSFT,348.09,349.07,341.24,344.92,25588480
2023-12-18,MSFT,347.28,355.2,350.87,352.87,26159758
2023-12-19,MSFT,353.71,354.3,341.66,348.75,33973014
2023-12-20,MSFT,345.57,350.3,347.21,348.21,19700720
2023-12-21,MSFT,348.26,351.0,344.28,348.13,21393245
2023-12-22,MSFT,347.29,357.21,352.22,354.38,20616325
2023-12-25,MSFT,354.42,357.43,353.2,355.18,22520250
2023-12-26,MSFT,353.4,358.38,353.04,356.14,37364925
2023-12-27,MSFT,357.42,350.79,341.86,347.19,15007525
2023-12-28,MSFT,348.8,343.63,340.9,342.5,17472184
2023-12-29,MSFT,344.4,353.04,344.98,348.67,16596152
2024-01-01,MSFT,348.04,341.48,335.0,337.66,38068379
2024-01-02,MSFT,335.97,346.72,342.78,345.08,20791741
2024-01-03,MSFT,345.65,350.11,346.32,348.01,22666175
2024-01-04,MSFT,350.9,345.85,342.03,344.14,15401818
2024-01-05,MSFT,344.25,344.92,335.8,339.86,23107564
2024-01-08,MSFT,340.59,355.08,345.36,350.37,32421842
2024-01-09,MSFT,349.98,360.05,357.02,358.46,26971019
2024-01-10,MSFT,357.6,362.13,354.14,357.99,24203968
2024-01-11,MSFT,359.11,363.3,354.35,358.97,15633408
2024-01-12,MSFT,358.79,358.54,349.9,355.54,22657483
2024-01-15,MSFT,356.22,357.81,354.85,356.51,26126503
2024-01-16,MSFT,357.36,353.94,351.05,352.95,18565933
2024-01-17,MSFT,353.53,355.23,349.57,352.72,30427389
2024-01-18,MSFT,353.65,369.27,359.01,363.14,32602741
2024-01-19,MSFT,361.67,366.51,360.04,362.81,21333555
2024-01-22,MSFT,361.24,360.4,354.05,357.08,31081894
2024-01-23,MSFT,357.01,351.2,347.05,349.68,24190353
2024-01-24,MSFT,349.65,354.66,347.67,350.59,35269452
2024-01-25,MSFT,349.73,347.92,345.46,346.62,46022068
2024-01-26,MSFT,347.01,350.96,343.83,348.17,18007281
2024-01-29,MSFT,349.67,342.33,337.42,339.61,31491609
2024-01-30,MSFT,341.51,346.12,340.84,343.52,36979555
2024-01-31,MSFT,345.81,341.41,334.03,338.03,18684078
2024-02-01,MSFT,335.93,341.29,336.54,338.48,21038195
2024-02-02,MSFT,336.62,341.61,334.0,336.88,20967270
2024-02-05,MSFT,336.42,348.27,344.55,346.32,24023714
2024-02-06,MSFT,346.46,351.67,344.77,347.47,22465171
2024-02-07,MSFT,347.07,360.84,354.61,358.49,23556232
2024-02-08,MSFT,357.55,363.16,360.02,361.88,32145495
2024-02-09,MSFT,361.36,374.17,364.99,370.31,14155911
2024-02-12,MSFT,371.16,374.36,366.37,369.32,18666076
2024-02-13,MSFT,367.0,377.42,364.87,371.55,30564959
2024-02-14,MSFT,375.66,381.51,376.93,378.97,29509394
2024-02-15,MSFT,379.01,387.88,381.51,384.64,18198026
2024-02-16,MSFT,386.55,390.5,386.17,388.1,29570771
2024-02-19,MSFT,387.04,393.33,380.51,386.33,37223337
2024-02-20,MSFT,387.38,389.12,382.09,385.59,24634991
2024-02-21,MSFT,385.77,395.72,390.26,392.79,18476275
2024-02-22,MSFT,394.38,405.72,394.43,401.45,32503965
2024-02-23,MSFT,401.07,399.42,396.75,397.95,41921107
2024-02-26,MSFT,400.87,397.28,390.64,393.55,19164004
2024-02-27,MSFT,390.77,392.56,384.21,388.21,25296130
2024-02-28,MSFT,389.95,397.92,389.05,393.55,34671655
2024-02-29,MSFT,393.77,391.59,384.1,388.06,25880335
2024-03-01,MSFT,386.19,397.02,390.74,393.32,14800884
2024-03-04,MSFT,396.95,402.09,393.65,396.95,28556972
2024-03-05,MSFT,400.42,399.21,388.63,393.79,18638572
2024-03-06,MSFT,389.93,406.13,401.49,403.85,17075745
2024-03-07,MSFT,404.19,401.25,390.38,394.89,14887939
2024-03-08,MSFT,396.2,410.71,400.82,405.58,35730262
2024-03-11,MSFT,406.43,414.79,399.85,407.87,19461972
2024-03-12,MSFT,410.79,399.66,388.56,395.0,27629296
2024-03-13,MSFT,397.44,407.23,403.45,405.26,29742058
2024-03-14,MSFT,405.77,416.92,407.58,411.76,26243583
2024-03-15,MSFT,416.19,413.33,406.72,409.23,27326230
2024-03-18,MSFT,411.04,405.21,401.95,403.3,28027614
2024-03-19,MSFT,402.63,397.1,389.22,393.69,26057486
2024-03-20,MSFT,392.66,413.03,404.88,409.19,19902154
2024-03-21,MSFT,411.6,404.65,402.45,403.52,19376765
2024-03-22,MSFT,402.01,400.56,388.64,395.81,24224908
2024-03-25,MSFT,395.04,399.28,395.06,397.72,24071452
2024-03-26,MSFT,397.27,390.5,383.15,387.82,28436449
2024-03-27,MSFT,388.47,385.21,375.87,382.09,34791421
2024-03-28,MSFT,381.74,393.54,384.03,388.36,27717041
2024-03-29,MSFT,385.94,393.25,388.28,391.44,19601590
2024-04-01,MSFT,393.59,394.83,385.97,389.29,12994537
2024-04-02,MSFT,388.55,396.28,384.59,389.64,19849814
2024-04-03,MSFT,393.35,391.15,382.51,387.16,16702004
2024-04-04,MSFT,387.71,390.49,383.26,387.01,20080800
2024-04-05,MSFT,389.33,384.23,381.51,382.62,26884742
2024-04-08,MSFT,383.76,384.99,375.37,379.36,25641008
2024-04-09,MSFT,381.72,378.41,372.93,375.95,43655492
2024-04-10,MSFT,376.97,376.32,367.74,371.9,28898806
2024-04-11,MSFT,372.31,382.07,374.7,378.29,44328420
2024-04-12,MSFT,380.24,389.75,379.07,383.13,30982348
2024-04-15,MSFT,387.63,382.3,370.97,377.77,34625411
2024-04-16,MSFT,377.29,376.02,367.61,370.95,22448081
2024-04-17,MSFT,372.34,374.34,365.26,370.25,18111064
2024-04-18,MSFT,370.24,388.18,378.68,383.26,21849714
2024-04-19,MSFT,384.17,379.53,374.22,377.33,24911136
2024-04-22,MSFT,377.4,380.04,370.37,376.59,20706096
2024-04-23,MSFT,372.75,380.55,373.92,377.34,18514109
2024-04-24,MSFT,376.98,381.74,369.29,376.92,28330164
2024-04-25,MSFT,378.7,377.52,371.18,374.43,18490492
2024-04-26,MSFT,373.08,385.08,377.94,381.53,15781340
2024-04-29,MSFT,383.19,388.5,379.18,384.5,17854400
2024-04-30,MSFT,384.83,391.67,388.68,389.88,23302698
2024-05-01,MSFT,389.53,396.8,388.49,393.75,18570978
2024-05-02,MSFT,395.43,404.38,395.41,399.57,23346541
2024-05-03,MSFT,400.85,412.91,407.84,409.91,29934423
2024-05-06,MSFT,410.72,422.08,417.34,418.84,29701832
2024-05-07,MSFT,420.85,442.39,430.1,434.71,20504165
2024-05-08,MSFT,435.13,444.98,441.41,443.39,16906418
2024-05-09,MSFT,439.94,443.5,435.13,439.0,21035022
2024-05-10,MSFT,438.21,452.54,438.85,445.16,30434269
2024-05-13,MSFT,441.36,454.18,443.86,450.43,32643138
2024-05-14,MSFT,451.83,467.17,461.05,464.53,27791849
2024-05-15,MSFT,466.5,459.45,456.48,457.78,35848676
2024-05-16,MSFT,459.82,469.58,457.69,462.1,41998607
2024-05-17,MSFT,463.16,460.3,455.24,457.44,21626241
2024-05-20,MSFT,459.53,466.07,457.23,461.41,39050075
2024-05-21,MSFT,457.98,466.3,452.42,460.13,23120298
2024-05-22,MSFT,459.89,466.75,459.39,463.89,33948016
2024-05-23,MSFT,460.79,456.82,449.56,453.97,30921371
2024-05-24,MSFT,453.2,468.65,454.54,459.95,13815046
2024-05-27,MSFT,463.46,463.48,459.07,461.71,18709055
2024-05-28,MSFT,464.1,466.76,460.46,463.09,17330872
2024-05-29,MSFT,464.54,482.22,473.49,477.82,14647383
2024-05-30,MSFT,477.41,482.95,469.82,475.23,32546515
2024-05-31,MSFT,473.0,486.76,472.07,478.08,46502560
2024-06-03,MSFT,478.5,485.18,472.09,479.12,23140262
2024-06-04,MSFT,481.63,489.77,472.74,480.9,32301795
2024-06-05,MSFT,481.83,500.16,496.56,498.32,39027378
2024-06-06,MSFT,494.59,506.13,495.21,499.11,26612348
2024-06-07,MSFT,499.36,498.28,492.17,494.97,24810871
2024-06-10,MSFT,490.49,517.96,501.14,510.07,23223610
2024-06-11,MSFT,512.01,513.8,499.94,507.9,29374985
2024-06-12,MSFT,506.24,500.64,493.27,495.52,32501428
2024-06-13,MSFT,492.65,499.18,484.51,490.06,28714932
2024-06-14,MSFT,491.95,486.81,474.12,480.82,28420614
2024-06-17,MSFT,482.09,470.98,464.79,467.65,24618912
2024-06-18,MSFT,468.17,470.42,462.13,465.26,15502316
2024-06-19,MSFT,470.08,471.5,458.0,465.02,32726683
2024-06-20,MSFT,466.42,477.51,470.62,474.03,17004674
2024-06-21,MSFT,472.58,480.24,476.91,479.03,30105007
2024-06-24,MSFT,480.21,491.52,478.5,483.74,31361995
2024-06-25,MSFT,483.09,482.04,472.65,477.27,17756403
2024-06-26,MSFT,480.12,487.26,478.32,484.25,20832944
2024-06-27,MSFT,484.89,500.19,489.78,495.27,47243647
2024-06-28,MSFT,496.16,505.15,493.85,498.65,24410934
2024-07-01,MSFT,495.25,506.93,499.93,502.28,17336458
2024-07-02,MSFT,502.42,496.16,491.03,492.66,31789612
2024-07-03,MSFT,492.53,506.72,491.96,501.21,19827567
2024-07-04,MSFT,498.78,522.1,508.9,515.77,14051351
2024-07-05,MSFT,515.23,523.25,514.98,518.7,29218634
2024-07-08,MSFT,519.77,519.28,504.6,514.18,18989581
2024-07-09,MSFT,514.16,515.69,511.6,513.17,27528788
2024-07-10,MSFT,509.74,516.96,502.54,510.08,19590971
2024-07-11,MSFT,509.42,515.53,500.06,507.49,30908681
2024-07-12,MSFT,506.37,519.41,506.12,513.0,26414822
2024-07-15,MSFT,513.47,518.23,512.04,515.57,11497311
2024-07-16,MSFT,515.78,528.31,519.62,524.1,28035724
2024-07-17,MSFT,523.08,531.77,522.8,527.48,22918774
2024-07-18,MSFT,526.35,527.03,509.85,520.65,38240345
2024-07-19,MSFT,520.82,522.8,510.69,516.87,28146926
2024-07-22,MSFT,519.22,516.5,509.85,512.61,31365958
2024-07-23,MSFT,513.29,517.8,504.27,511.41,20200625
2024-07-24,MSFT,514.85,528.56,523.43,526.38,19724381
2024-07-25,MSFT,529.2,550.34,537.1,543.16,24808368
2024-07-26,MSFT,547.0,558.82,544.44,550.69,22436542
2024-07-29,MSFT,554.25,559.65,547.46,552.05,37347969
2024-07-30,MSFT,556.12,544.93,537.13,540.65,23876151
2024-07-31,MSFT,537.71,552.25,535.25,542.85,17312508
2024-08-01,MSFT,544.51,540.14,533.53,536.45,19503648
2024-08-02,MSFT,539.54,554.66,545.53,550.73,33394497
2024-08-05,MSFT,554.37,544.35,529.95,537.29,23776521
2024-08-06,MSFT,535.34,544.48,533.49,540.88,23398274
2024-08-07,MSFT,542.56,540.58,527.92,533.8,34361340
2024-08-08,MSFT,533.99,540.03,525.9,534.03,19000149
2024-08-09,MSFT,538.69,541.97,536.6,539.98,12785643
2024-08-12,MSFT,536.44,551.3,544.6,549.07,19356259
2024-08-13,MSFT,547.07,552.57,542.33,548.87,26883226
2024-08-14,MSFT,544.17,560.06,550.69,555.81,23196986
2024-08-15,MSFT,556.19,556.2,546.2,550.37,15654320
2024-08-16,MSFT,556.26,556.09,546.86,552.83,33909448
2024-08-19,MSFT,552.71,565.14,559.39,561.95,26256797
2024-08-20,MSFT,562.22,575.09,555.43,565.23,28094679
2024-08-21,MSFT,566.7,565.46,554.4,560.87,28353738
2024-08-22,MSFT,560.56,562.95,554.31,558.74,16933917
2024-08-23,MSFT,559.71,573.08,563.2,568.09,27377992
2024-08-26,MSFT,569.14,563.89,553.3,558.73,32822424
2024-08-27,MSFT,556.5,554.46,548.37,550.81,35197283
2024-08-28,MSFT,550.56,558.17,553.33,556.38,31039321
2024-08-29,MSFT,558.33,562.31,543.47,552.87,29160490
2024-08-30,MSFT,555.3,544.55,538.04,540.68,14844797
2024-09-02,MSFT,544.0,556.24,549.26,552.63,24888240
2024-09-03,MSFT,553.51,554.67,534.63,543.47,18763312
2024-09-04,MSFT,544.38,548.26,536.21,542.08,36727514
2024-09-05,MSFT,544.0,542.48,531.75,537.14,35092578
2024-09-06,MSFT,535.63,538.79,532.0,534.94,18797374
2024-09-09,MSFT,533.33,531.69,525.12,527.85,24657530
2024-09-10,MSFT,527.54,535.8,532.21,534.14,26935056
2024-09-11,MSFT,530.92,542.77,528.94,535.39,32756886
2024-09-12,MSFT,536.42,548.13,540.05,544.07,15122600
2024-09-13,MSFT,546.76,546.55,530.66,539.19,12884037
2024-09-16,MSFT,537.38,568.22,552.65,557.94,25287757
2024-09-17,MSFT,559.09,544.73,539.05,541.77,11698384
2024-09-18,MSFT,540.16,536.75,520.31,528.73,26218035
2024-09-19,MSFT,526.19,545.79,540.64,543.85,29860548
2024-09-20,MSFT,549.13,552.19,542.61,548.25,36223199
2024-09-23,MSFT,545.65,559.41,546.0,551.53,20740853
2024-09-24,MSFT,548.19,557.76,552.81,555.61,26238566
2024-09-25,MSFT,556.18,566.33,553.08,560.97,30396539
2024-09-26,MSFT,561.68,571.28,559.18,563.95,17569418
2024-09-27,MSFT,565.73,560.01,550.67,555.77,32900246
2024-09-30,MSFT,561.02,564.84,561.9,563.31,27144610
2024-10-01,MSFT,561.24,575.77,564.45,569.54,20847664
2024-10-02,MSFT,567.98,590.72,576.42,582.84,26083162
2024-10-03,MSFT,587.27,604.05,595.87,599.61,23976531
2024-10-04,MSFT,602.27,607.36,598.89,603.1,31591813
2024-10-07,MSFT,605.38,594.35,590.44,591.9,22437592
2024-10-08,MSFT,590.25,621.68,601.19,609.01,26762535
2024-10-09,MSFT,612.25,602.71,594.78,599.68,20751039
2024-10-10,MSFT,601.96,609.67,597.28,603.24,18869049
2024-10-11,MSFT,603.78,610.5,595.56,601.16,26320172
2024-10-14,MSFT,599.5,606.03,589.39,597.45,19103002
2024-10-15,MSFT,597.75,611.33,592.82,605.04,31786761
2024-10-16,MSFT,609.75,619.86,597.96,607.73,29860770
2024-10-17,MSFT,604.59,616.27,609.16,613.02,19872591
2024-10-18,MSFT,610.71,608.88,599.87,605.56,26655885
2024-10-21,MSFT,603.76,609.11,594.76,604.26,19845273
2024-10-22,MSFT,603.08,599.91,593.71,597.33,15449582
2024-10-23,MSFT,597.29,600.48,591.13,595.81,20899145
2024-10-24,MSFT,598.51,597.96,593.23,595.05,24625457
2024-10-25,MSFT,596.35,624.62,606.69,612.95,29233006
2024-10-28,MSFT,613.12,615.44,601.57,610.81,26146616
2024-10-29,MSFT,611.61,598.88,587.06,591.05,32824599
2024-10-30,MSFT,592.79,612.07,597.34,604.54,18625395
2024-10-31,MSFT,599.73,615.12,603.33,609.19,22328554
2024-11-01,MSFT,612.27,617.36,599.97,608.29,40943203
2024-11-04,MSFT,605.92,615.87,597.79,604.47,14006924
2024-11-05,MSFT,603.21,605.97,587.91,595.88,21830095
2024-11-06,MSFT,596.84,617.3,612.25,614.71,18127455
2024-11-07,MSFT,614.49,619.26,612.19,615.57,23576637
2024-11-08,MSFT,616.99,603.7,595.56,599.31,21945049
2024-11-11,MSFT,599.71,608.64,596.17,602.77,29949794
2024-11-12,MSFT,601.94,620.11,606.46,614.69,26991770
2024-11-13,MSFT,619.13,621.41,610.14,616.57,16897920
2024-11-14,MSFT,618.63,616.67,596.64,608.23,20956046
2024-11-15,MSFT,609.1,601.77,595.58,599.17,24999122
2024-11-18,MSFT,601.13,596.67,583.25,590.92,31208487
2024-11-19,MSFT,588.95,613.05,597.92,605.61,51871147
2024-11-20,MSFT,611.84,611.55,599.97,605.29,30867830
2024-11-21,MSFT,602.18,592.01,586.48,589.84,18451134
2024-11-22,MSFT,590.16,599.65,584.53,593.77,24305976
2024-11-25,MSFT,592.97,600.9,589.85,595.44,26394843
2024-11-26,MSFT,594.53,594.74,588.69,591.6,21392888
2024-11-27,MSFT,590.33,588.95,575.53,582.51,28787842
2024-11-28,MSFT,580.39,577.54,565.86,573.17,12647539
2024-11-29,MSFT,576.39,590.02,578.18,583.41,29512700
2024-12-02,MSFT,580.09,591.44,576.96,586.03,21670667
2024-12-03,MSFT,588.76,594.14,585.26,590.81,24190603
2024-12-04,MSFT,592.63,604.35,585.99,593.45,38806692
2024-12-05,MSFT,592.38,603.5,589.07,596.87,17122967
2024-12-06,MSFT,598.37,595.55,590.9,592.83,27131396
2024-12-09,MSFT,592.39,596.76,582.85,591.26,31723327
2024-12-10,MSFT,588.19,607.95,596.25,602.57,26310727
2024-12-11,MSFT,599.46,624.7,610.93,616.5,15403860
2024-12-12,MSFT,618.41,613.53,596.56,605.11,37487022
2024-12-13,MSFT,606.83,606.33,600.29,603.48,23464053
2024-12-16,MSFT,604.17,621.94,606.59,611.87,21340647
2024-12-17,MSFT,610.74,634.45,626.24,630.65,22776537
2024-12-18,MSFT,630.09,660.34,637.75,648.99,22292090
2024-12-19,MSFT,647.99,652.52,631.64,641.28,17493369
2024-12-20,MSFT,635.99,662.39,648.34,654.68,26268250
2024-12-23,MSFT,654.86,663.39,650.1,655.67,20899096
2024-12-24,MSFT,657.29,675.27,658.9,666.93,30573765
2024-12-25,MSFT,667.15,679.35,670.82,675.66,29199584
2024-12-26,MSFT,681.31,666.52,659.93,662.74,40714188
2024-12-27,MSFT,659.59,676.97,655.49,668.9,23462088
2024-12-30,MSFT,666.81,685.48,673.68,679.98,19646533
2024-12-31,MSFT,680.41,683.74,673.99,680.16,16086061
2022-01-03,NVDA,295.91,308.65,293.54,301.23,34215802
2022-01-04,NVDA,299.96,291.38,271.4,280.74,85563760
2022-01-05,NVDA,281.38,311.2,290.03,298.15,61878558
2022-01-06,NVDA,299.01,310.1,294.1,300.81,45861406
2022-01-07,NVDA,291.83,311.03,296.06,300.97,37765162
2022-01-10,NVDA,303.36,293.5,284.75,289.16,69073353
2022-01-11,NVDA,289.69,308.97,288.1,299.05,35927106
2022-01-12,NVDA,301.12,303.1,297.13,299.71,98537033
2022-01-13,NVDA,294.98,295.78,288.84,292.09,41598392
2022-01-14,NVDA,290.96,301.89,288.47,295.18,83778345
2022-01-17,NVDA,291.22,281.05,266.69,276.17,47308068
2022-01-18,NVDA,278.7,272.16,252.2,258.89,80338344
2022-01-19,NVDA,254.42,252.97,242.78,247.86,40107464
2022-01-20,NVDA,245.03,262.43,242.0,252.02,50283345
2022-01-21,NVDA,253.68,256.4,246.92,252.58,63653085
2022-01-24,NVDA,250.63,270.75,255.63,264.28,60986110
2022-01-25,NVDA,261.27,268.29,244.1,255.11,69564303
2022-01-26,NVDA,257.95,265.87,253.58,261.79,43197445
2022-01-27,NVDA,264.84,271.55,253.39,261.18,51288446
2022-01-28,NVDA,263.5,259.12,245.77,251.88,72714410
2022-01-31,NVDA,254.5,262.16,250.41,256.48,40465362
2022-02-01,NVDA,255.75,261.7,251.45,256.39,59369778
2022-02-02,NVDA,255.74,255.71,245.21,250.45,46818336
2022-02-03,NVDA,248.46,253.96,249.89,251.47,53185469
2022-02-04,NVDA,251.99,254.86,246.39,250.72,51284474
2022-02-07,NVDA,249.1,253.32,246.82,249.73,39469888
2022-02-08,NVDA,248.4,250.96,240.38,246.12,46238604
2022-02-09,NVDA,247.94,242.78,222.99,233.86,52221938
2022-02-10,NVDA,237.27,238.7,231.87,235.13,48482640
2022-02-11,NVDA,236.28,235.82,222.03,228.06,80145504
2022-02-14,NVDA,233.09,225.95,214.01,219.24,67694820
2022-02-15,NVDA,217.34,219.87,215.76,217.6,54544514
2022-02-16,NVDA,212.68,227.4,221.49,224.76,39768659
2022-02-17,NVDA,226.73,234.85,215.0,227.0,39048953
2022-02-18,NVDA,224.85,228.76,218.28,222.64,90392953
2022-02-21,NVDA,221.89,227.6,210.07,218.0,36931224
2022-02-22,NVDA,213.26,230.13,220.0,224.27,51737398
2022-02-23,NVDA,221.8,210.62,198.37,203.79,55718243
2022-02-24,NVDA,200.03,219.22,205.15,211.04,45541587
2022-02-25,NVDA,209.92,201.12,186.68,195.91,37016430
2022-02-28,NVDA,194.96,188.04,183.12,185.31,39510008
2022-03-01,NVDA,185.52,187.99,172.9,181.87,42439159
2022-03-02,NVDA,184.64,203.16,195.14,199.24,40413954
2022-03-03,NVDA,200.9,219.89,205.55,213.91,74465737
2022-03-04,NVDA,209.64,224.67,212.87,220.7,49863297
2022-03-07,NVDA,222.35,232.09,216.54,224.47,42729206
2022-03-08,NVDA,224.78,211.99,202.55,208.47,51630388
2022-03-09,NVDA,208.22,216.51,204.19,210.31,61093762
2022-03-10,NVDA,210.25,208.93,200.86,206.11,45088944
2022-03-11,NVDA,206.63,206.79,193.45,199.8,65537165
2022-03-14,NVDA,198.1,208.31,194.71,201.54,34147144
2022-03-15,NVDA,201.09,206.95,190.73,198.15,71052148
2022-03-16,NVDA,201.03,212.37,198.76,205.81,49865895
2022-03-17,NVDA,204.03,198.43,184.92,190.57,49284976
2022-03-18,NVDA,188.16,196.34,185.86,191.61,40614238
2022-03-21,NVDA,191.46,189.42,178.72,185.26,34593574
2022-03-22,NVDA,182.69,187.48,175.91,182.61,30326485
2022-03-23,NVDA,178.74,190.28,178.2,185.33,39773068
2022-03-24,NVDA,184.55,184.86,172.72,177.46,59639909
2022-03-25,NVDA,180.62,182.06,174.85,179.07,37473704
2022-03-28,NVDA,178.99,179.99,175.31,177.94,31421379
2022-03-29,NVDA,178.33,179.79,167.12,173.6,38065311
2022-03-30,NVDA,169.05,172.19,168.16,170.68,44548256
2022-03-31,NVDA,171.6,171.84,166.35,170.0,45077022
2022-04-01,NVDA,170.2,169.05,158.1,165.13,48103509
2022-04-04,NVDA,163.78,170.06,161.35,165.56,68156389
2022-04-05,NVDA,165.93,167.05,161.09,164.07,72733300
2022-04-06,NVDA,164.41,165.05,153.18,160.39,91255362
2022-04-07,NVDA,158.3,173.92,167.65,171.57,30708847
2022-04-08,NVDA,172.27,177.2,172.81,174.93,38677492
2022-04-11,NVDA,177.5,174.4,169.5,172.61,61655876
2022-04-12,NVDA,172.12,175.99,169.73,174.05,43632995
2022-04-13,NVDA,172.19,174.48,162.44,167.27,64732212
2022-04-14,NVDA,166.91,171.99,158.08,164.69,53205247
2022-04-15,NVDA,166.42,166.29,158.29,162.93,80301176
2022-04-18,NVDA,160.47,157.46,152.48,155.18,68363416
2022-04-19,NVDA,156.28,161.15,154.74,158.03,68739774
2022-04-20,NVDA,156.71,157.11,153.83,155.15,44188365
2022-04-21,NVDA,155.62,157.09,149.7,153.27,48559252
2022-04-22,NVDA,152.21,155.97,145.27,150.09,45624596
2022-04-25,NVDA,149.05,172.16,168.5,169.82,31825102
2022-04-26,NVDA,173.0,171.93,160.13,165.66,77754294
2022-04-27,NVDA,162.8,155.68,147.33,152.56,62529547
2022-04-28,NVDA,153.47,146.91,140.54,143.22,45083434
2022-04-29,NVDA,146.27,153.3,142.44,148.09,73950855
2022-05-02,NVDA,149.34,162.33,152.49,156.79,41384760
2022-05-03,NVDA,154.23,154.3,151.34,152.83,28805970
2022-05-04,NVDA,150.42,164.47,157.78,161.42,67642327
2022-05-05,NVDA,159.93,173.26,160.14,166.79,34071284
2022-05-06,NVDA,167.11,174.7,158.61,165.89,47147942
2022-05-09,NVDA,166.35,169.4,158.97,164.51,53189441
2022-05-10,NVDA,161.94,170.75,162.89,166.12,56129561
2022-05-11,NVDA,164.34,177.49,166.3,172.6,64492137
2022-05-12,NVDA,170.88,180.69,172.64,175.84,59517978
2022-05-13,NVDA,175.45,174.16,169.41,171.44,58967754
2022-05-16,NVDA,175.62,174.74,167.78,170.62,39440668
2022-05-17,NVDA,168.66,190.96,177.01,185.47,54614317
2022-05-18,NVDA,183.24,191.85,182.59,187.82,31828369
2022-05-19,NVDA,185.21,203.36,189.02,195.08,79891088
2022-05-20,NVDA,196.61,203.77,197.86,199.91,32827072
2022-05-23,NVDA,199.81,206.04,196.49,202.63,45064331
2022-05-24,NVDA,200.4,209.29,199.2,204.01,33661701
2022-05-25,NVDA,203.1,216.93,208.55,212.14,40164082
2022-05-26,NVDA,210.08,222.59,215.88,218.99,50201832
2022-05-27,NVDA,219.79,227.79,212.62,221.89,42665710
2022-05-30,NVDA,229.2,222.07,210.97,216.18,70477737
2022-05-31,NVDA,217.64,226.27,211.17,220.13,53522028
2022-06-01,NVDA,219.88,222.86,216.57,220.04,43516931
2022-06-02,NVDA,218.24,224.13,213.95,217.79,48035889
2022-06-03,NVDA,214.2,246.47,241.49,243.61,72091283
2022-06-06,NVDA,245.8,232.91,227.11,229.26,65672762
2022-06-07,NVDA,231.18,245.8,232.9,239.0,35530509
2022-06-08,NVDA,237.63,234.04,227.59,231.24,40765147
2022-06-09,NVDA,234.69,239.91,220.87,233.03,57654018
2022-06-10,NVDA,233.09,264.18,252.98,259.48,55591648
2022-06-13,NVDA,261.95,252.21,247.52,250.04,36485267
2022-06-14,NVDA,250.95,246.42,240.78,243.3,62599731
2022-06-15,NVDA,242.78,249.21,237.7,243.7,38273615
2022-06-16,NVDA,240.84,240.09,233.22,235.94,73933869
2022-06-17,NVDA,235.52,248.12,241.91,245.21,58607211
2022-06-20,NVDA,247.75,244.35,236.62,240.46,35603561
2022-06-21,NVDA,238.96,250.88,244.16,247.57,42661633
2022-06-22,NVDA,248.9,241.9,225.74,235.0,42439724
2022-06-23,NVDA,231.88,224.9,212.52,218.75,52456592
2022-06-24,NVDA,220.85,220.93,213.25,217.22,47032080
2022-06-27,NVDA,218.05,209.11,198.54,204.18,35458972
2022-06-28,NVDA,201.17,223.34,211.26,217.79,32908969
2022-06-29,NVDA,217.19,212.29,199.75,205.04,58952380
2022-06-30,NVDA,207.39,198.71,195.51,196.97,54483290
2022-07-01,NVDA,193.93,204.73,193.44,200.81,51608390
2022-07-04,NVDA,198.16,199.2,194.09,196.5,54230450
2022-07-05,NVDA,196.33,188.25,180.74,185.09,41527142
2022-07-06,NVDA,189.94,206.8,196.78,201.68,52837476
2022-07-07,NVDA,200.02,201.17,185.37,194.03,107079834
2022-07-08,NVDA,195.21,196.33,189.54,192.93,71121746
2022-07-11,NVDA,193.54,200.64,185.25,191.73,45855744
2022-07-12,NVDA,190.34,204.67,192.83,197.85,42734710
2022-07-13,NVDA,198.24,207.34,195.58,202.1,21197668
2022-07-14,NVDA,200.99,198.37,193.0,195.83,68898282
2022-07-15,NVDA,194.97,197.87,190.27,193.69,63307551
2022-07-18,NVDA,189.74,197.64,186.18,192.35,42473256
2022-07-19,NVDA,192.29,203.44,191.09,198.8,32541321
2022-07-20,NVDA,201.0,194.23,183.75,189.96,35355104
2022-07-21,NVDA,190.09,209.56,204.54,206.8,57130742
2022-07-22,NVDA,209.57,209.25,191.0,200.94,48677688
2022-07-25,NVDA,202.38,204.43,199.68,201.34,61528507
2022-07-26,NVDA,201.19,193.91,189.49,192.45,51313606
2022-07-27,NVDA,190.97,187.68,180.7,182.91,66823222
2022-07-28,NVDA,181.82,179.72,172.88,176.89,55862624
2022-07-29,NVDA,173.7,178.5,166.26,170.4,64113927
2022-08-01,NVDA,169.84,174.83,159.82,167.93,26712135
2022-08-02,NVDA,168.23,164.54,158.19,161.7,34526230
2022-08-03,NVDA,165.11,170.2,162.91,166.77,44822825
2022-08-04,NVDA,167.85,168.56,157.6,161.88,69123422
2022-08-05,NVDA,160.16,161.36,153.03,156.43,87898428
2022-08-08,NVDA,153.66,156.0,151.98,154.29,47596168
2022-08-09,NVDA,153.9,165.52,157.97,161.07,41618675
2022-08-10,NVDA,162.68,166.05,159.91,162.87,27813803
2022-08-11,NVDA,162.43,169.12,155.25,162.59,64786168
2022-08-12,NVDA,163.67,158.92,148.56,153.68,42392261
2022-08-15,NVDA,153.34,148.98,144.91,147.0,121452520
2022-08-16,NVDA,148.29,144.16,135.45,139.83,40052930
2022-08-17,NVDA,137.09,149.96,145.54,147.86,94029215
2022-08-18,NVDA,150.77,156.98,145.85,151.46,62585474
2022-08-19,NVDA,149.39,149.14,144.11,146.55,36728157
2022-08-22,NVDA,147.98,145.94,140.96,143.54,53606275
2022-08-23,NVDA,143.06,142.42,134.93,139.1,63019056
2022-08-24,NVDA,138.9,137.43,132.7,134.45,46732850
2022-08-25,NVDA,134.06,139.23,135.28,137.33,64290882
2022-08-26,NVDA,137.76,138.92,131.14,136.04,63867469
2022-08-29,NVDA,136.81,153.41,143.45,148.49,59795150
2022-08-30,NVDA,150.42,160.26,150.89,156.66,49753509
2022-08-31,NVDA,159.37,168.59,161.29,165.67,35147060
2022-09-01,NVDA,166.35,172.54,168.46,170.69,48861384
2022-09-02,NVDA,174.28,172.33,165.38,168.15,52711961
2022-09-05,NVDA,168.34,176.04,167.66,172.72,28480161
2022-09-06,NVDA,175.01,173.58,166.95,170.67,52604075
2022-09-07,NVDA,171.57,191.87,178.44,182.88,48568862
2022-09-08,NVDA,181.64,194.11,181.15,186.37,33887126
2022-09-09,NVDA,186.78,190.67,186.23,188.82,45246308
2022-09-12,NVDA,189.99,194.53,183.1,190.25,45534446
2022-09-13,NVDA,190.17,209.14,199.2,204.78,89215194
2022-09-14,NVDA,205.82,197.26,189.91,193.55,53413232
2022-09-15,NVDA,195.61,216.31,201.94,209.17,68226740
2022-09-16,NVDA,209.11,209.96,205.11,208.07,48263636
2022-09-19,NVDA,200.55,198.71,195.15,196.89,28498402
2022-09-20,NVDA,200.95,198.03,186.13,191.36,61174201
2022-09-21,NVDA,190.66,183.84,174.2,179.27,41040812
2022-09-22,NVDA,177.46,189.11,180.12,184.57,45211115
2022-09-23,NVDA,182.02,180.55,172.84,177.3,36456932
2022-09-26,NVDA,176.57,183.53,172.69,178.95,51103519
2022-09-27,NVDA,177.71,191.82,181.98,187.89,68825651
2022-09-28,NVDA,186.19,188.13,176.89,183.22,66144678
2022-09-29,NVDA,181.68,186.34,174.89,181.64,80469630
2022-09-30,NVDA,182.82,175.93,170.12,172.6,83965906
2022-10-03,NVDA,176.91,174.83,163.87,170.28,27065523
2022-10-04,NVDA,172.0,193.55,182.93,189.65,34950641
2022-10-05,NVDA,192.26,203.46,188.02,196.24,29065896
2022-10-06,NVDA,195.33,198.77,190.99,194.58,60437037
2022-10-07,NVDA,194.83,191.7,188.08,190.21,40613416
2022-10-10,NVDA,191.21,194.13,188.16,190.33,43175314
2022-10-11,NVDA,188.78,196.42,184.12,191.79,46854346
2022-10-12,NVDA,190.79,197.77,184.67,188.97,56080839
2022-10-13,NVDA,190.95,202.28,186.32,193.57,32022112
2022-10-14,NVDA,196.16,191.57,180.47,186.59,34273208
2022-10-17,NVDA,186.74,181.64,178.15,179.83,50019446
2022-10-18,NVDA,177.19,185.5,181.24,183.0,71639513
2022-10-19,NVDA,182.34,180.19,171.06,174.86,49620486
2022-10-20,NVDA,171.76,184.16,175.46,180.58,39429926
2022-10-21,NVDA,180.75,187.35,172.24,180.9,26247228
2022-10-24,NVDA,181.46,170.79,165.82,168.24,66541491
2022-10-25,NVDA,167.68,174.33,164.03,169.4,40094674
2022-10-26,NVDA,169.9,165.68,154.2,158.47,35438256
2022-10-27,NVDA,159.28,166.71,161.1,163.42,29887054
2022-10-28,NVDA,163.93,164.47,159.54,162.14,32469226
2022-10-31,NVDA,159.75,181.23,168.4,175.31,37474426
2022-11-01,NVDA,174.77,188.84,179.11,183.6,46542616
2022-11-02,NVDA,184.53,185.88,168.26,176.21,34792452
2022-11-03,NVDA,179.63,171.06,154.5,162.6,52864678
2022-11-04,NVDA,162.06,164.74,151.64,158.02,46436634
2022-11-07,NVDA,159.09,152.65,148.86,150.66,97379984
2022-11-08,NVDA,152.29,167.05,159.8,162.74,29984784
2022-11-09,NVDA,162.34,168.02,158.99,163.05,52481820
2022-11-10,NVDA,165.35,175.0,165.43,169.8,52679400
2022-11-11,NVDA,172.3,172.29,161.52,168.22,36702900
2022-11-14,NVDA,171.07,171.34,163.37,167.38,51449396
2022-11-15,NVDA,168.32,169.65,165.64,167.54,62985296
2022-11-16,NVDA,172.4,180.58,171.56,175.72,51468524
2022-11-17,NVDA,174.39,184.3,172.77,178.39,75744199
2022-11-18,NVDA,183.05,172.79,169.32,171.23,26016129
2022-11-21,NVDA,172.85,186.03,179.95,183.42,38836206
2022-11-22,NVDA,186.44,186.22,177.6,181.66,77831000
2022-11-23,NVDA,180.95,181.09,175.24,178.72,65734960
2022-11-24,NVDA,180.58,161.58,155.91,159.54,58802038
2022-11-25,NVDA,162.34,170.07,160.43,164.12,72384169
2022-11-28,NVDA,161.93,169.68,159.91,165.19,28136161
2022-11-29,NVDA,164.86,170.09,162.2,166.25,63478813
2022-11-30,NVDA,161.88,169.55,156.9,163.92,68808965
2022-12-01,NVDA,163.56,166.74,153.73,160.48,41034490
2022-12-02,NVDA,158.87,163.49,154.05,158.44,110034520
2022-12-05,NVDA,158.01,163.61,159.0,161.85,53033707
2022-12-06,NVDA,167.66,171.46,162.66,166.53,25898687
2022-12-07,NVDA,170.04,168.72,162.87,165.34,56058994
2022-12-08,NVDA,162.42,176.25,168.48,172.3,40288456
2022-12-09,NVDA,173.47,178.29,167.45,172.14,70917809
2022-12-12,NVDA,173.83,174.19,165.46,169.02,58933295
2022-12-13,NVDA,168.32,175.87,165.26,170.8,41789553
2022-12-14,NVDA,171.17,167.81,158.77,161.93,78473311
2022-12-15,NVDA,162.48,169.75,156.86,163.86,66278025
2022-12-16,NVDA,161.15,156.61,152.0,154.19,39003329
2022-12-19,NVDA,152.24,152.12,142.99,148.18,47770556
2022-12-20,NVDA,148.5,137.71,134.95,136.75,58387279
2022-12-21,NVDA,136.91,139.75,133.06,136.09,44824014
2022-12-22,NVDA,134.9,151.21,140.8,145.7,45227403
2022-12-23,NVDA,144.28,148.61,142.38,145.34,50553921
2022-12-26,NVDA,145.18,151.02,147.38,149.57,36316908
2022-12-27,NVDA,151.2,171.37,160.7,165.08,25589788
2022-12-28,NVDA,164.93,172.75,159.98,168.23,53718823
2022-12-29,NVDA,171.58,166.31,158.72,163.42,27532111
2022-12-30,NVDA,162.02,162.81,154.4,159.65,37118347
2023-01-02,NVDA,160.02,166.52,155.31,160.02,29386879
2023-01-03,NVDA,159.33,158.85,153.44,156.3,30492771
2023-01-04,NVDA,157.42,158.5,150.11,153.12,56822339
2023-01-05,NVDA,151.65,162.22,154.94,159.8,46774143
2023-01-06,NVDA,163.58,169.49,164.41,167.04,46270419
2023-01-09,NVDA,163.58,164.21,152.37,156.52,33691732
2023-01-10,NVDA,159.82,153.69,149.07,151.71,41069603
2023-01-11,NVDA,151.88,154.64,142.0,149.21,55978044
2023-01-12,NVDA,150.22,155.96,147.77,153.27,49224763
2023-01-13,NVDA,155.78,164.0,156.73,160.99,63996297
2023-01-16,NVDA,162.69,184.31,176.12,180.24,66789815
2023-01-17,NVDA,178.63,180.16,172.46,177.25,46356292
2023-01-18,NVDA,178.56,180.94,166.88,174.67,28684250
2023-01-19,NVDA,178.68,186.8,172.6,179.35,39846299
2023-01-20,NVDA,177.39,179.34,169.42,174.82,48555924
2023-01-23,NVDA,179.37,176.98,169.72,174.22,39609812
2023-01-24,NVDA,175.04,175.63,167.65,171.68,36438858
2023-01-25,NVDA,170.77,156.5,153.13,154.57,51057308
2023-01-26,NVDA,152.87,162.65,150.88,155.71,103659753
2023-01-27,NVDA,155.29,157.93,152.62,154.92,43188168
2023-01-30,NVDA,151.2,168.24,159.65,163.58,49957929
2023-01-31,NVDA,162.74,169.41,159.07,163.99,33730829
2023-02-01,NVDA,163.47,158.85,153.37,156.15,72605692
2023-02-02,NVDA,154.09,160.87,149.87,154.87,65003812
2023-02-03,NVDA,156.29,147.05,139.9,142.49,63671894
2023-02-06,NVDA,142.11,142.73,128.73,135.92,75185752
2023-02-07,NVDA,134.85,141.32,137.28,139.82,43983765
2023-02-08,NVDA,139.27,142.4,134.8,138.74,45663425
2023-02-09,NVDA,139.34,145.65,142.37,144.42,83511685
2023-02-10,NVDA,144.55,139.96,130.36,133.55,60451502
2023-02-13,NVDA,132.4,135.06,127.61,132.54,25693973
2023-02-14,NVDA,132.75,132.28,126.72,130.29,57309665
2023-02-15,NVDA,130.21,142.05,132.51,135.81,41993447
2023-02-16,NVDA,133.91,142.78,135.24,139.93,65462309
2023-02-17,NVDA,139.43,146.67,142.46,143.99,56513533
2023-02-20,NVDA,145.02,156.89,149.54,153.73,29661804
2023-02-21,NVDA,154.81,153.9,150.4,151.79,54199520
2023-02-22,NVDA,151.36,165.27,153.55,160.69,53261371
2023-02-23,NVDA,162.03,159.2,151.02,154.33,55760277
2023-02-24,NVDA,152.47,153.09,144.69,147.99,59423018
2023-02-27,NVDA,146.27,157.9,147.46,152.98,78320767
2023-02-28,NVDA,152.51,148.17,137.23,144.18,56610229
2023-03-01,NVDA,146.83,150.42,145.09,147.94,50344659
2023-03-02,NVDA,148.24,151.31,146.65,148.9,70556462
2023-03-03,NVDA,148.4,158.44,152.51,155.95,97988019
2023-03-06,NVDA,158.91,160.99,148.2,155.93,65795025
2023-03-07,NVDA,155.38,162.02,151.53,156.66,53190767
2023-03-08,NVDA,160.96,165.56,154.67,160.33,56927707
2023-03-09,NVDA,159.33,159.41,152.89,156.41,53992013
2023-03-10,NVDA,154.46,154.63,150.17,152.3,50278549
2023-03-13,NVDA,151.99,163.17,150.14,155.65,95734071
2023-03-14,NVDA,155.18,158.43,152.85,155.83,39937150
2023-03-15,NVDA,154.29,159.11,149.86,153.61,70703477
2023-03-16,NVDA,158.52,157.38,150.42,153.45,48147341
2023-03-17,NVDA,154.05,166.49,161.49,164.19,32069238
2023-03-20,NVDA,165.12,168.55,155.35,161.61,47253545
2023-03-21,NVDA,160.7,166.64,150.41,158.89,42435711
2023-03-22,NVDA,157.76,153.87,142.91,148.51,59459547
2023-03-23,NVDA,150.38,151.33,144.49,148.6,51388431
2023-03-24,NVDA,145.54,155.69,149.69,153.0,36796949
2023-03-27,NVDA,150.86,165.31,155.02,158.7,77736537
2023-03-28,NVDA,158.22,163.95,156.48,159.78,69342861
2023-03-29,NVDA,162.43,171.39,163.5,166.55,80466396
2023-03-30,NVDA,165.78,176.83,168.29,172.01,53683860
2023-03-31,NVDA,172.89,183.65,176.9,180.45,49466866
2023-04-03,NVDA,180.51,190.04,186.69,188.31,61749825
2023-04-04,NVDA,191.31,206.61,196.38,201.29,42046682
2023-04-05,NVDA,197.37,204.18,195.12,200.36,51989453
2023-04-06,NVDA,202.17,193.86,187.88,190.21,47433068
2023-04-07,NVDA,189.74,199.87,193.18,195.91,32256278
2023-04-10,NVDA,198.13,213.93,196.83,202.74,51948853
2023-04-11,NVDA,200.7,224.43,211.52,216.71,43804341
2023-04-12,NVDA,216.77,237.2,221.9,228.91,46490935
2023-04-13,NVDA,228.63,251.59,244.74,248.48,55765672
2023-04-14,NVDA,245.42,268.25,242.36,255.46,73243019
2023-04-17,NVDA,251.44,271.64,246.78,258.47,38760123
2023-04-18,NVDA,256.62,252.59,237.49,244.79,45198122
2023-04-19,NVDA,245.18,251.83,241.97,248.48,39745562
2023-04-20,NVDA,246.17,252.13,235.65,243.49,38976886
2023-04-21,NVDA,242.5,252.32,236.42,246.18,41831612
2023-04-24,NVDA,240.48,252.93,239.4,247.31,47138398
2023-04-25,NVDA,246.18,264.46,243.95,252.72,59607684
2023-04-26,NVDA,255.9,261.83,245.8,252.3,55045313
2023-04-27,NVDA,254.49,266.6,258.97,262.76,36414458
2023-04-28,NVDA,262.48,239.55,228.15,235.59,73719776
2023-05-01,NVDA,236.29,248.98,232.57,237.98,66376740
2023-05-02,NVDA,235.56,253.83,245.33,250.58,38155400
2023-05-03,NVDA,255.58,274.11,265.08,271.15,72186732
2023-05-04,NVDA,278.04,290.77,270.97,280.06,55152635
2023-05-05,NVDA,280.62,309.94,296.05,300.76,47707394
2023-05-08,NVDA,310.33,314.4,293.45,303.56,55670312
2023-05-09,NVDA,301.02,308.9,300.4,304.3,49614928
2023-05-10,NVDA,299.63,317.27,302.81,311.7,58882657
2023-05-11,NVDA,308.98,316.95,305.73,312.39,52890178
2023-05-12,NVDA,311.54,314.81,291.94,303.25,45186356
2023-05-15,NVDA,311.86,310.39,287.5,297.61,27228792
2023-05-16,NVDA,296.58,290.95,276.96,285.03,58567373
2023-05-17,NVDA,282.02,297.9,283.37,291.94,44697895
2023-05-18,NVDA,288.72,296.17,290.03,292.76,63143315
2023-05-19,NVDA,296.86,295.03,282.0,289.15,57773230
2023-05-22,NVDA,292.69,292.69,276.14,283.18,45047781
2023-05-23,NVDA,281.49,295.91,279.8,289.77,67960011
2023-05-24,NVDA,283.09,306.19,293.21,299.88,53168999
2023-05-25,NVDA,295.72,293.77,277.82,286.98,52515893
2023-05-26,NVDA,293.05,278.95,267.61,272.88,47970670
2023-05-29,NVDA,275.19,287.71,280.16,284.42,82854803
2023-05-30,NVDA,284.65,274.87,266.34,269.48,40368225
2023-05-31,NVDA,275.66,281.29,273.79,276.23,45386769
2023-06-01,NVDA,282.88,300.13,289.42,295.83,34495278
2023-06-02,NVDA,295.7,324.21,302.32,316.85,62180554
2023-06-05,NVDA,316.78,334.88,320.11,327.33,41987766
2023-06-06,NVDA,324.99,344.74,328.75,337.76,43424002
2023-06-07,NVDA,336.58,382.63,351.14,371.25,42817290
2023-06-08,NVDA,364.47,344.25,326.77,338.2,50949736
2023-06-09,NVDA,332.0,343.63,323.08,332.6,34356634
2023-06-12,NVDA,325.56,352.11,336.23,345.17,25509461
2023-06-13,NVDA,349.76,345.71,336.67,341.23,57359255
2023-06-14,NVDA,334.68,367.74,349.25,359.84,26521499
2023-06-15,NVDA,368.46,370.42,348.24,360.1,64603225
2023-06-16,NVDA,356.87,373.69,349.28,362.89,79804614
2023-06-19,NVDA,370.64,376.14,346.77,359.67,47596339
2023-06-20,NVDA,358.06,368.09,338.05,352.88,73837806
2023-06-21,NVDA,346.09,356.23,334.67,345.87,49637474
2023-06-22,NVDA,351.33,358.8,341.87,350.55,80785327
2023-06-23,NVDA,356.59,355.61,332.29,340.4,43604381
2023-06-26,NVDA,336.62,370.63,345.57,354.78,24595376
2023-06-27,NVDA,353.34,373.64,354.22,365.25,48815577
2023-06-28,NVDA,361.19,396.51,373.35,382.96,83463713
2023-06-29,NVDA,382.39,375.1,357.79,366.52,58704330
2023-06-30,NVDA,367.0,348.59,330.93,342.68,42838020
2023-07-03,NVDA,341.2,346.15,338.48,343.42,55185120
2023-07-04,NVDA,335.75,391.72,383.6,387.61,66910804
2023-07-05,NVDA,384.84,419.26,397.34,409.19,48732106
2023-07-06,NVDA,412.72,407.98,394.31,400.94,109940579
2023-07-07,NVDA,399.91,421.41,399.5,408.92,42811108
2023-07-10,NVDA,407.28,437.8,410.41,422.27,67543796
2023-07-11,NVDA,417.45,416.57,385.8,400.2,62840776
2023-07-12,NVDA,397.2,441.18,412.56,424.27,40531310
2023-07-13,NVDA,431.62,432.31,405.6,422.36,44022062
2023-07-14,NVDA,416.45,432.91,415.23,421.78,67860396
2023-07-17,NVDA,425.51,428.27,416.96,423.18,52219676
2023-07-18,NVDA,423.42,458.42,434.44,444.52,55337152
2023-07-19,NVDA,445.86,441.3,427.64,431.99,30607124
2023-07-20,NVDA,428.11,418.15,395.84,403.77,60875001
2023-07-21,NVDA,402.03,423.12,388.67,410.1,54500618
2023-07-24,NVDA,410.08,390.27,370.46,378.07,49050481
2023-07-25,NVDA,375.65,381.99,365.05,374.31,55717292
2023-07-26,NVDA,375.83,401.46,385.18,393.87,44223560
2023-07-27,NVDA,396.08,413.25,387.09,404.26,41865087
2023-07-28,NVDA,415.05,430.22,413.33,422.87,46500234
2023-07-31,NVDA,424.32,447.59,419.74,434.77,43500048
2023-08-01,NVDA,424.55,487.69,472.48,480.99,96176194
2023-08-02,NVDA,487.86,479.03,456.59,470.64,65731891
2023-08-03,NVDA,469.46,492.37,469.07,479.49,37392955
2023-08-04,NVDA,491.34,484.59,464.36,472.07,92103395
2023-08-07,NVDA,480.6,507.29,469.47,492.08,43911051
2023-08-08,NVDA,489.03,497.37,484.75,491.99,50443788
2023-08-09,NVDA,496.35,543.91,517.13,529.1,65447491
2023-08-10,NVDA,525.24,526.82,510.03,518.93,27688756
2023-08-11,NVDA,518.95,562.3,543.1,551.0,46568076
2023-08-14,NVDA,555.57,574.23,559.22,565.86,42098952
2023-08-15,NVDA,573.6,573.79,555.79,566.43,53172802
2023-08-16,NVDA,572.66,603.79,548.7,580.51,55870578
2023-08-17,NVDA,581.04,602.63,567.16,588.12,48854436
2023-08-18,NVDA,606.07,623.07,575.81,598.15,48179268
2023-08-21,NVDA,595.47,609.07,574.25,594.5,68824681
2023-08-22,NVDA,582.76,595.14,563.67,579.01,54733107
2023-08-23,NVDA,568.95,602.69,548.6,572.46,50625252
2023-08-24,NVDA,582.82,550.55,519.82,535.58,52267992
2023-08-25,NVDA,535.08,560.06,548.05,555.67,86729120
2023-08-28,NVDA,556.75,543.27,505.76,529.5,52658369
2023-08-29,NVDA,525.97,544.82,512.57,526.03,42849263
2023-08-30,NVDA,523.1,555.09,533.94,541.44,28200036
2023-08-31,NVDA,536.2,574.66,551.84,561.68,32519561
2023-09-01,NVDA,564.93,532.29,515.45,523.53,43463227
2023-09-04,NVDA,522.91,535.06,511.59,522.79,48400490
2023-09-05,NVDA,525.58,549.95,511.44,533.97,42323249
2023-09-06,NVDA,536.2,543.91,525.12,536.36,55554593
2023-09-07,NVDA,533.55,596.68,542.8,568.03,42159944
2023-09-08,NVDA,557.85,562.15,533.41,550.52,38003422
2023-09-11,NVDA,540.07,514.82,502.59,507.4,60088360
2023-09-12,NVDA,526.26,548.68,502.17,525.74,75402569
2023-09-13,NVDA,535.29,527.08,495.82,515.51,35868975
2023-09-14,NVDA,524.0,495.61,469.77,480.82,53792699
2023-09-15,NVDA,476.83,493.68,462.57,478.83,28233849
2023-09-18,NVDA,478.88,524.35,486.65,504.75,32125868
2023-09-19,NVDA,499.69,492.3,472.03,480.42,41904501
2023-09-20,NVDA,472.68,535.01,521.97,529.88,70280623
2023-09-21,NVDA,526.05,519.81,501.6,513.21,39583453
2023-09-22,NVDA,521.57,527.46,507.77,516.25,39141874
2023-09-25,NVDA,521.58,502.75,472.71,492.26,50544249
2023-09-26,NVDA,486.39,500.42,486.27,494.25,50559359
2023-09-27,NVDA,492.34,507.49,478.28,492.7,39507224
2023-09-28,NVDA,497.23,472.97,449.96,464.63,90730128
2023-09-29,NVDA,461.37,546.05,504.57,522.85,46173867
2023-10-02,NVDA,523.36,529.63,501.53,513.55,51733135
2023-10-03,NVDA,516.08,529.36,491.07,504.43,44322353
2023-10-04,NVDA,506.86,538.83,508.34,526.08,57054929
2023-10-05,NVDA,527.72,576.5,559.67,567.97,72422011
2023-10-06,NVDA,563.41,620.02,582.28,596.17,82361831
2023-10-09,NVDA,592.14,577.41,558.64,568.89,39779165
2023-10-10,NVDA,560.97,598.87,560.63,575.24,69564999
2023-10-11,NVDA,564.2,550.85,521.46,533.83,58964009
2023-10-12,NVDA,533.08,564.6,543.99,555.21,66979324
2023-10-13,NVDA,560.77,528.11,512.88,520.46,48640631
2023-10-16,NVDA,511.64,518.08,491.66,504.8,47271651
2023-10-17,NVDA,506.5,518.37,485.61,505.92,66203769
2023-10-18,NVDA,510.79,539.5,501.36,516.43,66581766
2023-10-19,NVDA,504.77,518.25,508.27,512.13,79977006
2023-10-20,NVDA,510.43,553.62,535.7,546.27,53068698
2023-10-23,NVDA,557.32,579.24,555.18,564.01,48421726
2023-10-24,NVDA,567.83,595.93,563.87,580.45,23904504
2023-10-25,NVDA,567.12,559.51,543.56,553.25,30834828
2023-10-26,NVDA,557.72,611.21,581.12,594.5,44422563
2023-10-27,NVDA,589.04,601.99,555.93,576.62,35934769
2023-10-30,NVDA,581.51,637.17,599.64,620.58,63832481
2023-10-31,NVDA,615.32,704.33,660.5,675.73,33751225
2023-11-01,NVDA,675.29,709.67,669.02,691.68,43018562
2023-11-02,NVDA,687.11,740.12,701.24,723.22,43528463
2023-11-03,NVDA,723.25,653.03,621.41,638.95,71768519
2023-11-06,NVDA,634.49,643.7,626.99,635.35,41660414
2023-11-07,NVDA,633.6,677.51,657.59,666.23,57268265
2023-11-08,NVDA,656.61,720.73,655.88,693.55,53023480
2023-11-09,NVDA,697.73,690.28,642.09,661.31,65562871
2023-11-10,NVDA,662.73,675.48,626.94,654.93,64527243
2023-11-13,NVDA,641.93,600.89,583.14,591.71,49500905
2023-11-14,NVDA,598.93,611.73,596.68,603.21,30058174
2023-11-15,NVDA,601.9,571.94,550.16,559.75,46641968
2023-11-16,NVDA,560.86,607.32,569.93,587.64,49701559
2023-11-17,NVDA,593.15,647.08,597.66,618.24,54479570
2023-11-20,NVDA,620.73,627.66,586.17,607.76,40075150
2023-11-21,NVDA,616.46,638.61,602.65,622.33,70407045
2023-11-22,NVDA,620.08,626.16,606.08,618.26,50204709
2023-11-23,NVDA,626.12,639.17,601.94,625.88,37934986
2023-11-24,NVDA,626.82,609.3,592.46,598.55,43578096
2023-11-27,NVDA,602.28,628.07,603.05,615.44,89173668
2023-11-28,NVDA,618.49,599.25,560.15,576.79,61028219
2023-11-29,NVDA,585.58,560.37,514.68,536.4,68481249
2023-11-30,NVDA,541.15,541.17,525.03,534.98,36581656
2023-12-01,NVDA,532.07,540.23,519.07,531.61,40665257
2023-12-04,NVDA,527.42,558.67,518.26,538.83,40755724
2023-12-05,NVDA,538.5,534.7,521.0,525.92,52843838
2023-12-06,NVDA,521.0,588.32,553.49,569.46,47456924
2023-12-07,NVDA,562.1,587.09,561.8,574.56,43171246
2023-12-08,NVDA,559.54,589.11,566.71,581.42,44826618
2023-12-11,NVDA,570.35,596.18,579.0,587.51,39401837
2023-12-12,NVDA,601.83,623.51,605.9,613.57,47373889
2023-12-13,NVDA,608.62,649.05,614.72,629.68,69824690
2023-12-14,NVDA,644.4,661.5,632.05,642.68,31755984
2023-12-15,NVDA,645.86,685.18,649.81,663.89,55476906
2023-12-18,NVDA,663.48,628.78,609.57,617.54,75644959
2023-12-19,NVDA,606.16,590.3,551.62,575.31,47326333
2023-12-20,NVDA,575.35,581.81,565.47,574.86,42664201
2023-12-21,NVDA,588.23,578.54,565.85,571.56,65976093
2023-12-22,NVDA,582.5,609.4,562.85,586.67,37216657
2023-12-25,NVDA,588.64,601.38,570.56,588.52,49660782
2023-12-26,NVDA,580.22,618.32,590.57,604.12,36600788
2023-12-27,NVDA,597.02,583.96,564.98,575.42,28531042
2023-12-28,NVDA,569.4,595.02,552.48,576.52,47771428
2023-12-29,NVDA,585.57,557.24,540.33,546.99,34226646
2024-01-01,NVDA,557.95,563.67,550.39,557.02,49825248
2024-01-02,NVDA,558.36,525.25,504.04,516.99,69862700
2024-01-03,NVDA,515.07,536.68,513.72,525.65,87208310
2024-01-04,NVDA,535.65,509.81,478.12,496.12,51422807
2024-01-05,NVDA,490.16,499.9,475.91,489.53,67883143
2024-01-08,NVDA,489.84,517.09,495.35,508.99,56357301
2024-01-09,NVDA,511.89,524.86,496.86,514.95,44571245
2024-01-10,NVDA,509.5,494.09,475.21,482.52,28066876
2024-01-11,NVDA,478.75,482.92,460.13,470.52,81448482
2024-01-12,NVDA,466.39,449.75,438.89,443.5,36499273
2024-01-15,NVDA,451.22,425.32,408.32,414.73,75705762
2024-01-16,NVDA,424.49,427.06,405.96,417.71,58736732
2024-01-17,NVDA,418.3,435.99,422.52,428.4,37308424
2024-01-18,NVDA,426.99,441.19,431.29,437.22,54905993
2024-01-19,NVDA,434.0,456.96,438.55,449.2,94812032
2024-01-22,NVDA,449.2,461.45,432.22,450.03,79258826
2024-01-23,NVDA,446.98,453.73,439.07,446.06,42871577
2024-01-24,NVDA,445.53,440.06,415.13,427.88,40383802
2024-01-25,NVDA,430.05,435.52,401.89,421.22,51525942
2024-01-26,NVDA,419.13,413.53,385.92,399.97,47577924
2024-01-29,NVDA,399.04,395.91,380.25,387.27,71660824
2024-01-30,NVDA,386.39,401.05,379.17,389.59,62420874
2024-01-31,NVDA,388.07,393.64,381.31,388.63,30094743
2024-02-01,NVDA,386.52,464.85,423.58,441.62,57375970
2024-02-02,NVDA,445.75,430.37,403.58,418.92,47384525
2024-02-05,NVDA,409.8,423.41,411.65,417.75,50559731
2024-02-06,NVDA,425.83,410.71,376.71,395.02,53877120
2024-02-07,NVDA,395.67,399.87,376.04,389.7,71639149
2024-02-08,NVDA,392.62,392.38,374.84,385.1,67044789
2024-02-09,NVDA,388.53,406.19,386.89,399.59,39928892
2024-02-12,NVDA,396.11,404.45,378.13,393.22,49128504
2024-02-13,NVDA,388.8,403.88,383.41,391.06,43705178
2024-02-14,NVDA,386.1,402.85,368.99,385.13,30188746
2024-02-15,NVDA,383.96,372.43,359.47,364.51,48386064
2024-02-16,NVDA,367.64,369.74,346.93,355.73,86960094
2024-02-19,NVDA,353.18,366.17,341.82,351.03,29916494
2024-02-20,NVDA,353.66,365.84,342.14,352.92,49640372
2024-02-21,NVDA,342.65,368.01,356.34,361.94,49164979
2024-02-22,NVDA,360.22,366.7,353.01,359.31,54507791
2024-02-23,NVDA,364.47,369.49,348.98,356.45,37457446
2024-02-26,NVDA,355.71,339.92,325.72,332.98,32605788
2024-02-27,NVDA,329.59,345.44,333.78,341.22,33063954
2024-02-28,NVDA,338.46,341.98,319.86,332.41,74537558
2024-02-29,NVDA,320.04,349.11,337.46,343.53,37233809
2024-03-01,NVDA,339.27,366.97,360.1,363.41,43041051
2024-03-04,NVDA,368.13,366.88,355.99,361.47,94011092
2024-03-05,NVDA,358.88,357.73,339.87,347.44,40114838
2024-03-06,NVDA,345.46,362.29,328.76,348.02,55409047
2024-03-07,NVDA,338.05,362.84,343.82,353.85,68797438
2024-03-08,NVDA,346.76,355.55,344.94,350.12,67811992
2024-03-11,NVDA,355.24,352.27,334.72,342.93,33533673
2024-03-12,NVDA,345.53,358.69,347.81,351.76,40367187
2024-03-13,NVDA,346.15,372.58,344.63,359.84,54747526
2024-03-14,NVDA,357.05,366.61,346.48,355.6,89186371
2024-03-15,NVDA,355.47,337.24,325.72,333.09,39788176
2024-03-18,NVDA,328.2,352.26,330.52,340.17,43117938
2024-03-19,NVDA,331.79,338.68,324.0,330.42,56706867
2024-03-20,NVDA,329.77,344.77,325.2,334.11,60214938
2024-03-21,NVDA,336.46,340.79,332.5,336.97,61319580
2024-03-22,NVDA,339.42,323.02,304.27,312.62,38788206
2024-03-25,NVDA,315.98,326.9,302.35,314.39,42623620
2024-03-26,NVDA,308.39,335.11,309.03,321.84,53339298
2024-03-27,NVDA,322.07,345.63,315.53,331.12,73018760
2024-03-28,NVDA,330.03,341.05,327.96,333.49,46547708
2024-03-29,NVDA,333.13,316.08,301.62,308.28,49666588
2024-04-01,NVDA,307.47,339.02,310.57,325.58,36753904
2024-04-02,NVDA,322.94,338.79,323.53,331.88,87443341
2024-04-03,NVDA,319.58,320.92,312.21,316.67,52368323
2024-04-04,NVDA,321.19,313.11,301.3,307.33,69085815
2024-04-05,NVDA,308.58,317.69,303.84,310.98,50450475
2024-04-08,NVDA,305.31,327.66,311.24,320.51,51295504
2024-04-09,NVDA,322.37,320.86,307.8,314.9,31878453
2024-04-10,NVDA,313.17,335.03,313.88,326.49,26227131
2024-04-11,NVDA,324.81,320.5,295.55,304.09,72791163
2024-04-12,NVDA,301.22,297.77,285.0,292.07,51184690
2024-04-15,NVDA,293.99,277.08,261.05,269.02,53194310
2024-04-16,NVDA,266.38,262.55,257.93,259.92,34374220
2024-04-17,NVDA,256.42,280.7,274.66,277.13,38133903
2024-04-18,NVDA,280.98,308.14,296.34,302.19,68766286
2024-04-19,NVDA,301.53,314.13,298.41,305.82,84273388
2024-04-22,NVDA,305.27,307.24,293.02,298.63,41497816
2024-04-23,NVDA,301.17,306.02,291.51,296.62,61158447
2024-04-24,NVDA,294.19,307.23,298.84,303.14,52933186
2024-04-25,NVDA,301.39,287.86,282.31,285.01,48224361
2024-04-26,NVDA,286.08,288.38,268.78,279.06,87148251
2024-04-29,NVDA,273.77,300.29,294.12,296.64,43643855
2024-04-30,NVDA,297.44,292.49,277.14,284.87,72547157
2024-05-01,NVDA,282.22,289.76,270.19,276.91,56061539
2024-05-02,NVDA,279.82,284.47,268.12,277.71,49747300
2024-05-03,NVDA,279.57,288.11,272.35,281.6,75461919
2024-05-06,NVDA,283.04,282.2,265.73,275.13,54547034
2024-05-07,NVDA,269.7,287.33,267.81,276.64,48574307
2024-05-08,NVDA,276.29,297.37,269.12,284.28,75630198
2024-05-09,NVDA,280.17,321.38,296.74,308.77,72733471
2024-05-10,NVDA,308.63,316.92,298.64,307.9,71708694
2024-05-13,NVDA,299.14,319.34,298.06,308.1,15575227
2024-05-14,NVDA,302.27,339.21,321.1,328.75,57058439
2024-05-15,NVDA,333.55,326.25,318.06,322.19,53285175
2024-05-16,NVDA,323.65,312.08,297.27,305.9,49479776
2024-05-17,NVDA,304.57,319.18,299.24,309.77,60036751
2024-05-20,NVDA,306.32,331.76,316.7,324.49,54065164
2024-05-21,NVDA,320.16,336.79,323.33,330.09,61274589
2024-05-22,NVDA,330.9,336.02,321.25,329.55,46137887
2024-05-23,NVDA,328.16,314.57,307.49,311.3,78372820
2024-05-24,NVDA,317.21,319.55,306.17,311.28,63162215
2024-05-27,NVDA,310.58,342.33,317.99,328.17,58837592
2024-05-28,NVDA,328.41,325.61,301.04,312.73,57982113
2024-05-29,NVDA,307.39,314.59,302.03,310.33,70753881
2024-05-30,NVDA,308.96,309.92,299.97,306.16,67933503
2024-05-31,NVDA,306.83,307.29,284.51,298.24,48336713
2024-06-03,NVDA,296.87,314.49,292.52,301.98,67297030
2024-06-04,NVDA,300.18,318.52,300.99,308.24,52680147
2024-06-05,NVDA,309.47,320.39,309.0,314.48,88863460
2024-06-06,NVDA,320.33,307.85,299.57,302.86,69501014
2024-06-07,NVDA,303.4,294.13,272.19,283.78,41443879
2024-06-10,NVDA,287.77,299.16,281.94,287.52,100608446
2024-06-11,NVDA,289.71,286.44,277.39,282.28,26613299
2024-06-12,NVDA,286.04,317.24,289.71,305.06,60535467
2024-06-13,NVDA,302.78,341.12,319.61,330.3,40574865
2024-06-14,NVDA,329.46,370.98,350.32,359.19,87941963
2024-06-17,NVDA,358.3,351.92,336.44,346.44,53939595
2024-06-18,NVDA,348.76,360.96,346.79,355.44,39404671
2024-06-19,NVDA,358.9,383.08,350.71,369.2,46158198
2024-06-20,NVDA,369.77,399.23,364.37,381.74,40360176
2024-06-21,NVDA,385.85,394.51,368.07,377.12,45617431
2024-06-24,NVDA,374.51,408.83,387.55,398.33,45305512
2024-06-25,NVDA,402.66,411.82,391.4,399.27,39911968
2024-06-26,NVDA,404.25,408.36,394.5,402.31,54219582
2024-06-27,NVDA,405.65,390.07,370.24,378.64,56226616
2024-06-28,NVDA,379.26,400.25,371.45,389.68,37081978
2024-07-01,NVDA,393.09,396.94,378.09,386.45,30403033
2024-07-02,NVDA,382.2,412.32,383.4,394.79,54888834
2024-07-03,NVDA,395.75,418.94,389.02,399.54,58650680
2024-07-04,NVDA,401.02,423.6,391.15,403.46,62245611
2024-07-05,NVDA,396.87,417.76,389.02,403.64,58990435
2024-07-08,NVDA,406.0,431.18,405.96,417.83,80145043
2024-07-09,NVDA,411.42,426.61,401.19,415.41,67433597
2024-07-10,NVDA,413.23,407.25,379.7,392.3,111717287
2024-07-11,NVDA,392.49,411.99,394.76,402.48,126750066
2024-07-12,NVDA,398.87,395.48,385.77,390.28,29505958
2024-07-15,NVDA,390.68,384.27,353.27,370.55,25864759
2024-07-16,NVDA,370.85,370.98,349.37,356.19,49889253
2024-07-17,NVDA,352.6,369.2,350.34,361.19,58165519
2024-07-18,NVDA,363.71,364.32,356.84,360.6,48874583
2024-07-19,NVDA,357.22,338.52,324.81,331.22,61750195
2024-07-22,NVDA,340.53,342.3,313.4,326.82,46106336
2024-07-23,NVDA,326.38,356.38,334.76,343.65,40602830
2024-07-24,NVDA,338.71,343.45,330.66,338.15,42485198
2024-07-25,NVDA,334.06,346.68,328.91,336.65,47085848
2024-07-26,NVDA,341.4,366.06,334.19,352.16,64397622
2024-07-29,NVDA,350.39,380.51,353.05,364.67,43206925
2024-07-30,NVDA,358.56,390.9,372.27,381.14,45848037
2024-07-31,NVDA,385.14,354.52,328.38,341.03,59328396
2024-08-01,NVDA,339.29,373.03,359.17,366.98,47105232
2024-08-02,NVDA,369.92,385.18,369.74,377.55,69897939
2024-08-05,NVDA,381.89,426.13,411.15,418.56,37946267
2024-08-06,NVDA,419.97,416.49,399.12,406.31,35556176
2024-08-07,NVDA,418.27,389.28,367.9,378.89,54784741
2024-08-08,NVDA,370.86,385.02,372.49,379.89,56447417
2024-08-09,NVDA,376.07,381.54,368.06,376.51,38572329
2024-08-12,NVDA,375.33,395.4,380.26,387.63,74821226
2024-08-13,NVDA,398.39,409.88,401.54,406.02,89077256
2024-08-14,NVDA,414.98,419.46,396.86,405.51,41415977
2024-08-15,NVDA,411.93,410.73,396.22,402.48,78117429
2024-08-16,NVDA,398.55,415.63,406.28,412.15,24468421
2024-08-19,NVDA,408.72,421.81,393.72,408.8,69051781
2024-08-20,NVDA,404.64,410.73,395.97,404.09,38655697
2024-08-21,NVDA,400.2,438.65,406.58,422.6,67010197
2024-08-22,NVDA,430.35,457.29,428.6,446.02,37473732
2024-08-23,NVDA,444.68,484.19,453.39,467.35,48983168
2024-08-26,NVDA,466.71,475.21,456.72,465.23,39212215
2024-08-27,NVDA,469.65,431.38,421.52,427.2,46892549
2024-08-28,NVDA,418.47,434.88,408.87,425.61,86574058
2024-08-29,NVDA,425.88,426.49,401.69,413.56,48406866
2024-08-30,NVDA,407.99,420.03,405.28,412.34,94171114
2024-09-02,NVDA,410.84,420.51,390.29,402.1,44535171
2024-09-03,NVDA,399.2,409.59,389.72,402.7,78222115
2024-09-04,NVDA,399.54,401.93,366.87,386.82,30701613
2024-09-05,NVDA,387.89,381.55,356.62,367.92,45881880
2024-09-06,NVDA,368.92,392.88,384.34,387.71,42571712
2024-09-09,NVDA,386.66,388.94,360.47,373.49,79307657
2024-09-10,NVDA,375.19,383.45,361.18,374.37,52857395
2024-09-11,NVDA,370.37,404.45,372.26,390.2,26724962
2024-09-12,NVDA,393.47,410.88,400.55,406.03,33750124
2024-09-13,NVDA,405.01,438.39,403.61,420.45,36900471
2024-09-16,NVDA,417.95,436.34,409.58,426.69,66170721
2024-09-17,NVDA,422.52,451.22,430.52,440.56,63658015
2024-09-18,NVDA,439.25,486.34,453.16,467.12,45691083
2024-09-19,NVDA,477.86,491.19,462.15,476.44,42413642
2024-09-20,NVDA,476.07,454.9,428.08,442.94,61987916
2024-09-23,NVDA,436.72,449.68,421.92,434.48,35629219
2024-09-24,NVDA,439.38,458.27,436.25,448.09,57358652
2024-09-25,NVDA,445.49,455.19,423.28,437.75,55911965
2024-09-26,NVDA,439.28,480.23,456.17,468.87,46046240
2024-09-27,NVDA,465.38,477.72,459.84,468.75,56335584
2024-09-30,NVDA,476.13,480.37,463.57,471.49,51555108
2024-10-01,NVDA,468.07,503.51,487.14,494.87,58046757
2024-10-02,NVDA,503.36,506.62,473.81,492.32,33508271
2024-10-03,NVDA,485.98,510.61,484.11,497.05,60121865
2024-10-04,NVDA,495.26,540.89,499.52,516.9,68033715
2024-10-07,NVDA,525.79,509.96,475.2,487.8,55053664
2024-10-08,NVDA,488.8,501.87,467.31,483.26,59882706
2024-10-09,NVDA,496.74,510.76,492.22,501.12,48378098
2024-10-10,NVDA,499.46,520.11,483.9,503.64,65328133
2024-10-11,NVDA,505.23,540.49,529.6,536.08,50988348
2024-10-14,NVDA,548.62,526.62,480.48,503.75,35432894
2024-10-15,NVDA,494.39,487.58,456.5,471.17,63949125
2024-10-16,NVDA,461.69,505.9,470.43,487.4,30623850
2024-10-17,NVDA,482.63,521.05,493.94,506.17,54426813
2024-10-18,NVDA,511.22,516.25,492.31,503.35,44556415
2024-10-21,NVDA,493.4,533.56,484.3,512.87,43710365
2024-10-22,NVDA,516.63,546.58,516.81,530.0,52647546
2024-10-23,NVDA,533.42,534.88,492.7,513.82,40416436
2024-10-24,NVDA,526.54,515.43,482.85,500.33,58304822
2024-10-25,NVDA,506.76,513.85,489.68,505.41,50859249
2024-10-28,NVDA,507.67,537.96,508.76,525.7,41547394
2024-10-29,NVDA,534.48,519.18,484.11,502.37,74699759
2024-10-30,NVDA,505.69,515.06,486.33,499.48,53168057
2024-10-31,NVDA,496.65,519.92,480.58,495.66,60416562
2024-11-01,NVDA,488.69,516.94,493.03,505.4,76477732
2024-11-04,NVDA,501.86,525.68,487.98,506.4,76102153
2024-11-05,NVDA,506.15,504.18,483.88,496.36,59498948
2024-11-06,NVDA,497.43,538.44,510.7,523.62,45660132
2024-11-07,NVDA,509.89,526.76,490.45,513.39,32560889
2024-11-08,NVDA,512.0,523.65,486.62,508.47,53198500
2024-11-11,NVDA,508.65,485.21,468.83,477.5,69435502
2024-11-12,NVDA,480.72,471.88,457.8,464.84,55607464
2024-11-13,NVDA,474.13,482.47,465.91,475.88,17790200
2024-11-14,NVDA,476.96,490.66,478.26,483.29,64912593
2024-11-15,NVDA,477.89,506.61,483.31,496.46,66120097
2024-11-18,NVDA,485.37,524.3,489.28,508.98,45679807
2024-11-19,NVDA,513.27,572.24,543.1,555.7,67257699
2024-11-20,NVDA,549.76,551.21,531.34,540.2,60365190
2024-11-21,NVDA,545.95,529.06,483.57,506.72,40705815
2024-11-22,NVDA,515.42,495.61,476.86,486.52,73215953
2024-11-25,NVDA,477.29,479.07,463.32,473.81,34184759
2024-11-26,NVDA,477.03,480.02,434.73,456.35,49148661
2024-11-27,NVDA,463.59,466.69,452.93,459.17,47699566
2024-11-28,NVDA,464.92,496.8,469.42,484.47,39032380
2024-11-29,NVDA,471.99,532.06,501.78,517.2,54771016
2024-12-02,NVDA,511.78,538.04,519.92,529.23,74079117
2024-12-03,NVDA,520.9,589.84,570.12,579.07,72700304
2024-12-04,NVDA,582.8,583.87,563.97,572.02,62123371
2024-12-05,NVDA,574.92,547.58,522.99,536.28,30061529
2024-12-06,NVDA,518.51,576.95,542.8,561.23,33489679
2024-12-09,NVDA,559.15,529.67,507.24,521.74,52555709
2024-12-10,NVDA,526.87,515.24,491.11,507.04,49489102
2024-12-11,NVDA,507.97,528.36,508.25,519.17,43060196
2024-12-12,NVDA,520.1,536.67,504.21,518.21,88554657
2024-12-13,NVDA,515.88,524.74,507.29,515.37,51613385
2024-12-16,NVDA,508.67,506.61,481.13,492.2,58835583
2024-12-17,NVDA,492.09,501.69,480.83,493.13,67248261
2024-12-18,NVDA,493.45,530.9,494.2,515.02,50831210
2024-12-19,NVDA,518.91,527.31,506.44,516.65,108781540
2024-12-20,NVDA,521.07,507.54,493.79,500.55,37709472
2024-12-23,NVDA,501.07,489.55,464.07,476.73,41687508
2024-12-24,NVDA,483.14,473.11,455.42,462.27,37681727
2024-12-25,NVDA,460.14,492.78,457.89,470.85,79903566
2024-12-26,NVDA,462.5,497.13,465.07,478.64,63602244
2024-12-27,NVDA,481.44,482.38,445.15,464.29,42469128
2024-12-30,NVDA,465.01,431.24,420.23,425.1,38584864
2024-12-31,NVDA,427.69,448.24,421.56,433.48,75753917
2022-01-03,TSLA,399.41,406.99,397.96,402.55,101060097
2022-01-04,TSLA,395.64,405.4,392.48,398.49,106493703
2022-01-05,TSLA,392.1,403.53,364.12,383.21,79767646
2022-01-06,TSLA,384.01,407.32,392.92,398.91,64762059
2022-01-07,TSLA,401.61,418.12,393.85,405.77,71316711
2022-01-10,TSLA,395.47,405.11,391.44,398.22,101505217
2022-01-11,TSLA,396.64,408.32,395.85,400.42,91612938
2022-01-12,TSLA,408.38,418.71,384.94,398.87,64350047
2022-01-13,TSLA,397.81,391.67,379.96,384.78,98886543
2022-01-14,TSLA,391.82,389.67,380.96,385.72,90889191
2022-01-17,TSLA,388.8,383.76,369.04,375.87,70338234
2022-01-18,TSLA,370.87,374.72,351.01,361.45,89489068
2022-01-19,TSLA,360.15,343.97,330.06,338.06,90820432
2022-01-20,TSLA,337.53,339.38,329.57,332.99,83111164
2022-01-21,TSLA,329.09,354.51,327.75,340.66,132048758
2022-01-24,TSLA,336.6,340.99,318.94,330.96,56503338
2022-01-25,TSLA,337.08,378.5,350.61,366.78,55115472
2022-01-26,TSLA,362.38,394.24,371.59,380.16,100098622
2022-01-27,TSLA,385.19,413.74,384.56,400.84,102925800
2022-01-28,TSLA,398.69,420.34,403.16,413.92,112892351
2022-01-31,TSLA,413.79,458.03,438.49,446.35,85070313
2022-02-01,TSLA,449.43,444.37,415.13,432.0,75928571
2022-02-02,TSLA,428.83,400.69,374.0,388.83,99780756
2022-02-03,TSLA,391.54,393.13,365.36,381.62,87592619
2022-02-04,TSLA,372.03,401.55,378.96,390.27,159252597
2022-02-07,TSLA,392.38,401.32,383.54,392.53,90731265
2022-02-08,TSLA,380.63,409.89,382.77,396.81,98417106
2022-02-09,TSLA,395.7,426.48,405.73,418.67,210144550
2022-02-10,TSLA,423.07,438.77,412.71,425.09,94324608
2022-02-11,TSLA,428.34,456.66,420.91,439.03,118157354
2022-02-14,TSLA,432.03,432.12,406.98,422.27,121396617
2022-02-15,TSLA,416.21,406.82,397.78,403.57,124535482
2022-02-16,TSLA,400.16,440.96,421.94,430.96,109072889
2022-02-17,TSLA,431.94,449.26,423.14,432.55,105987633
2022-02-18,TSLA,421.75,434.93,404.19,421.47,103055788
2022-02-21,TSLA,421.4,419.84,401.66,410.7,84130739
2022-02-22,TSLA,412.27,412.73,387.97,399.75,110258303
2022-02-23,TSLA,398.36,400.64,376.21,388.14,183784511
2022-02-24,TSLA,390.64,379.13,354.95,368.11,143792999
2022-02-25,TSLA,369.12,351.14,342.05,346.02,109546113
2022-02-28,TSLA,343.72,352.7,327.89,343.12,129272053
2022-03-01,TSLA,334.96,351.39,325.06,334.74,77047137
2022-03-02,TSLA,335.29,357.89,340.37,350.11,92482232
2022-03-03,TSLA,346.01,360.98,348.2,354.18,132890454
2022-03-04,TSLA,351.66,363.82,353.58,357.89,156228603
2022-03-07,TSLA,360.0,354.57,336.73,347.01,79353323
2022-03-08,TSLA,353.05,350.88,335.54,345.14,86495612
2022-03-09,TSLA,344.98,362.47,337.58,350.13,192401228
2022-03-10,TSLA,352.51,363.99,356.66,360.39,102929939
2022-03-11,TSLA,354.0,366.98,351.89,358.85,172807589
2022-03-14,TSLA,359.93,382.61,369.95,374.9,106402319
2022-03-15,TSLA,374.62,388.54,359.22,374.85,107664969
2022-03-16,TSLA,380.51,401.14,371.78,387.05,91242693
2022-03-17,TSLA,384.48,383.92,373.59,379.2,132679537
2022-03-18,TSLA,378.07,360.66,345.17,351.92,150280485
2022-03-21,TSLA,356.49,371.62,343.53,355.65,73307983
2022-03-22,TSLA,355.25,373.9,354.04,366.21,89966287
2022-03-23,TSLA,361.22,378.32,370.67,374.77,131590357
2022-03-24,TSLA,386.52,386.61,375.2,381.14,96188094
2022-03-25,TSLA,376.09,383.16,368.71,375.57,86241762
2022-03-28,TSLA,375.27,371.43,354.42,363.21,135372851
2022-03-29,TSLA,364.75,384.09,362.05,371.34,139240986
2022-03-30,TSLA,372.56,383.18,374.8,377.72,87380973
2022-03-31,TSLA,376.84,377.16,356.96,368.98,106578323
2022-04-01,TSLA,368.14,400.13,373.02,385.95,69590477
2022-04-04,TSLA,384.84,381.78,361.8,372.09,76441513
2022-04-05,TSLA,366.99,365.83,358.58,363.14,103795202
2022-04-06,TSLA,372.73,397.3,380.59,388.14,100946656
2022-04-07,TSLA,387.09,410.84,390.49,402.01,74821655
2022-04-08,TSLA,404.96,404.46,387.47,395.99,80670907
2022-04-11,TSLA,394.36,410.03,393.96,400.5,72650253
2022-04-12,TSLA,398.75,406.5,396.32,402.87,114627546
2022-04-13,TSLA,400.61,364.61,354.13,359.87,55416557
2022-04-14,TSLA,353.02,354.73,334.29,346.6,73824969
2022-04-15,TSLA,345.92,353.97,340.04,345.73,57184776
2022-04-18,TSLA,344.0,353.16,331.01,340.57,113394894
2022-04-19,TSLA,345.47,347.4,341.44,343.88,58227055
2022-04-20,TSLA,338.82,370.12,346.27,360.0,100956420
2022-04-21,TSLA,357.45,364.11,346.55,355.13,163535058
2022-04-22,TSLA,351.21,354.4,329.05,339.93,165207189
2022-04-25,TSLA,345.95,352.18,332.1,344.33,58171637
2022-04-26,TSLA,340.65,344.18,334.93,339.61,109365235
2022-04-27,TSLA,341.95,344.14,329.98,337.29,74327335
2022-04-28,TSLA,341.31,338.4,326.84,333.14,69911445
2022-04-29,TSLA,332.54,374.98,354.65,365.01,96653188
2022-05-02,TSLA,358.83,335.87,327.65,332.86,144554635
2022-05-03,TSLA,327.28,334.64,318.76,327.47,119709484
2022-05-04,TSLA,330.93,332.22,321.67,327.27,80691069
2022-05-05,TSLA,322.21,324.97,302.01,316.83,123554256
2022-05-06,TSLA,318.36,339.05,323.44,328.58,51011836
2022-05-09,TSLA,329.04,349.95,328.45,339.55,79781085
2022-05-10,TSLA,341.13,345.31,330.28,338.74,78100989
2022-05-11,TSLA,340.7,341.29,329.61,334.86,102377441
2022-05-12,TSLA,331.02,337.85,329.03,333.18,94096588
2022-05-13,TSLA,329.19,347.88,321.83,331.61,95844669
2022-05-16,TSLA,334.52,342.58,321.68,330.4,94893416
2022-05-17,TSLA,327.84,332.4,322.94,327.72,100674481
2022-05-18,TSLA,316.65,345.57,323.2,330.98,117590644
2022-05-19,TSLA,333.62,351.2,332.31,341.2,104581795
2022-05-20,TSLA,336.85,328.63,321.91,324.29,91823168
2022-05-23,TSLA,326.15,316.91,305.39,310.5,112808836
2022-05-24,TSLA,315.81,291.89,285.4,288.92,128125115
2022-05-25,TSLA,288.98,304.97,295.46,299.22,84636229
2022-05-26,TSLA,302.88,311.48,288.88,302.17,98233703
2022-05-27,TSLA,302.74,314.76,303.64,308.35,141704252
2022-05-30,TSLA,314.36,303.91,282.18,290.69,71832856
2022-05-31,TSLA,286.9,320.54,305.39,312.59,171842927
2022-06-01,TSLA,312.56,313.79,294.95,304.76,66915035
2022-06-02,TSLA,307.28,315.6,297.04,306.73,90157739
2022-06-03,TSLA,306.02,327.11,303.15,317.51,75197139
2022-06-06,TSLA,322.01,312.18,299.0,304.8,192779738
2022-06-07,TSLA,303.19,307.6,289.04,297.93,85984339
2022-06-08,TSLA,305.5,307.64,292.28,299.99,86049080
2022-06-09,TSLA,307.81,352.18,320.72,337.08,89473774
2022-06-10,TSLA,338.24,346.37,335.6,341.11,102909609
2022-06-13,TSLA,343.42,376.06,355.66,364.14,90616621
2022-06-14,TSLA,369.47,392.36,367.54,382.4,96091815
2022-06-15,TSLA,376.82,398.01,377.5,388.03,34688464
2022-06-16,TSLA,381.78,388.56,359.11,372.46,101729582
2022-06-17,TSLA,378.21,395.67,377.09,388.81,100535628
2022-06-20,TSLA,390.12,371.46,358.1,365.51,136556824
2022-06-21,TSLA,364.5,404.22,381.78,390.1,148100110
2022-06-22,TSLA,390.16,400.42,381.95,393.14,94524377
2022-06-23,TSLA,381.62,357.04,348.48,352.55,127745360
2022-06-24,TSLA,351.73,353.38,343.1,347.52,71858546
2022-06-27,TSLA,344.3,364.28,350.94,356.79,125885515
2022-06-28,TSLA,360.82,364.21,337.85,353.19,84219580
2022-06-29,TSLA,357.51,378.38,348.63,363.52,70088655
2022-06-30,TSLA,366.1,364.13,341.18,350.93,94584496
2022-07-01,TSLA,352.64,337.24,329.65,332.51,152217728
2022-07-04,TSLA,326.4,337.51,322.93,331.4,105580304
2022-07-05,TSLA,333.8,339.38,315.62,331.68,156666075
2022-07-06,TSLA,334.24,340.23,314.13,326.84,79881986
2022-07-07,TSLA,331.84,349.71,339.31,343.53,136937623
2022-07-08,TSLA,352.47,335.34,325.54,331.63,82230162
2022-07-11,TSLA,324.73,346.93,319.71,335.76,106993575
2022-07-12,TSLA,334.16,351.35,323.82,336.55,106716419
2022-07-13,TSLA,333.48,319.27,313.31,315.63,121950802
2022-07-14,TSLA,316.29,312.65,287.75,298.9,107812366
2022-07-15,TSLA,298.95,303.61,296.37,298.91,80111132
2022-07-18,TSLA,298.05,329.47,320.65,324.03,130224810
2022-07-19,TSLA,328.12,346.24,319.39,331.66,168118176
2022-07-20,TSLA,327.17,315.53,297.92,308.9,83933864
2022-07-21,TSLA,304.95,278.88,266.31,271.84,57662126
2022-07-22,TSLA,268.42,286.56,266.3,280.0,116159710
2022-07-25,TSLA,278.76,292.76,265.37,278.77,90542202
2022-07-26,TSLA,274.57,294.82,289.82,291.98,96143256
2022-07-27,TSLA,291.81,290.81,275.02,281.52,118158094
2022-07-28,TSLA,280.94,297.85,274.14,285.45,87204196
2022-07-29,TSLA,282.7,301.23,285.72,295.39,92251135
2022-08-01,TSLA,298.56,304.88,279.19,289.9,97041073
2022-08-02,TSLA,289.69,290.19,274.73,284.76,155414597
2022-08-03,TSLA,288.47,288.58,280.76,284.93,100906169
2022-08-04,TSLA,284.24,295.85,285.53,291.2,69024955
2022-08-05,TSLA,291.11,300.22,278.73,290.9,69853950
2022-08-08,TSLA,288.89,315.82,294.34,302.6,104265357
2022-08-09,TSLA,302.58,302.04,293.94,296.8,71260472
2022-08-10,TSLA,299.4,284.19,278.32,280.97,62582090
2022-08-11,TSLA,279.55,315.43,290.72,304.52,121004893
2022-08-12,TSLA,306.46,301.67,292.12,296.94,122795418
2022-08-15,TSLA,293.98,294.34,285.55,289.98,89543919
2022-08-16,TSLA,292.69,295.94,281.55,289.08,109209490
2022-08-17,TSLA,287.02,303.41,279.06,289.74,105805941
2022-08-18,TSLA,292.78,291.84,277.09,285.07,119808663
2022-08-19,TSLA,285.28,293.95,277.04,284.74,119892457
2022-08-22,TSLA,290.06,290.22,279.49,284.15,45761064
2022-08-23,TSLA,280.12,299.45,272.31,286.06,93039161
2022-08-24,TSLA,280.88,263.25,256.02,259.63,116809154
2022-08-25,TSLA,257.66,284.18,274.43,280.29,88414254
2022-08-26,TSLA,275.52,291.01,264.01,278.48,101091998
2022-08-29,TSLA,273.75,291.44,274.85,285.05,125258572
2022-08-30,TSLA,287.23,279.21,262.55,269.3,102457466
2022-08-31,TSLA,269.28,268.74,258.77,264.03,157204265
2022-09-01,TSLA,262.48,268.12,245.45,256.75,140227494
2022-09-02,TSLA,255.53,278.64,264.92,272.56,96505590
2022-09-05,TSLA,270.56,272.88,256.76,265.98,94231670
2022-09-06,TSLA,271.37,288.69,260.55,274.24,42524184
2022-09-07,TSLA,271.77,272.53,261.17,266.92,90669363
2022-09-08,TSLA,262.58,267.28,253.22,261.9,66632304
2022-09-09,TSLA,264.46,265.18,251.71,259.17,106862081
2022-09-12,TSLA,258.48,281.25,266.85,273.04,104692910
2022-09-13,TSLA,279.87,265.95,240.86,252.59,123214521
2022-09-14,TSLA,250.96,245.51,234.02,239.24,152044209
2022-09-15,TSLA,241.73,222.5,218.32,220.81,99215014
2022-09-16,TSLA,223.74,214.48,208.05,211.1,198203658
2022-09-19,TSLA,209.75,209.49,197.46,204.11,107222446
2022-09-20,TSLA,202.24,197.22,183.93,190.97,67498492
2022-09-21,TSLA,192.71,195.54,177.13,185.23,84482855
2022-09-22,TSLA,186.54,172.74,168.84,170.49,89420161
2022-09-23,TSLA,167.53,165.76,160.8,163.45,119439304
2022-09-26,TSLA,161.19,177.14,164.15,171.61,75263494
2022-09-27,TSLA,166.27,178.69,166.39,174.4,91448632
2022-09-28,TSLA,175.67,177.24,173.48,175.66,95283637
2022-09-29,TSLA,175.1,173.74,164.32,168.52,87420861
2022-09-30,TSLA,168.19,160.5,156.7,158.18,127561015
2022-10-03,TSLA,154.89,155.48,148.49,150.9,121215093
2022-10-04,TSLA,148.87,154.05,148.15,150.57,141902517
2022-10-05,TSLA,149.69,157.43,153.46,155.95,90546418
2022-10-06,TSLA,154.66,164.5,159.32,161.75,143441667
2022-10-07,TSLA,161.98,172.34,160.33,165.91,66418196
2022-10-10,TSLA,167.1,165.2,153.58,160.9,65934043
2022-10-11,TSLA,165.39,168.98,155.09,160.99,69479356
2022-10-12,TSLA,160.95,161.28,155.6,158.82,100276732
2022-10-13,TSLA,160.99,161.23,154.05,157.44,143435236
2022-10-14,TSLA,155.84,175.34,168.27,171.06,83473361
2022-10-17,TSLA,167.54,162.91,153.02,159.09,86674711
2022-10-18,TSLA,158.4,161.77,154.55,157.5,93724984
2022-10-19,TSLA,154.4,169.78,159.26,165.43,118749783
2022-10-20,TSLA,165.46,162.63,150.78,155.73,86650483
2022-10-21,TSLA,154.23,155.34,144.17,151.61,85212241
2022-10-24,TSLA,147.97,150.21,145.37,148.3,66789882
2022-10-25,TSLA,151.46,150.39,143.04,146.88,84238650
2022-10-26,TSLA,145.91,140.55,135.87,137.53,142367068
2022-10-27,TSLA,134.76,142.01,138.74,140.86,102765324
2022-10-28,TSLA,142.41,150.71,139.89,144.69,80095032
2022-10-31,TSLA,143.4,150.81,144.36,147.67,144895584
2022-11-01,TSLA,149.65,146.89,136.41,142.44,83898365
2022-11-02,TSLA,141.15,144.51,141.69,142.88,153110037
2022-11-03,TSLA,141.93,141.55,132.87,137.65,152360935
2022-11-04,TSLA,138.24,143.23,130.03,135.73,101694546
2022-11-07,TSLA,136.72,151.63,145.01,148.18,63790567
2022-11-08,TSLA,149.58,155.0,143.32,148.69,198744557
2022-11-09,TSLA,148.53,144.23,139.54,141.57,112320119
2022-11-10,TSLA,142.49,147.25,139.26,142.56,90740526
2022-11-11,TSLA,143.87,140.31,131.66,134.82,133220887
2022-11-14,TSLA,135.16,134.27,125.02,128.31,123453062
2022-11-15,TSLA,128.08,127.91,117.01,122.9,148183547
2022-11-16,TSLA,120.72,123.66,117.5,120.63,81979224
2022-11-17,TSLA,121.52,130.25,120.89,125.29,110025505
2022-11-18,TSLA,125.36,132.61,124.58,128.24,70064000
2022-11-21,TSLA,127.59,132.73,128.77,130.96,122128101
2022-11-22,TSLA,133.01,127.03,123.91,125.14,99314002
2022-11-23,TSLA,122.94,126.31,118.93,122.34,108795825
2022-11-24,TSLA,124.81,128.05,119.56,123.66,95704495
2022-11-25,TSLA,123.62,124.8,117.36,120.46,92746831
2022-11-28,TSLA,120.93,125.25,113.53,119.05,77068977
2022-11-29,TSLA,118.47,125.81,116.29,121.16,126760470
2022-11-30,TSLA,118.68,122.28,116.03,119.39,156347547
2022-12-01,TSLA,119.19,123.76,118.38,120.45,84619918
2022-12-02,TSLA,120.94,131.26,126.02,128.51,118064647
2022-12-05,TSLA,129.58,131.76,124.4,127.55,113843565
2022-12-06,TSLA,127.24,136.78,129.28,133.8,100243229
2022-12-07,TSLA,130.2,138.98,132.13,136.84,63256093
2022-12-08,TSLA,134.25,134.57,123.19,128.81,67673250
2022-12-09,TSLA,132.05,128.14,119.78,123.07,79112872
2022-12-12,TSLA,121.42,123.18,113.48,118.89,52639604
2022-12-13,TSLA,120.97,115.87,113.31,114.75,152563271
2022-12-14,TSLA,113.43,118.68,109.47,114.27,111662525
2022-12-15,TSLA,114.02,120.02,113.97,117.13,99105195
2022-12-16,TSLA,118.03,125.18,122.15,123.26,51836754
2022-12-19,TSLA,122.01,130.2,122.19,124.77,57858994
2022-12-20,TSLA,127.21,125.93,117.06,122.46,99929783
2022-12-21,TSLA,122.57,114.75,109.62,112.4,180605875
2022-12-22,TSLA,113.04,115.85,109.24,112.67,81091401
2022-12-23,TSLA,112.3,114.22,110.8,112.74,129581443
2022-12-26,TSLA,113.66,115.25,111.86,113.54,86591309
2022-12-27,TSLA,115.74,125.31,120.19,123.71,101670985
2022-12-28,TSLA,123.51,132.16,128.17,130.1,143965737
2022-12-29,TSLA,132.87,137.76,131.34,134.29,90141864
2022-12-30,TSLA,133.28,132.45,123.29,129.05,81299406
2023-01-02,TSLA,130.26,131.16,122.06,126.31,153023476
2023-01-03,TSLA,127.07,127.11,124.39,125.77,101376117
2023-01-04,TSLA,124.11,125.16,120.14,121.78,138730293
2023-01-05,TSLA,122.1,125.71,122.79,124.25,81417929
2023-01-06,TSLA,124.26,128.73,122.83,126.02,152501197
2023-01-09,TSLA,124.7,121.78,119.16,120.48,108555153
2023-01-10,TSLA,121.01,130.38,123.89,126.47,113932534
2023-01-11,TSLA,126.7,130.48,121.72,126.95,104027884
2023-01-12,TSLA,126.83,121.89,113.53,118.22,85929542
2023-01-13,TSLA,118.12,119.49,114.9,117.92,99949528
2023-01-16,TSLA,117.79,122.62,117.0,119.23,87566028
2023-01-17,TSLA,118.69,126.65,120.8,124.02,133357568
2023-01-18,TSLA,124.23,125.34,117.62,122.26,94090119
2023-01-19,TSLA,121.3,128.56,124.4,126.42,63829662
2023-01-20,TSLA,130.55,131.1,122.48,127.34,60421383
2023-01-23,TSLA,125.14,123.16,118.09,120.61,59570157
2023-01-24,TSLA,119.74,117.28,111.36,113.77,120368926
2023-01-25,TSLA,113.06,120.66,117.1,119.07,70790081
2023-01-26,TSLA,122.05,126.63,122.17,124.99,109420244
2023-01-27,TSLA,122.96,129.04,125.02,126.6,104182330
2023-01-30,TSLA,127.26,136.06,131.12,134.53,98077463
2023-01-31,TSLA,134.94,145.58,136.3,140.42,114056249
2023-02-01,TSLA,141.0,148.27,140.56,144.34,104863682
2023-02-02,TSLA,146.54,144.56,134.98,138.99,44356145
2023-02-03,TSLA,141.07,153.59,142.07,149.14,90747653
2023-02-06,TSLA,148.31,155.39,149.31,152.38,113602001
2023-02-07,TSLA,152.75,152.21,148.58,149.93,163572289
2023-02-08,TSLA,146.5,149.07,140.43,145.82,165853931
2023-02-09,TSLA,146.0,155.13,140.53,147.29,66435066
2023-02-10,TSLA,145.86,142.87,131.08,137.49,90039872
2023-02-13,TSLA,137.18,143.34,140.24,141.43,62510574
2023-02-14,TSLA,138.5,137.93,132.77,135.95,157769594
2023-02-15,TSLA,136.63,139.08,136.42,137.97,135507508
2023-02-16,TSLA,135.09,140.55,131.75,134.99,111090651
2023-02-17,TSLA,135.24,138.11,130.91,133.48,105109077
2023-02-20,TSLA,131.47,132.41,126.8,129.35,151314358
2023-02-21,TSLA,128.0,130.61,125.55,128.44,143820751
2023-02-22,TSLA,130.26,141.84,136.22,138.71,141540174
2023-02-23,TSLA,139.71,149.96,141.69,146.74,114683268
2023-02-24,TSLA,148.81,150.27,147.57,148.82,90053298
2023-02-27,TSLA,151.67,153.53,142.37,148.6,125877301
2023-02-28,TSLA,147.19,157.19,150.08,153.76,127738187
2023-03-01,TSLA,156.59,164.24,155.6,160.97,94441344
2023-03-02,TSLA,158.07,157.5,151.26,155.52,89998725
2023-03-03,TSLA,156.95,162.32,147.98,154.96,140493913
2023-03-06,TSLA,154.02,147.69,138.58,143.76,164746020
2023-03-07,TSLA,142.12,152.87,147.96,150.46,79866097
2023-03-08,TSLA,151.59,167.36,161.78,163.66,92402790
2023-03-09,TSLA,165.56,169.68,161.15,164.13,111102156
2023-03-10,TSLA,165.97,153.32,147.66,150.38,115717269
2023-03-13,TSLA,150.78,156.29,152.67,154.11,85495203
2023-03-14,TSLA,154.36,150.45,146.47,148.45,175954664
2023-03-15,TSLA,149.41,146.79,142.68,144.4,113499537
2023-03-16,TSLA,144.94,153.13,143.17,148.09,117282459
2023-03-17,TSLA,149.08,154.89,143.94,149.58,169497030
2023-03-20,TSLA,149.95,148.71,143.67,146.55,87396190
2023-03-21,TSLA,148.07,146.61,137.28,142.64,97381925
2023-03-22,TSLA,139.79,146.85,141.36,143.32,68660462
2023-03-23,TSLA,143.09,142.85,139.09,140.87,94960882
2023-03-24,TSLA,138.48,137.5,131.97,134.56,63974971
2023-03-27,TSLA,135.01,136.34,127.6,132.68,125151498
2023-03-28,TSLA,135.35,140.74,129.69,134.48,113428106
2023-03-29,TSLA,133.69,137.65,130.13,133.44,92023998
2023-03-30,TSLA,133.65,127.31,124.44,125.88,97032218
2023-03-31,TSLA,127.05,132.83,129.13,131.03,125663802
2023-04-03,TSLA,127.7,119.33,115.57,117.07,71124464
2023-04-04,TSLA,116.32,118.61,111.02,114.9,106316505
2023-04-05,TSLA,115.42,113.2,110.42,111.97,123349665
2023-04-06,TSLA,107.99,117.14,106.47,112.6,58585543
2023-04-07,TSLA,111.25,118.26,111.81,115.17,122811613
2023-04-10,TSLA,116.73,124.17,116.82,120.56,60518641
2023-04-11,TSLA,122.04,120.05,111.75,117.04,96533668
2023-04-12,TSLA,117.58,121.09,118.92,119.83,70538090
2023-04-13,TSLA,121.13,126.15,116.12,120.74,153629546
2023-04-14,TSLA,121.06,113.5,110.99,112.52,70670898
2023-04-17,TSLA,113.29,125.81,116.94,121.57,60953618
2023-04-18,TSLA,121.1,117.99,112.65,114.57,104081664
2023-04-19,TSLA,114.73,118.35,114.63,116.5,88328188
2023-04-20,TSLA,115.6,122.88,112.55,118.33,63674783
2023-04-21,TSLA,120.16,121.28,118.82,119.62,117086706
2023-04-24,TSLA,121.85,118.49,115.86,117.17,55021304
2023-04-25,TSLA,119.15,124.86,118.02,121.15,73280745
2023-04-26,TSLA,120.54,117.37,110.19,113.6,84150318
2023-04-27,TSLA,112.27,118.77,108.69,113.24,127209699
2023-04-28,TSLA,115.02,114.05,108.17,110.61,147497421
2023-05-01,TSLA,111.35,110.64,103.58,107.54,139212961
2023-05-02,TSLA,107.97,111.41,107.54,109.39,95505902
2023-05-03,TSLA,108.54,115.34,112.69,114.28,48278084
2023-05-04,TSLA,114.88,118.52,108.56,112.63,112440713
2023-05-05,TSLA,111.13,118.2,114.65,116.24,155452824
2023-05-08,TSLA,117.15,119.4,113.39,116.43,144793314
2023-05-09,TSLA,118.4,113.92,110.49,112.2,114899161
2023-05-10,TSLA,114.45,112.75,109.06,110.97,69987689
2023-05-11,TSLA,111.94,111.75,105.43,109.57,85419813
2023-05-12,TSLA,107.71,110.8,102.73,106.44,178629620
2023-05-15,TSLA,106.7,112.14,103.35,108.28,65375745
2023-05-16,TSLA,111.12,112.45,105.08,109.27,70867916
2023-05-17,TSLA,108.11,104.5,99.95,102.34,132679394
2023-05-18,TSLA,102.26,98.85,93.65,95.6,87866833
2023-05-19,TSLA,97.27,97.95,95.98,97.24,70150550
2023-05-22,TSLA,97.98,97.02,91.47,94.01,158152781
2023-05-23,TSLA,96.87,96.98,93.99,95.13,114833927
2023-05-24,TSLA,94.28,100.16,96.21,98.18,89177595
2023-05-25,TSLA,96.99,94.64,92.27,93.16,70911862
2023-05-26,TSLA,94.56,91.27,83.67,87.89,184821806
2023-05-29,TSLA,86.6,96.5,89.43,94.09,99269129
2023-05-30,TSLA,93.86,97.98,91.12,95.41,152074206
2023-05-31,TSLA,95.33,95.15,92.99,93.74,130746488
2023-06-01,TSLA,94.94,93.3,85.34,90.19,85532781
2023-06-02,TSLA,90.87,90.02,86.4,88.28,85737289
2023-06-05,TSLA,88.78,85.87,82.61,84.04,154325599
2023-06-06,TSLA,83.63,89.08,85.54,87.1,155077561
2023-06-07,TSLA,88.4,86.19,82.58,84.34,56945541
2023-06-08,TSLA,88.51,91.21,86.68,88.16,117931537
2023-06-09,TSLA,88.91,88.37,85.16,86.69,96428880
2023-06-12,TSLA,86.79,84.8,80.83,83.03,73344919
2023-06-13,TSLA,81.7,83.82,79.69,81.55,108168912
2023-06-14,TSLA,80.91,75.59,70.7,73.21,66705749
2023-06-15,TSLA,73.02,74.96,70.46,72.82,86941334
2023-06-16,TSLA,72.34,73.73,69.83,72.28,78698812
2023-06-19,TSLA,72.27,75.77,73.22,74.73,86076187
2023-06-20,TSLA,76.36,71.37,66.03,69.15,97878473
2023-06-21,TSLA,70.21,73.0,71.58,72.48,73736666
2023-06-22,TSLA,72.34,76.05,73.46,74.93,160312317
2023-06-23,TSLA,73.81,79.97,77.81,78.83,115949546
2023-06-26,TSLA,80.13,81.2,76.12,78.63,171321017
2023-06-27,TSLA,78.58,84.12,80.78,81.93,95311092
2023-06-28,TSLA,80.19,79.51,74.4,77.1,84820155
2023-06-29,TSLA,77.78,81.48,77.41,79.35,169473211
2023-06-30,TSLA,80.35,79.15,74.97,76.85,84078615
2023-07-03,TSLA,74.56,72.98,69.53,71.79,94791768
2023-07-04,TSLA,71.07,69.64,67.63,68.53,124112003
2023-07-05,TSLA,68.44,69.5,67.09,68.52,68982472
2023-07-06,TSLA,69.14,68.35,65.0,66.22,123786535
2023-07-07,TSLA,65.8,69.45,66.04,67.21,119125112
2023-07-10,TSLA,66.53,63.07,61.7,62.39,146345136
2023-07-11,TSLA,62.95,59.06,55.46,57.16,130605788
2023-07-12,TSLA,56.83,61.5,59.56,60.44,147697120
2023-07-13,TSLA,60.84,63.12,62.19,62.69,96741610
2023-07-14,TSLA,61.83,60.57,59.32,60.03,77197655
2023-07-17,TSLA,59.03,61.03,58.12,59.99,188324362
2023-07-18,TSLA,60.55,63.36,61.02,62.52,63254198
2023-07-19,TSLA,62.72,65.76,61.76,63.58,65184144
2023-07-20,TSLA,64.3,65.09,63.1,63.93,118475785
2023-07-21,TSLA,63.52,69.03,65.27,66.84,162823371
2023-07-24,TSLA,66.18,66.26,64.01,64.84,105851317
2023-07-25,TSLA,65.92,66.06,63.16,64.89,134957686
2023-07-26,TSLA,63.68,66.66,63.38,64.82,54950312
2023-07-27,TSLA,65.81,65.8,62.84,64.07,86082548
2023-07-28,TSLA,65.11,64.0,62.02,63.03,56996270
2023-07-31,TSLA,63.69,64.79,61.49,63.19,126380029
2023-08-01,TSLA,62.65,64.96,60.0,63.25,62865705
2023-08-02,TSLA,62.61,63.56,58.86,60.56,68157726
2023-08-03,TSLA,60.41,63.95,61.69,62.56,116673303
2023-08-04,TSLA,61.56,61.95,57.35,60.08,137512867
2023-08-07,TSLA,59.37,60.5,58.39,59.52,95342889
2023-08-08,TSLA,59.99,59.34,57.78,58.78,118655215
2023-08-09,TSLA,59.25,61.58,57.09,59.62,117508025
2023-08-10,TSLA,58.85,56.5,53.18,54.64,93741606
2023-08-11,TSLA,55.09,58.38,55.36,56.64,72006654
2023-08-14,TSLA,56.96,56.75,53.06,55.07,118467375
2023-08-15,TSLA,56.09,59.19,57.1,57.87,120193013
2023-08-16,TSLA,58.27,58.93,55.52,56.72,130761820
2023-08-17,TSLA,57.46,57.77,55.85,56.58,109814229
2023-08-18,TSLA,56.91,62.05,60.24,61.17,70430063
2023-08-21,TSLA,61.9,61.66,58.95,60.45,123010809
2023-08-22,TSLA,59.49,65.77,61.47,63.57,99958576
2023-08-23,TSLA,63.47,65.34,62.4,63.64,86517694
2023-08-24,TSLA,63.61,65.56,63.7,64.7,91540311
2023-08-25,TSLA,64.51,67.67,62.14,64.86,81295692
2023-08-28,TSLA,65.21,69.83,64.88,67.12,130558750
2023-08-29,TSLA,67.65,67.49,63.1,65.24,65348583
2023-08-30,TSLA,65.55,64.23,60.4,62.63,74226735
2023-08-31,TSLA,62.5,62.37,59.24,60.99,90607620
2023-09-01,TSLA,60.44,62.73,58.92,61.21,162275489
2023-09-04,TSLA,62.04,63.15,58.85,60.63,137202007
2023-09-05,TSLA,60.89,64.47,60.8,62.39,61124816
2023-09-06,TSLA,61.61,67.9,63.57,65.79,149990853
2023-09-07,TSLA,65.63,64.86,61.9,63.19,149904174
2023-09-08,TSLA,61.83,61.84,60.17,61.29,70313772
2023-09-11,TSLA,61.31,59.56,56.75,57.76,46933546
2023-09-12,TSLA,57.62,63.69,61.7,62.74,97856654
2023-09-13,TSLA,62.3,64.24,62.48,63.5,140035716
2023-09-14,TSLA,64.74,66.68,62.45,64.73,161184355
2023-09-15,TSLA,63.81,63.49,59.17,61.25,77008977
2023-09-18,TSLA,61.78,64.07,58.18,61.22,169146282
2023-09-19,TSLA,62.86,64.41,61.07,62.48,51253836
2023-09-20,TSLA,63.31,63.76,59.8,61.81,89546227
2023-09-21,TSLA,61.79,67.1,63.25,64.57,88235289
2023-09-22,TSLA,63.67,73.35,67.82,70.94,141298022
2023-09-25,TSLA,69.76,69.01,67.26,68.22,147622881
2023-09-26,TSLA,67.87,67.4,64.19,65.39,133144803
2023-09-27,TSLA,64.84,64.12,62.51,63.05,66686675
2023-09-28,TSLA,62.5,67.92,66.59,67.31,129535619
2023-09-29,TSLA,67.04,71.32,69.36,70.22,116499010
2023-10-02,TSLA,70.13,71.6,66.63,69.8,60570009
2023-10-03,TSLA,70.21,72.01,68.19,69.87,53788841
2023-10-04,TSLA,68.81,70.55,64.26,67.54,136533085
2023-10-05,TSLA,66.98,72.82,67.07,70.02,94740388
2023-10-06,TSLA,69.88,71.25,66.57,68.91,68007334
2023-10-09,TSLA,68.74,69.42,67.45,68.15,93945855
2023-10-10,TSLA,69.68,73.0,66.2,69.84,111539915
2023-10-11,TSLA,70.04,71.82,66.54,69.27,97545101
2023-10-12,TSLA,67.9,72.03,66.16,68.58,62776094
2023-10-13,TSLA,68.93,69.54,67.66,68.58,176062185
2023-10-16,TSLA,69.04,72.02,69.52,70.81,135156798
2023-10-17,TSLA,70.71,77.87,72.05,75.72,90428270
2023-10-18,TSLA,74.59,78.52,76.02,77.52,91527711
2023-10-19,TSLA,79.2,81.58,78.19,80.08,111387643
2023-10-20,TSLA,79.03,80.71,76.87,79.39,71256337
2023-10-23,TSLA,80.04,78.18,76.18,77.09,110164325
2023-10-24,TSLA,77.28,79.8,78.15,79.15,67084328
2023-10-25,TSLA,79.73,83.27,76.67,79.67,97906204
2023-10-26,TSLA,81.34,77.23,72.11,75.13,70428551
2023-10-27,TSLA,75.65,76.07,70.13,74.09,71503399
2023-10-30,TSLA,73.58,75.74,71.87,73.81,163839447
2023-10-31,TSLA,74.81,73.63,71.01,72.25,101792655
2023-11-01,TSLA,71.69,79.15,74.84,76.74,106419851
2023-11-02,TSLA,76.89,80.1,75.73,78.22,54694121
2023-11-03,TSLA,76.98,83.25,81.52,82.71,83602185
2023-11-06,TSLA,81.66,86.6,80.08,83.57,114839307
2023-11-07,TSLA,83.62,87.4,81.58,83.81,105997029
2023-11-08,TSLA,84.19,81.93,78.79,80.62,52402863
2023-11-09,TSLA,78.94,82.93,78.27,80.63,106411277
2023-11-10,TSLA,81.12,82.61,78.45,80.64,111624194
2023-11-13,TSLA,79.82,77.41,75.01,76.21,146980332
2023-11-14,TSLA,77.41,75.88,72.96,74.51,82154436
2023-11-15,TSLA,74.19,75.57,71.74,73.5,51036934
2023-11-16,TSLA,72.49,76.14,73.1,74.72,74153625
2023-11-17,TSLA,74.79,78.95,73.55,76.12,71955701
2023-11-20,TSLA,75.26,76.78,72.04,74.29,124733922
2023-11-21,TSLA,75.45,76.65,74.21,75.7,44263004
2023-11-22,TSLA,75.7,75.64,74.12,75.1,87414681
2023-11-23,TSLA,74.96,67.59,65.78,66.75,153378516
2023-11-24,TSLA,67.23,66.71,64.6,65.41,100216608
2023-11-27,TSLA,64.6,70.83,66.07,68.33,130851779
2023-11-28,TSLA,67.25,66.35,62.23,63.76,61107260
2023-11-29,TSLA,64.08,67.36,62.32,64.02,61841417
2023-11-30,TSLA,63.16,70.68,66.39,68.29,153906138
2023-12-01,TSLA,67.36,67.47,65.2,66.16,103083031
2023-12-04,TSLA,66.84,67.21,64.79,66.14,103146725
2023-12-05,TSLA,66.57,63.61,60.8,62.67,71501922
2023-12-06,TSLA,61.71,68.03,66.09,66.96,103069622
2023-12-07,TSLA,66.45,69.01,63.57,66.7,70908400
2023-12-08,TSLA,65.96,68.08,65.11,66.8,142769482
2023-12-11,TSLA,68.26,72.23,69.17,70.58,226675481
2023-12-12,TSLA,71.37,74.42,70.67,72.49,115625035
2023-12-13,TSLA,72.11,70.81,68.83,69.9,82655905
2023-12-14,TSLA,70.4,71.1,66.23,68.04,46762083
2023-12-15,TSLA,66.91,70.16,68.91,69.41,60330088
2023-12-18,TSLA,68.83,68.14,66.91,67.63,159433791
2023-12-19,TSLA,67.71,62.84,60.65,61.98,73435879
2023-12-20,TSLA,62.33,63.53,59.52,61.82,89471462
2023-12-21,TSLA,61.75,59.48,56.78,58.16,121725435
2023-12-22,TSLA,58.34,63.52,60.97,62.11,156000174
2023-12-25,TSLA,62.17,63.45,60.77,62.53,94188124
2023-12-26,TSLA,62.41,60.81,59.59,60.23,88567956
2023-12-27,TSLA,60.01,61.34,56.02,58.51,102171880
2023-12-28,TSLA,58.2,54.71,53.12,54.13,82837332
2023-12-29,TSLA,54.28,52.22,51.26,51.72,84185645
2024-01-01,TSLA,51.98,55.43,52.92,53.9,113152245
2024-01-02,TSLA,54.03,59.7,58.34,59.03,105716146
2024-01-03,TSLA,58.17,61.6,60.1,60.78,189549798
2024-01-04,TSLA,60.04,61.87,58.08,60.53,114071429
2024-01-05,TSLA,60.82,61.13,57.55,59.44,141247525
2024-01-08,TSLA,60.51,58.19,56.35,57.13,72514361
2024-01-09,TSLA,57.24,63.62,60.8,62.13,117063599
2024-01-10,TSLA,61.82,63.75,60.35,61.63,80501497
2024-01-11,TSLA,61.8,67.96,66.54,67.17,112595997
2024-01-12,TSLA,66.24,71.95,69.9,71.09,122943458
2024-01-15,TSLA,72.23,67.67,63.78,66.17,101507312
2024-01-16,TSLA,66.32,66.22,62.09,64.36,205895323
2024-01-17,TSLA,63.83,64.15,60.8,62.59,153479056
2024-01-18,TSLA,62.46,63.53,60.95,62.36,142357825
2024-01-19,TSLA,61.96,63.05,61.46,62.18,125770151
2024-01-22,TSLA,63.18,71.55,67.65,70.26,169724821
2024-01-23,TSLA,70.09,68.51,64.95,67.2,64979991
2024-01-24,TSLA,67.33,68.91,66.48,67.81,150845347
2024-01-25,TSLA,68.28,71.24,68.15,69.51,74276669
2024-01-26,TSLA,68.88,70.88,68.38,69.47,84425412
2024-01-29,TSLA,69.64,73.16,66.68,69.76,118343086
2024-01-30,TSLA,69.99,70.08,64.66,66.81,144768546
2024-01-31,TSLA,65.53,68.55,65.33,67.07,70746084
2024-02-01,TSLA,67.28,70.67,65.7,68.46,85747482
2024-02-02,TSLA,68.42,72.39,65.45,69.35,102969189
2024-02-05,TSLA,69.46,72.07,70.21,70.96,94562442
2024-02-06,TSLA,70.99,76.93,72.97,75.15,129202353
2024-02-07,TSLA,75.39,79.97,75.99,78.05,280324671
2024-02-08,TSLA,79.34,78.9,77.27,78.25,113405103
2024-02-09,TSLA,77.11,75.81,72.87,74.55,80207037
2024-02-12,TSLA,74.24,73.67,71.63,72.71,67776646
2024-02-13,TSLA,73.3,74.01,68.13,72.02,90703324
2024-02-14,TSLA,72.45,74.97,70.53,72.74,75421714
2024-02-15,TSLA,73.15,72.77,67.99,71.3,115057859
2024-02-16,TSLA,73.71,70.23,66.47,68.59,114523114
2024-02-19,TSLA,69.11,66.57,64.24,65.3,87027113
2024-02-20,TSLA,66.21,63.0,58.85,61.01,181391320
2024-02-21,TSLA,60.78,61.03,59.6,60.4,80201000
2024-02-22,TSLA,59.66,57.63,56.42,56.84,96480495
2024-02-23,TSLA,56.62,55.54,53.06,54.54,121136618
2024-02-26,TSLA,55.01,55.29,51.96,53.64,130684582
2024-02-27,TSLA,53.91,52.08,49.57,50.76,146707842
2024-02-28,TSLA,51.01,52.29,50.97,51.54,113717707
2024-02-29,TSLA,51.4,54.42,52.15,53.1,137063455
2024-03-01,TSLA,52.85,53.18,51.32,51.89,81911363
2024-03-04,TSLA,51.78,51.43,50.45,50.95,131708977
2024-03-05,TSLA,51.4,53.72,50.78,52.06,131182427
2024-03-06,TSLA,52.6,51.3,50.0,50.54,157438701
2024-03-07,TSLA,49.92,49.98,48.18,48.92,60620880
2024-03-08,TSLA,49.38,53.19,49.72,51.36,76173623
2024-03-11,TSLA,50.95,55.3,51.75,53.23,128010523
2024-03-12,TSLA,53.53,55.84,53.27,54.53,45139642
2024-03-13,TSLA,54.4,57.63,55.82,56.61,115905133
2024-03-14,TSLA,57.7,53.23,51.2,52.19,137429562
2024-03-15,TSLA,51.92,56.94,53.55,55.14,84121115
2024-03-18,TSLA,55.26,56.97,55.08,56.0,87892386
2024-03-19,TSLA,56.42,59.46,57.38,58.35,72452341
2024-03-20,TSLA,57.72,61.0,57.67,59.25,85516218
2024-03-21,TSLA,59.2,60.24,58.45,59.34,86262902
2024-03-22,TSLA,59.15,59.54,57.76,58.65,81476758
2024-03-25,TSLA,58.28,60.2,58.93,59.52,80147343
2024-03-26,TSLA,59.19,60.03,57.03,58.73,92191575
2024-03-27,TSLA,59.54,62.26,59.25,60.83,91857539
2024-03-28,TSLA,60.39,59.27,55.03,56.98,175459764
2024-03-29,TSLA,57.38,57.31,53.91,55.71,88846898
2024-04-01,TSLA,55.92,62.24,59.04,60.55,110876309
2024-04-02,TSLA,59.51,60.79,56.85,58.99,84108303
2024-04-03,TSLA,59.36,60.64,56.88,58.39,83788138
2024-04-04,TSLA,57.37,58.37,54.68,56.29,59970874
2024-04-05,TSLA,56.72,59.18,55.87,57.04,62412171
2024-04-08,TSLA,56.69,56.64,54.11,55.33,69621310
2024-04-09,TSLA,55.33,56.09,53.57,54.88,105665583
2024-04-10,TSLA,54.01,58.54,55.2,56.8,138106107
2024-04-11,TSLA,56.88,55.94,54.48,55.17,58508428
2024-04-12,TSLA,55.8,57.86,55.92,56.96,84812856
2024-04-15,TSLA,56.39,59.44,58.0,58.88,66360564
2024-04-16,TSLA,58.44,62.2,61.04,61.45,92377833
2024-04-17,TSLA,61.8,64.17,59.58,61.78,138089363
2024-04-18,TSLA,62.15,72.82,67.67,70.52,87453346
2024-04-19,TSLA,68.41,75.78,71.75,73.6,98584603
2024-04-22,TSLA,75.42,75.95,73.48,74.55,154738826
2024-04-23,TSLA,75.03,74.33,70.27,71.89,114725287
2024-04-24,TSLA,72.51,74.75,68.67,71.58,79610232
2024-04-25,TSLA,71.45,78.54,74.19,75.85,104882929
2024-04-26,TSLA,74.12,84.05,78.68,81.31,78015340
2024-04-29,TSLA,81.98,89.11,84.35,86.35,113444620
2024-04-30,TSLA,85.75,91.13,87.52,89.13,116719337
2024-05-01,TSLA,89.72,88.31,82.5,84.62,66355209
2024-05-02,TSLA,84.4,88.71,81.91,86.29,105394980
2024-05-03,TSLA,86.54,84.09,80.23,81.98,96534282
2024-05-06,TSLA,81.2,79.12,75.05,77.1,117751138
2024-05-07,TSLA,77.92,79.61,76.09,77.82,128326051
2024-05-08,TSLA,76.69,81.01,78.23,79.47,115400082
2024-05-09,TSLA,81.67,85.92,79.24,82.43,91305605
2024-05-10,TSLA,84.7,86.49,81.39,84.09,132312849
2024-05-13,TSLA,85.78,88.33,84.14,85.9,76957348
2024-05-14,TSLA,87.25,84.05,80.24,82.47,67290131
2024-05-15,TSLA,82.39,83.51,79.52,82.08,38343467
2024-05-16,TSLA,83.26,78.07,76.06,77.14,97917755
2024-05-17,TSLA,77.05,72.75,69.03,71.03,78155955
2024-05-20,TSLA,69.67,74.93,70.53,73.18,112673756
2024-05-21,TSLA,74.54,73.21,68.52,70.93,55356936
2024-05-22,TSLA,71.91,74.71,72.48,73.48,82353142
2024-05-23,TSLA,73.45,78.71,73.73,76.86,115151788
2024-05-24,TSLA,75.7,77.51,71.79,74.9,73421686
2024-05-27,TSLA,74.36,78.18,75.55,76.7,113063228
2024-05-28,TSLA,74.98,77.29,71.72,74.62,84610926
2024-05-29,TSLA,75.48,70.94,66.59,69.15,99020578
2024-05-30,TSLA,67.79,71.47,67.12,69.47,119547954
2024-05-31,TSLA,69.72,69.45,66.81,68.12,133087830
2024-06-03,TSLA,67.41,68.01,66.11,66.87,102813627
2024-06-04,TSLA,65.7,73.6,71.34,72.47,78332853
2024-06-05,TSLA,72.68,69.04,67.36,68.05,87161134
2024-06-06,TSLA,67.77,70.3,67.42,69.1,121056429
2024-06-07,TSLA,69.81,69.12,64.3,66.31,73610973
2024-06-10,TSLA,65.28,69.98,67.41,68.79,94798179
2024-06-11,TSLA,68.15,71.94,68.24,69.61,89068430
2024-06-12,TSLA,67.56,74.61,68.3,70.66,96946729
2024-06-13,TSLA,68.77,69.39,66.01,67.95,73875809
2024-06-14,TSLA,69.45,67.87,64.81,65.83,57373749
2024-06-17,TSLA,67.51,69.94,66.13,68.34,116908662
2024-06-18,TSLA,68.42,74.74,72.39,73.45,133541142
2024-06-19,TSLA,72.71,76.07,73.35,74.88,58411786
2024-06-20,TSLA,74.6,73.58,69.56,72.14,111703499
2024-06-21,TSLA,72.92,74.11,72.07,73.12,138396819
2024-06-24,TSLA,72.66,81.72,79.68,80.73,119574965
2024-06-25,TSLA,80.96,81.67,80.42,81.03,88249597
2024-06-26,TSLA,81.02,88.5,81.75,85.99,75348293
2024-06-27,TSLA,85.39,84.63,82.31,83.38,102459091
2024-06-28,TSLA,82.85,86.01,80.6,83.2,107716815
2024-07-01,TSLA,83.5,87.62,83.88,85.3,102915929
2024-07-02,TSLA,84.28,89.82,83.44,86.67,94739384
2024-07-03,TSLA,87.15,85.73,82.81,83.95,72267511
2024-07-04,TSLA,83.46,82.29,79.76,81.18,113519732
2024-07-05,TSLA,81.3,87.4,81.77,84.49,115171985
2024-07-08,TSLA,85.93,92.02,86.34,88.68,106209846
2024-07-09,TSLA,88.5,96.13,92.76,94.3,103385867
2024-07-10,TSLA,95.37,104.65,99.62,101.49,165495670
2024-07-11,TSLA,99.25,104.63,99.8,102.0,82918363
2024-07-12,TSLA,101.41,102.4,98.34,100.67,146877765
2024-07-15,TSLA,100.7,110.19,102.96,106.34,80235242
2024-07-16,TSLA,108.86,111.0,107.39,109.45,139470813
2024-07-17,TSLA,106.81,108.48,102.28,105.08,144774947
2024-07-18,TSLA,104.96,101.57,99.59,100.69,91583838
2024-07-19,TSLA,102.49,104.24,99.67,102.69,164590258
2024-07-22,TSLA,101.7,103.96,99.88,101.9,115109166
2024-07-23,TSLA,101.63,103.36,99.93,101.75,76860220
2024-07-24,TSLA,102.16,109.72,103.94,106.27,89382347
2024-07-25,TSLA,106.51,112.1,104.95,109.57,140470693
2024-07-26,TSLA,111.68,119.09,112.18,115.65,131906006
2024-07-29,TSLA,116.29,109.81,103.81,106.81,72803065
2024-07-30,TSLA,108.55,110.42,105.47,107.88,95908344
2024-07-31,TSLA,107.4,113.06,108.83,110.94,106295938
2024-08-01,TSLA,109.93,104.99,103.11,104.17,85874661
2024-08-02,TSLA,103.88,102.83,99.6,101.37,202858786
2024-08-05,TSLA,99.93,101.04,94.15,97.9,107261449
2024-08-06,TSLA,98.48,102.84,94.83,97.94,98162721
2024-08-07,TSLA,97.48,108.65,101.8,104.65,142940076
2024-08-08,TSLA,103.78,116.59,110.99,113.63,89622474
2024-08-09,TSLA,114.33,111.56,107.88,109.86,135287002
2024-08-12,TSLA,108.32,113.07,110.64,112.2,60633677
2024-08-13,TSLA,113.27,118.78,111.29,114.75,87275865
2024-08-14,TSLA,114.08,118.47,114.11,116.53,136987723
2024-08-15,TSLA,118.19,119.64,117.44,118.4,160168999
2024-08-16,TSLA,117.83,124.93,116.53,119.83,79295507
2024-08-19,TSLA,120.76,135.09,122.87,128.35,76571404
2024-08-20,TSLA,128.63,136.57,129.67,134.21,118558216
2024-08-21,TSLA,135.44,130.66,126.21,128.46,82951824
2024-08-22,TSLA,128.63,136.3,127.69,132.65,92258720
2024-08-23,TSLA,129.94,139.12,135.58,137.53,130072461
2024-08-26,TSLA,139.23,141.64,135.85,139.25,84939524
2024-08-27,TSLA,139.1,149.19,142.3,145.79,55453368
2024-08-28,TSLA,147.2,150.68,139.11,146.85,67683664
2024-08-29,TSLA,148.1,154.78,142.5,148.0,100299114
2024-08-30,TSLA,146.59,154.55,143.64,148.67,57176515
2024-09-02,TSLA,147.0,139.32,134.83,136.82,91471007
2024-09-03,TSLA,137.92,140.16,133.39,136.31,65860655
2024-09-04,TSLA,135.8,134.35,130.68,132.57,163555419
2024-09-05,TSLA,134.09,129.38,119.66,126.23,191466520
2024-09-06,TSLA,125.95,135.32,132.32,133.8,72799643
2024-09-09,TSLA,135.48,138.76,134.53,136.53,108007189
2024-09-10,TSLA,137.24,142.25,133.19,136.3,74967078
2024-09-11,TSLA,136.79,136.04,129.13,133.13,91138060
2024-09-12,TSLA,132.52,138.87,131.07,134.69,171779380
2024-09-13,TSLA,135.08,141.98,137.8,140.21,86935252
2024-09-16,TSLA,142.27,139.42,130.06,135.48,91776745
2024-09-17,TSLA,135.39,137.53,134.36,135.4,75370157
2024-09-18,TSLA,136.28,141.44,138.44,140.24,141037667
2024-09-19,TSLA,140.32,132.32,126.07,129.49,37569410
2024-09-20,TSLA,129.69,131.2,127.22,129.13,87560588
2024-09-23,TSLA,131.86,129.35,123.9,126.82,98632848
2024-09-24,TSLA,128.69,127.33,124.44,126.07,82010475
2024-09-25,TSLA,126.2,125.25,121.79,123.46,129571627
2024-09-26,TSLA,123.78,126.98,120.62,124.1,143420140
2024-09-27,TSLA,123.03,136.6,131.3,134.21,65467794
2024-09-30,TSLA,133.92,136.11,129.1,132.38,187394530
2024-10-01,TSLA,132.89,137.2,130.99,133.91,65247813
2024-10-02,TSLA,135.31,146.32,143.36,145.25,147195169
2024-10-03,TSLA,146.58,145.89,138.65,141.95,104597379
2024-10-04,TSLA,140.02,154.67,150.51,152.83,85975283
2024-10-07,TSLA,154.67,155.86,149.39,152.8,88443161
2024-10-08,TSLA,152.63,166.94,162.53,164.29,98999653
2024-10-09,TSLA,162.3,176.51,164.64,169.34,106452145
2024-10-10,TSLA,172.12,177.8,165.94,171.41,75877779
2024-10-11,TSLA,174.49,175.01,166.31,170.87,93222415
2024-10-14,TSLA,171.43,174.25,158.02,166.49,79357926
2024-10-15,TSLA,167.94,170.81,163.29,166.93,69453351
2024-10-16,TSLA,168.51,178.14,166.68,173.1,78255309
2024-10-17,TSLA,176.07,177.65,168.41,172.93,70822574
2024-10-18,TSLA,174.48,177.4,162.47,170.63,88157387
2024-10-21,TSLA,167.85,176.77,163.94,168.81,113853514
2024-10-22,TSLA,172.98,182.67,170.06,175.74,103687678
2024-10-23,TSLA,178.04,186.76,181.34,184.7,180814857
2024-10-24,TSLA,183.54,188.33,172.21,179.64,51523307
2024-10-25,TSLA,177.37,178.94,168.06,174.71,115119702
2024-10-28,TSLA,175.8,184.64,174.01,177.37,100192792
2024-10-29,TSLA,176.76,193.16,186.24,188.73,127723949
2024-10-30,TSLA,189.5,207.73,189.83,197.71,123978696
2024-10-31,TSLA,199.52,191.58,184.04,187.75,95170751
2024-11-01,TSLA,186.44,189.29,181.04,185.65,105316022
2024-11-04,TSLA,183.1,183.82,175.75,178.63,79993823
2024-11-05,TSLA,179.48,179.84,174.6,176.61,120214083
2024-11-06,TSLA,175.45,195.83,181.97,188.51,56912065
2024-11-07,TSLA,188.85,179.65,175.11,177.77,126244198
2024-11-08,TSLA,174.84,170.2,163.01,166.29,99307207
2024-11-11,TSLA,165.78,165.71,156.97,160.68,86405521
2024-11-12,TSLA,162.09,165.86,159.75,162.51,93261765
2024-11-13,TSLA,163.71,172.27,163.06,166.62,95336364
2024-11-14,TSLA,165.0,172.79,166.91,169.55,147578658
2024-11-15,TSLA,167.12,185.66,173.33,177.83,263807134
2024-11-18,TSLA,177.87,172.82,158.07,165.38,144189936
2024-11-19,TSLA,166.52,175.65,170.38,173.55,84400426
2024-11-20,TSLA,174.41,176.57,163.84,171.27,120796188
2024-11-21,TSLA,170.19,180.34,170.22,176.4,122384647
2024-11-22,TSLA,177.04,170.51,163.39,167.02,75763903
2024-11-25,TSLA,170.1,170.22,163.65,166.98,68506620
2024-11-26,TSLA,167.4,172.23,164.85,168.53,98119478
2024-11-27,TSLA,165.15,180.69,170.71,176.62,127419203
2024-11-28,TSLA,177.06,168.47,163.59,165.44,61659524
2024-11-29,TSLA,169.6,167.93,162.36,165.58,80551829
2024-12-02,TSLA,162.96,163.07,153.43,158.31,118743499
2024-12-03,TSLA,158.37,162.95,159.85,161.55,101259575
2024-12-04,TSLA,161.1,172.01,161.15,166.7,152941007
2024-12-05,TSLA,166.9,178.59,172.5,175.64,65480995
2024-12-06,TSLA,176.06,177.18,165.36,171.76,202516155
2024-12-09,TSLA,174.17,181.92,171.69,178.33,63040189
2024-12-10,TSLA,178.52,194.29,185.56,188.47,54403096
2024-12-11,TSLA,191.42,179.49,173.86,176.13,98248143
2024-12-12,TSLA,175.87,185.4,176.65,180.52,71153001
2024-12-13,TSLA,179.74,195.29,179.29,187.66,98844062
2024-12-16,TSLA,186.12,191.58,180.48,185.6,97812474
2024-12-17,TSLA,181.46,182.28,173.68,176.55,94295919
2024-12-18,TSLA,177.14,188.93,175.1,183.41,77668275
2024-12-19,TSLA,188.04,178.95,171.32,174.55,113859704
2024-12-20,TSLA,175.53,176.37,169.61,173.2,90919004
2024-12-23,TSLA,174.66,176.83,168.93,172.84,139249828
2024-12-24,TSLA,171.96,180.33,174.31,177.9,94732630
2024-12-25,TSLA,177.37,176.69,167.02,173.32,74871698
2024-12-26,TSLA,175.41,176.97,159.94,168.45,60271359
2024-12-27,TSLA,172.61,177.39,164.24,169.06,94967749
2024-12-30,TSLA,172.15,181.56,168.91,176.1,68334093
2024-12-31,TSLA,177.84,199.82,187.41,193.3,66698444
